Calibre,Projectile Type,Projectile Dimension,dia,Projectile Mass,Total Mass with Sabot,Petal Burst Pressure,Powder Mass,Actual Velocity,Expected Velocity,Shape,s_type,Breadth,Height,Material,c_drag,Surface Area,Volume,SA/Vol,Density,Moment of Inertia,cd,Sabot Length,Plate Material,Plate Thickness,Impact Angle,Kinetic Energy,Perforated
29 mm,C,8.27,8.27,19.86,23.48,68.17,3.7,1082.31,1123.66,spherical,type2,9.5,13.16,steel,0.515,353.063,269.728,1.309,7800,0.457,0.163,95.18,Aluminum,14.6,21.7,11631.95,0
40 mm,A,14.94,14.94,23.03,24.77,22.46,5.93,813.09,811.89,ogive,type3,6.32,5.61,aluminum,0.515,830.858,292.643,2.839,2700,0.1615,0.546,63.5,Titanium,11.24,7.1,7612.74,0
40 mm,B,16.5,16.5,16.97,19.44,72.76,6.51,1032.28,1045.86,spherical,type2,6.4,11.36,tungsten,0.289,139.204,2433.399,0.057,19300,0.1168,0.173,20.13,Titanium,20.81,31.3,9041.63,0
29 mm,B,7.5,7.5,15.57,16.66,78.11,4.38,1587.38,1674.99,cylindrical,type2,6.13,3.22,steel,0.789,232.225,2089.828,0.111,7800,0.1541,0.512,95.59,Steel,7.55,20.1,19616.45,1
29 mm,C,5.66,5.66,22.8,23.83,64.53,3.98,1242.83,1234.95,ogive,type2,7.79,14.1,aluminum,0.473,871.102,2421.772,0.36,2700,0.4534,0.436,30.62,Aluminum,15.59,38.6,17608.74,1
40 mm,A,11.59,11.59,14.09,17.21,27.19,5.04,888.73,841.52,ogive,type1,12.56,7.84,aluminum,0.607,994.682,2308.254,0.431,2700,0.1642,0.171,86.72,Aluminum,29.46,29.3,5564.43,0
29 mm,B,16.61,16.61,21.23,22.58,68.44,5.1,1043.9,1072.86,spherical,type1,8.1,8.39,steel,0.8,146.731,1266.731,0.116,7800,0.1273,0.441,46.34,Steel,29.72,7.7,11567.45,0
40 mm,A,14.76,14.76,6.08,8.72,58.85,3.98,1748.94,1692.31,cylindrical,type3,14.92,9.41,tungsten,0.741,250.873,2812.452,0.089,19300,0.1742,0.064,65.44,Steel,17.95,18.5,9298.73,0
29 mm,C,15.53,15.53,5.03,8.12,40.33,6.3,1175.15,1164.62,spherical,type1,6.89,6.72,tungsten,0.339,750.621,2658.248,0.282,19300,0.266,0.18,86.86,Titanium,11.19,30.5,3473.16,0
29 mm,B,11.04,11.04,15.57,16.67,73.04,3.8,1185.76,1155.81,spherical,type1,11.09,11.43,steel,0.633,576.553,1175.385,0.491,7800,0.2986,0.207,24.01,Titanium,19.59,38.6,10945.92,0
40 mm,B,8.52,8.52,6.47,8.82,53.93,4.17,868.38,833.29,cylindrical,type2,9.14,2.19,steel,0.547,465.369,2364.235,0.197,7800,0.1944,0.539,74.4,Titanium,17.21,15.8,2439.46,0
40 mm,B,12.98,12.98,24.53,27.58,71.18,5.24,1035.01,1022.51,ogive,type3,11.91,4.11,tungsten,0.382,275.021,2495.043,0.11,19300,0.4223,0.553,31.89,Steel,6.06,30.1,13138.83,1
40 mm,A,8.07,8.07,5.11,8.78,60.21,7.91,1596.15,1641.14,ogive,type2,13.55,4.45,tungsten,0.229,950.892,1567.7,0.607,19300,0.4839,0.199,77.31,Aluminum,29.73,7.8,6509.36,0
40 mm,C,15.89,15.89,19.36,21.26,37.31,2.82,1564.82,1620.1,cylindrical,type2,8.65,10.26,steel,0.641,255.042,537.173,0.475,7800,0.2163,0.311,32.86,Steel,13.18,40.7,23703.04,1
40 mm,B,7.95,7.95,9.87,13.79,78.5,2.62,1179.05,1225.36,spherical,type2,8.43,13.58,aluminum,0.746,338.725,1135.359,0.298,2700,0.4724,0.59,21.76,Steel,14.98,25.9,6860.43,0
40 mm,A,9.37,9.37,24.35,27.88,54.26,2.24,1683.02,1699.84,spherical,type1,14.26,2.83,tungsten,0.859,391.868,2968.672,0.132,19300,0.4272,0.416,32.44,Titanium,17.84,34.6,34486.37,1
40 mm,B,12.6,12.6,12.63,15.58,51.01,5.83,1118.28,1105.39,spherical,type1,14.14,13.08,steel,0.448,224.725,2204.619,0.102,7800,0.4544,0.088,70.06,Steel,27.01,17.9,7897.22,0
29 mm,C,12.3,12.3,5.55,7.73,44.21,4.14,1650.76,1532.87,spherical,type1,14.96,12.65,tungsten,0.479,582.61,2369.19,0.246,19300,0.1239,0.265,98.86,Titanium,24.98,42.3,7561.9,0
40 mm,C,14.01,14.01,5.54,8.67,28.18,3.72,734.72,753.1,spherical,type3,4.03,3.0,tungsten,0.314,407.193,2753.388,0.148,19300,0.4336,0.282,97.61,Steel,10.14,32.4,1495.28,0
29 mm,B,11.56,11.56,16.07,19.52,61.17,2.43,1081.95,967.98,ogive,type3,2.05,3.86,steel,0.889,647.063,767.736,0.843,7800,0.3344,0.219,79.66,Aluminum,22.91,6.9,9405.9,0
40 mm,A,18.79,18.79,24.73,26.64,45.85,7.24,1640.58,1544.41,spherical,type1,7.69,6.55,tungsten,0.795,431.072,2911.531,0.148,19300,0.1153,0.336,85.97,Aluminum,26.86,24.8,33280.43,1
29 mm,B,17.6,17.6,24.6,28.58,76.08,4.1,1691.44,1683.36,spherical,type1,11.53,3.49,tungsten,0.87,204.781,1650.798,0.124,19300,0.4015,0.455,89.92,Titanium,22.86,12.2,35189.92,1
29 mm,B,18.19,18.19,11.75,15.48,77.91,5.25,1532.07,1545.3,cylindrical,type1,2.95,11.86,aluminum,0.547,885.338,2285.1,0.387,2700,0.1967,0.43,62.27,Titanium,8.48,37.5,13790.03,1
40 mm,B,14.44,14.44,14.65,17.11,66.06,1.79,1436.85,1414.3,spherical,type3,6.86,8.55,tungsten,0.347,558.687,1090.989,0.512,19300,0.4188,0.243,38.29,Aluminum,18.47,35.2,15122.74,0
40 mm,A,14.53,14.53,7.01,10.18,34.55,1.76,1597.06,1673.84,cylindrical,type2,9.56,7.34,tungsten,0.601,389.665,1122.339,0.347,19300,0.3504,0.455,72.89,Titanium,25.96,22.3,8939.86,0
40 mm,B,14.14,14.14,15.44,18.01,62.96,1.47,1478.31,1501.42,spherical,type3,4.76,11.42,aluminum,0.46,114.728,1206.879,0.095,2700,0.2969,0.344,31.33,Steel,9.89,13.6,16871.29,1
29 mm,B,11.52,11.52,16.99,20.27,21.23,3.57,979.64,967.17,spherical,type2,11.5,5.81,steel,0.444,638.062,1174.565,0.543,7800,0.1094,0.473,86.59,Titanium,18.46,38.4,8152.61,0
40 mm,C,9.83,9.83,10.02,13.5,69.58,4.31,1212.86,1282.18,cylindrical,type3,4.98,13.33,tungsten,0.258,804.254,375.009,2.145,19300,0.4559,0.113,52.97,Aluminum,21.74,38.3,7369.86,0
40 mm,B,13.88,13.88,17.24,18.31,49.62,2.71,1426.78,1505.04,ogive,type2,12.93,10.5,steel,0.251,685.055,1066.808,0.642,7800,0.159,0.273,41.32,Titanium,20.88,22.7,17547.74,0
29 mm,B,5.38,5.38,22.99,24.23,76.2,3.45,1346.58,1372.21,cylindrical,type1,6.53,6.5,steel,0.465,808.947,2012.666,0.402,7800,0.4319,0.267,87.48,Titanium,7.67,32.3,20843.63,1
29 mm,B,5.11,5.11,5.02,7.03,42.67,1.04,1673.61,1634.85,cylindrical,type3,9.78,9.02,tungsten,0.848,239.487,2725.524,0.088,19300,0.3753,0.243,28.9,Aluminum,11.94,12.8,7030.44,0
29 mm,A,17.77,17.77,9.58,13.33,35.79,3.46,1221.23,1193.72,cylindrical,type3,9.07,5.37,steel,0.706,974.533,316.663,3.078,7800,0.1278,0.434,97.99,Titanium,18.8,15.7,7143.82,0
29 mm,A,5.7,5.7,9.2,11.39,79.7,1.83,895.79,823.45,spherical,type3,5.85,14.8,steel,0.732,290.2,246.559,1.177,7800,0.3169,0.356,96.03,Titanium,10.22,42.5,3691.22,0
40 mm,C,12.87,12.87,7.48,11.14,51.84,1.9,936.04,933.92,spherical,type3,7.71,7.66,tungsten,0.364,340.102,1858.718,0.183,19300,0.4847,0.262,68.7,Aluminum,13.34,33.1,3276.88,0
40 mm,C,14.22,14.22,8.32,10.71,71.79,1.03,1630.66,1578.16,cylindrical,type1,13.0,13.66,aluminum,0.714,561.097,2159.088,0.26,2700,0.4691,0.345,76.97,Steel,15.38,3.2,11061.66,0
29 mm,C,7.97,7.97,17.52,19.39,74.66,5.87,709.59,693.14,spherical,type1,9.13,14.71,steel,0.484,104.676,1903.068,0.055,7800,0.1585,0.437,22.97,Aluminum,5.34,20.6,4410.82,0
40 mm,B,18.44,18.44,7.05,10.75,51.11,7.52,1656.04,1669.07,ogive,type2,2.72,8.97,aluminum,0.242,498.204,2924.521,0.17,2700,0.1693,0.421,54.97,Steel,17.76,17.8,9667.2,0
40 mm,A,7.85,7.85,19.77,22.45,47.34,5.35,761.15,661.96,cylindrical,type1,11.27,11.49,tungsten,0.476,276.153,840.831,0.328,19300,0.1615,0.468,90.77,Titanium,29.87,10.4,5726.87,0
29 mm,C,18.27,18.27,22.74,24.82,53.17,1.67,1130.82,1067.63,spherical,type2,4.37,9.44,tungsten,0.292,774.116,1547.485,0.5,19300,0.4025,0.518,20.92,Aluminum,15.21,44.8,14539.43,1
40 mm,B,16.44,16.44,23.53,24.66,70.86,7.93,1580.19,1554.85,cylindrical,type1,8.32,3.19,aluminum,0.798,781.978,2764.526,0.283,2700,0.1643,0.457,43.25,Titanium,11.86,6.1,29377.21,1
29 mm,A,8.61,8.61,18.2,19.53,77.88,7.83,1148.38,1145.75,spherical,type2,8.09,14.38,aluminum,0.788,654.161,1928.992,0.339,2700,0.1258,0.149,48.31,Aluminum,11.32,14.1,12000.87,1
40 mm,C,7.26,7.26,8.95,10.37,39.7,4.28,1604.58,1579.89,cylindrical,type2,8.32,7.94,tungsten,0.401,479.517,1815.942,0.264,19300,0.2561,0.516,74.01,Steel,17.88,38.2,11521.68,0
40 mm,C,9.74,9.74,6.71,8.8,64.32,1.76,810.33,796.8,ogive,type2,2.4,13.62,aluminum,0.628,379.211,2811.957,0.135,2700,0.4868,0.233,76.39,Titanium,16.4,6.0,2203.01,0
29 mm,C,10.97,10.97,9.64,12.46,37.12,6.05,1262.7,1227.39,spherical,type3,5.54,10.52,tungsten,0.455,844.716,1148.928,0.735,19300,0.2233,0.416,25.22,Aluminum,26.55,16.9,7685.06,0
29 mm,A,8.69,8.69,24.24,26.16,56.66,7.73,1340.72,1268.25,cylindrical,type2,2.66,3.37,steel,0.308,556.384,640.092,0.869,7800,0.3897,0.595,37.4,Titanium,20.98,28.5,21786.07,1
40 mm,C,19.98,19.98,24.25,25.45,68.29,6.45,1679.96,1653.22,spherical,type2,7.39,7.42,tungsten,0.655,546.82,561.846,0.973,19300,0.1576,0.212,86.04,Steel,14.97,15.2,34219.97,1
29 mm,B,8.44,8.44,12.64,14.43,73.19,5.37,802.98,792.32,cylindrical,type1,10.08,4.55,steel,0.732,202.09,2501.242,0.081,7800,0.3485,0.199,35.35,Aluminum,14.64,18.4,4074.99,0
40 mm,B,17.46,17.46,11.52,13.75,46.92,5.28,1072.46,1056.94,spherical,type2,10.5,4.21,aluminum,0.742,296.545,2599.455,0.114,2700,0.3325,0.15,42.92,Aluminum,18.68,24.8,6624.98,0
40 mm,C,7.39,7.39,15.2,19.18,42.19,7.85,1425.28,1430.87,cylindrical,type1,2.84,11.3,aluminum,0.304,424.44,854.859,0.497,2700,0.4617,0.591,32.98,Titanium,11.33,42.9,15438.82,1
40 mm,B,19.7,19.7,10.83,13.01,35.21,1.51,1777.92,1798.86,cylindrical,type1,3.55,2.39,aluminum,0.559,728.968,1479.8,0.493,2700,0.3866,0.285,80.35,Titanium,15.57,39.2,17116.81,1
40 mm,A,8.38,8.38,24.59,25.86,28.01,2.05,1633.1,1667.19,spherical,type2,10.6,14.56,tungsten,0.217,860.744,1837.585,0.468,19300,0.1483,0.481,22.17,Titanium,12.13,5.0,32790.96,1
29 mm,A,11.33,11.33,9.42,12.16,41.9,6.82,1631.14,1599.46,cylindrical,type1,8.91,7.85,aluminum,0.263,993.574,589.295,1.686,2700,0.2619,0.077,44.15,Steel,17.89,25.6,12531.51,0
29 mm,B,13.38,13.38,12.38,16.14,72.32,2.02,1268.9,1190.11,ogive,type2,12.83,8.37,steel,0.257,484.689,2576.67,0.188,7800,0.1002,0.149,62.59,Aluminum,18.67,29.4,9966.56,0
29 mm,C,6.8,6.8,13.59,16.95,45.13,3.68,1320.73,1384.31,ogive,type1,4.67,5.89,steel,0.24,507.884,1372.859,0.37,7800,0.1964,0.085,20.48,Aluminum,26.17,14.7,11852.71,0
29 mm,C,17.25,17.25,7.5,11.01,39.04,2.97,1644.44,1663.71,spherical,type3,3.56,3.11,aluminum,0.434,789.454,2617.727,0.302,2700,0.4885,0.499,96.32,Steel,11.28,11.9,10140.69,0
29 mm,B,9.12,9.12,12.66,16.44,64.35,2.7,1656.59,1608.86,cylindrical,type3,6.71,9.65,steel,0.45,389.104,2328.215,0.167,7800,0.2823,0.109,89.54,Steel,27.62,26.9,17371.36,0
40 mm,C,13.24,13.24,22.13,25.04,32.94,1.18,1582.5,1596.39,ogive,type1,10.28,6.48,steel,0.689,586.466,1025.872,0.572,7800,0.447,0.558,71.79,Titanium,18.38,18.7,27710.15,1
29 mm,C,13.24,13.24,7.81,11.79,35.38,4.96,1600.43,1653.83,cylindrical,type2,8.32,10.11,steel,0.431,709.316,2206.408,0.321,7800,0.1095,0.415,55.13,Steel,23.17,40.7,10002.17,0
40 mm,B,14.04,14.04,16.68,17.78,76.15,3.81,1667.59,1754.05,spherical,type2,3.28,9.23,steel,0.298,312.625,2273.974,0.137,7800,0.452,0.55,32.42,Aluminum,20.29,7.4,23192.34,1
40 mm,B,5.83,5.83,13.13,16.63,24.9,4.86,825.16,837.69,cylindrical,type2,2.93,4.82,aluminum,0.863,351.631,1071.537,0.328,2700,0.4558,0.275,64.29,Titanium,25.73,1.8,4470.04,0
40 mm,C,7.53,7.53,8.41,11.98,44.88,3.13,1021.9,1074.88,spherical,type2,10.81,8.0,steel,0.813,420.572,910.46,0.462,7800,0.3614,0.339,39.14,Titanium,21.58,40.5,4391.2,0
40 mm,B,7.42,7.42,5.25,9.0,54.61,7.59,1773.72,1713.24,spherical,type3,5.86,6.0,steel,0.287,619.916,2505.598,0.247,7800,0.1465,0.065,71.04,Aluminum,5.28,40.3,8258.47,1
29 mm,A,9.53,9.53,10.47,12.9,33.82,5.14,1299.25,1297.45,cylindrical,type2,10.7,5.12,tungsten,0.454,343.374,2098.213,0.164,19300,0.4504,0.306,31.65,Titanium,14.76,18.8,8836.94,0
40 mm,C,7.17,7.17,6.24,9.6,36.86,7.73,894.11,877.36,cylindrical,type1,5.83,12.01,steel,0.318,287.351,2270.805,0.127,7800,0.4599,0.375,77.37,Titanium,28.46,33.9,2494.23,0
29 mm,B,18.83,18.83,12.54,14.13,33.31,3.45,1253.36,1270.49,ogive,type2,6.09,2.15,aluminum,0.871,234.557,1076.555,0.218,2700,0.1804,0.105,45.83,Steel,16.29,38.1,9849.61,0
29 mm,B,12.69,12.69,21.2,24.01,40.71,1.02,1410.36,1490.92,cylindrical,type1,4.73,5.5,steel,0.449,828.379,2222.143,0.373,7800,0.4761,0.59,60.16,Titanium,25.71,11.5,21084.62,0
40 mm,C,14.35,14.35,19.39,21.47,73.91,6.47,1611.04,1623.53,ogive,type2,14.79,8.9,tungsten,0.269,897.374,2200.058,0.408,19300,0.4524,0.052,32.95,Titanium,26.72,29.4,25162.89,1
29 mm,C,10.36,10.36,23.95,26.74,45.9,6.79,1593.39,1546.51,cylindrical,type1,2.21,8.19,steel,0.709,914.25,1133.17,0.807,7800,0.182,0.197,40.5,Titanium,13.31,33.2,30403.23,1
29 mm,A,9.14,9.14,13.54,16.57,45.07,1.41,754.17,691.0,ogive,type1,3.65,14.22,aluminum,0.698,839.47,957.288,0.877,2700,0.2575,0.389,56.02,Aluminum,26.44,16.1,3850.59,0
29 mm,B,12.55,12.55,19.16,21.2,43.19,5.38,1198.88,1281.17,spherical,type3,12.87,12.97,tungsten,0.369,223.56,1407.906,0.159,19300,0.2347,0.324,56.65,Steel,14.44,42.6,13769.46,1
40 mm,A,9.41,9.41,18.31,19.96,77.85,5.63,722.63,748.32,spherical,type1,3.8,11.77,tungsten,0.425,187.977,2269.458,0.083,19300,0.2993,0.182,99.98,Steel,5.63,43.5,4780.69,0
29 mm,B,10.15,10.15,9.34,11.31,27.04,2.02,1676.97,1699.37,ogive,type3,5.65,8.68,steel,0.491,549.248,742.045,0.74,7800,0.4556,0.593,46.83,Aluminum,22.36,21.9,13133.11,0
29 mm,B,11.79,11.79,11.07,14.06,72.31,4.87,891.3,874.11,ogive,type3,5.42,7.58,steel,0.387,569.284,2647.935,0.215,7800,0.4497,0.154,26.75,Steel,25.51,3.4,4397.09,0
29 mm,B,12.59,12.59,15.6,18.63,39.63,2.7,1387.36,1400.75,ogive,type2,11.06,2.48,tungsten,0.402,759.541,914.773,0.83,19300,0.1703,0.363,61.94,Aluminum,16.29,41.4,15013.19,1
40 mm,C,19.76,19.76,20.93,24.15,77.39,1.12,1327.68,1278.33,spherical,type3,7.35,12.68,aluminum,0.761,300.593,2550.974,0.118,2700,0.3205,0.114,45.75,Aluminum,9.34,23.5,18447.01,1
29 mm,B,8.35,8.35,14.24,15.62,38.91,7.07,1388.08,1407.44,spherical,type1,12.93,7.6,aluminum,0.726,937.855,636.267,1.474,2700,0.3136,0.081,90.22,Titanium,20.38,6.2,13718.57,0
29 mm,B,12.32,12.32,9.55,13.01,24.97,4.44,1319.76,1261.02,ogive,type1,11.72,6.17,steel,0.685,378.937,2270.434,0.167,7800,0.2802,0.318,36.82,Aluminum,23.46,32.9,8316.93,0
29 mm,B,7.24,7.24,24.87,27.93,51.2,6.47,1487.15,1469.19,cylindrical,type1,8.9,9.89,steel,0.681,620.028,1771.906,0.35,7800,0.3859,0.493,88.45,Aluminum,21.37,30.9,27501.43,1
40 mm,A,10.25,10.25,7.31,8.4,33.67,6.06,1388.72,1356.58,spherical,type2,5.24,11.8,tungsten,0.565,877.792,2052.085,0.428,19300,0.3584,0.342,73.09,Aluminum,13.89,6.3,7048.83,0
40 mm,A,15.76,15.76,24.12,26.13,65.18,7.96,799.33,636.46,ogive,type2,12.3,8.8,aluminum,0.446,571.103,2927.582,0.195,2700,0.21,0.211,35.04,Steel,14.21,12.4,7705.48,0
40 mm,C,7.62,7.62,21.18,23.58,59.44,4.07,1103.44,1086.1,ogive,type3,13.26,3.94,aluminum,0.704,778.202,347.162,2.242,2700,0.2393,0.059,52.42,Titanium,18.73,38.9,12894.17,0
29 mm,A,13.72,13.72,21.78,23.86,61.19,3.99,1301.25,1256.31,spherical,type2,12.87,13.98,steel,0.281,774.124,617.556,1.254,7800,0.4553,0.567,59.39,Aluminum,9.83,43.6,18439.51,1
29 mm,A,11.25,11.25,20.9,22.25,31.61,2.97,1057.72,1047.2,ogive,type1,2.67,3.47,steel,0.299,811.019,421.437,1.924,7800,0.2303,0.167,61.74,Steel,26.15,18.2,11691.16,0
40 mm,C,5.77,5.77,9.16,10.78,62.52,5.38,1536.36,1536.45,ogive,type3,11.07,14.6,aluminum,0.288,829.943,1654.983,0.501,2700,0.2776,0.366,51.77,Titanium,7.56,6.1,10810.64,1
40 mm,A,19.0,19.0,17.65,18.72,38.68,4.4,1049.69,1138.09,cylindrical,type3,11.15,7.75,aluminum,0.713,453.217,2447.86,0.185,2700,0.4892,0.059,66.77,Steel,17.16,15.8,9723.82,0
40 mm,B,11.2,11.2,20.13,21.41,79.92,6.1,1611.55,1626.79,cylindrical,type3,14.26,14.31,tungsten,0.614,427.201,353.509,1.208,19300,0.4429,0.103,77.34,Steel,26.49,22.8,26139.75,1
29 mm,C,16.76,16.76,19.91,21.71,63.91,3.5,861.41,878.12,spherical,type2,5.43,13.89,aluminum,0.515,823.148,2382.339,0.346,2700,0.3796,0.144,60.49,Steel,18.24,13.5,7386.88,0
29 mm,B,11.24,11.24,10.43,13.89,55.42,1.92,1546.33,1571.11,ogive,type2,12.22,7.28,aluminum,0.533,621.739,1412.556,0.44,2700,0.2216,0.112,68.19,Aluminum,24.02,27.5,12469.78,0
40 mm,A,19.06,19.06,8.62,11.2,72.03,7.04,901.81,945.4,ogive,type2,10.96,12.4,aluminum,0.779,646.942,2836.0,0.228,2700,0.3515,0.342,88.77,Titanium,10.99,0.4,3505.16,0
40 mm,A,9.36,9.36,11.56,13.83,55.36,6.8,1280.82,1303.53,ogive,type3,13.42,3.17,steel,0.285,470.726,1271.549,0.37,7800,0.3568,0.268,59.82,Titanium,16.14,36.7,9482.09,0
29 mm,C,11.18,11.18,14.6,17.59,53.16,3.46,1052.58,1066.67,ogive,type1,11.01,3.08,steel,0.468,281.453,2956.874,0.095,7800,0.2646,0.491,53.3,Steel,22.83,38.0,8087.85,0
40 mm,A,16.38,16.38,16.48,19.1,34.24,5.83,1401.07,1436.63,spherical,type3,13.08,6.63,tungsten,0.732,511.238,1758.26,0.291,19300,0.1144,0.114,39.82,Steel,27.21,35.3,16175.1,0
40 mm,C,10.16,10.16,21.74,23.13,60.69,4.45,934.01,812.68,cylindrical,type1,6.67,9.93,steel,0.66,972.682,2971.981,0.327,7800,0.2466,0.287,30.51,Titanium,21.08,13.7,9482.71,0
29 mm,A,10.47,10.47,20.38,22.05,42.48,6.33,1574.95,1679.4,cylindrical,type2,4.05,2.12,tungsten,0.505,361.78,1969.281,0.184,19300,0.3033,0.286,43.38,Aluminum,11.07,28.5,25275.96,1
40 mm,A,19.92,19.92,18.52,20.19,22.58,3.73,1330.94,1410.43,ogive,type1,6.72,8.7,steel,0.357,344.807,1169.74,0.295,7800,0.4801,0.177,52.49,Aluminum,8.66,16.4,16403.18,1
29 mm,C,13.33,13.33,10.27,13.07,68.96,4.75,1753.0,1763.86,cylindrical,type2,12.6,14.68,tungsten,0.863,217.706,2449.544,0.089,19300,0.391,0.103,81.14,Titanium,26.04,17.5,15779.9,0
29 mm,C,15.34,15.34,14.58,16.96,23.11,1.4,1482.95,1412.3,cylindrical,type3,3.71,13.16,steel,0.486,533.062,1563.488,0.341,7800,0.1432,0.056,37.39,Steel,18.85,31.9,16031.74,0
40 mm,C,14.65,14.65,11.71,13.87,60.34,2.22,1368.14,1428.66,spherical,type3,10.29,5.02,steel,0.814,359.677,1064.662,0.338,7800,0.2206,0.06,76.17,Steel,9.6,38.0,10959.43,1
40 mm,C,17.42,17.42,9.7,12.37,29.4,6.47,1612.07,1577.38,ogive,type3,14.84,8.86,tungsten,0.744,718.411,1539.339,0.467,19300,0.3087,0.269,26.32,Aluminum,17.14,37.4,12604.03,0
29 mm,A,17.93,17.93,5.2,9.11,45.95,3.67,941.65,968.34,cylindrical,type1,13.64,4.23,aluminum,0.803,221.612,2641.355,0.084,2700,0.2804,0.08,32.67,Steel,8.16,10.4,2305.43,0
40 mm,C,13.45,13.45,11.79,13.73,71.55,1.25,1396.02,1331.87,spherical,type1,10.73,5.42,steel,0.212,322.581,2250.461,0.143,7800,0.102,0.267,46.11,Steel,7.63,29.6,11488.6,1
29 mm,C,9.42,9.42,10.12,12.68,25.67,2.17,1129.44,1240.76,ogive,type3,12.3,14.0,aluminum,0.534,155.666,686.553,0.227,2700,0.474,0.291,57.59,Aluminum,28.0,12.0,6454.71,0
40 mm,A,5.34,5.34,16.44,18.88,60.03,3.88,1518.17,1446.06,spherical,type2,3.51,14.97,tungsten,0.382,137.324,2548.074,0.054,19300,0.4616,0.295,34.47,Steel,18.62,28.3,18945.79,1
29 mm,A,14.22,14.22,6.25,9.4,56.76,6.03,726.92,730.37,spherical,type1,8.48,5.15,aluminum,0.392,832.729,1407.972,0.591,2700,0.4695,0.155,28.96,Aluminum,11.22,16.5,1651.29,0
40 mm,C,17.38,17.38,10.41,13.6,72.05,3.54,1170.48,1064.37,spherical,type3,8.91,4.76,tungsten,0.389,915.29,432.032,2.119,19300,0.2714,0.324,65.27,Aluminum,27.03,35.5,7130.97,0
40 mm,A,11.76,11.76,5.9,9.09,30.36,6.22,1416.87,1414.81,cylindrical,type2,12.18,6.99,steel,0.473,787.5,612.082,1.287,7800,0.4334,0.266,52.96,Titanium,29.97,42.2,5922.19,0
40 mm,C,7.47,7.47,17.83,19.43,67.99,7.01,1206.7,1185.44,spherical,type1,5.67,7.8,steel,0.487,878.647,385.258,2.281,7800,0.3834,0.594,53.27,Titanium,27.11,13.0,12981.35,0
40 mm,A,9.32,9.32,16.36,18.71,47.01,3.39,961.77,1018.63,ogive,type3,3.38,3.16,steel,0.644,177.937,2094.446,0.085,7800,0.3047,0.075,44.64,Aluminum,23.69,39.1,7566.51,0
29 mm,A,12.65,12.65,11.75,15.18,45.72,6.6,1210.78,1189.51,cylindrical,type2,11.08,3.92,steel,0.41,908.321,921.181,0.986,7800,0.1309,0.08,49.7,Steel,29.05,33.3,8612.68,0
40 mm,A,17.55,17.55,7.95,10.09,41.71,1.89,1634.72,1691.65,spherical,type2,8.4,7.52,aluminum,0.391,519.436,469.777,1.106,2700,0.1671,0.503,34.73,Aluminum,9.93,25.5,10622.43,1
29 mm,A,7.58,7.58,24.16,28.11,43.13,3.91,927.52,876.31,spherical,type3,12.95,5.06,tungsten,0.452,791.779,1223.875,0.647,19300,0.1953,0.196,41.65,Aluminum,26.94,23.6,10392.34,0
40 mm,C,14.18,14.18,16.69,18.78,51.2,1.68,1103.89,1089.79,cylindrical,type2,8.26,12.98,aluminum,0.681,654.182,2627.505,0.249,2700,0.4584,0.151,63.38,Aluminum,13.97,14.4,10168.99,0
40 mm,C,16.3,16.3,18.58,21.07,26.41,1.37,1789.37,1776.27,spherical,type2,13.0,11.77,tungsten,0.2,414.883,1960.439,0.212,19300,0.3661,0.531,61.78,Aluminum,5.81,9.1,29745.14,1
29 mm,C,19.04,19.04,15.63,18.05,45.5,1.45,1704.1,1728.88,ogive,type2,8.6,8.97,tungsten,0.723,338.319,1561.437,0.217,19300,0.4932,0.343,92.47,Steel,5.81,3.8,22694.42,1
40 mm,C,6.75,6.75,21.13,23.43,59.12,1.73,737.37,755.79,spherical,type1,12.18,7.62,tungsten,0.437,206.317,2252.945,0.092,19300,0.3266,0.389,86.6,Steel,9.7,32.1,5744.34,0
40 mm,A,18.9,18.9,22.93,26.47,49.89,6.85,1283.37,1319.48,cylindrical,type1,11.37,12.8,aluminum,0.603,471.386,412.506,1.143,2700,0.1339,0.054,20.57,Aluminum,24.49,10.0,18883.3,0
29 mm,C,14.02,14.02,12.65,14.12,29.95,4.81,771.95,785.29,spherical,type3,5.46,4.16,tungsten,0.733,544.692,2671.761,0.204,19300,0.2911,0.193,38.38,Steel,27.42,22.3,3769.11,0
29 mm,B,16.5,16.5,18.8,21.5,41.78,7.63,1716.3,1749.37,spherical,type1,6.02,13.54,steel,0.558,984.804,697.661,1.412,7800,0.1447,0.193,91.02,Steel,8.2,40.0,27689.45,1
29 mm,B,5.81,5.81,9.6,12.46,46.58,4.77,1185.7,1140.81,spherical,type2,13.69,2.64,steel,0.653,133.561,259.869,0.514,7800,0.4605,0.468,45.18,Aluminum,26.13,30.2,6748.25,0
29 mm,C,12.59,12.59,18.04,21.59,60.13,5.4,1160.28,1179.72,spherical,type1,5.0,14.0,aluminum,0.844,631.134,1214.609,0.52,2700,0.2114,0.262,58.22,Titanium,23.89,7.6,12143.17,0
29 mm,C,14.34,14.34,12.98,15.81,74.05,2.29,1000.24,1080.65,ogive,type1,11.07,3.8,steel,0.221,572.495,363.653,1.574,7800,0.1789,0.368,74.0,Steel,6.31,33.1,6493.12,1
40 mm,C,9.6,9.6,5.14,9.02,53.02,4.78,1325.7,1241.7,ogive,type2,3.89,12.56,aluminum,0.445,120.607,667.821,0.181,2700,0.3047,0.563,63.47,Steel,23.28,9.7,4516.72,0
40 mm,B,11.47,11.47,24.11,27.73,60.58,3.7,859.5,883.95,ogive,type3,11.82,2.23,aluminum,0.849,396.768,2269.196,0.175,2700,0.4228,0.592,20.39,Aluminum,5.96,35.1,8905.51,1
29 mm,B,13.31,13.31,22.37,24.42,24.63,7.52,1578.85,1612.69,spherical,type2,4.9,12.6,aluminum,0.786,480.635,1333.253,0.36,2700,0.3041,0.12,36.53,Steel,11.56,3.5,27881.6,1
40 mm,C,13.29,13.29,10.82,14.4,77.27,7.54,1240.33,1313.39,ogive,type1,9.72,9.59,aluminum,0.632,544.843,219.317,2.484,2700,0.1153,0.356,28.04,Titanium,18.27,6.4,8322.84,0
40 mm,A,5.63,5.63,24.96,28.84,38.91,2.39,1323.11,1359.41,cylindrical,type1,9.34,2.25,tungsten,0.361,310.11,2002.52,0.155,19300,0.3972,0.435,33.41,Titanium,27.73,42.0,21847.74,0
29 mm,A,11.59,11.59,11.34,13.11,41.26,5.34,1624.89,1629.91,spherical,type1,4.65,12.06,steel,0.431,130.69,2179.911,0.06,7800,0.1136,0.48,31.79,Steel,7.63,12.6,14970.32,1
40 mm,B,8.21,8.21,14.18,17.01,33.37,5.47,903.66,925.16,spherical,type3,8.39,3.32,steel,0.801,364.459,2725.498,0.134,7800,0.3418,0.556,69.82,Steel,13.71,6.8,5789.7,0
40 mm,A,18.75,18.75,22.03,23.88,25.08,4.94,892.7,855.95,cylindrical,type1,13.43,9.02,tungsten,0.689,852.726,632.887,1.347,19300,0.3468,0.451,52.53,Aluminum,19.42,9.7,8778.0,0
40 mm,A,19.65,19.65,11.09,14.04,67.4,1.87,1162.88,1143.48,cylindrical,type2,10.85,6.32,tungsten,0.4,827.072,2600.064,0.318,19300,0.1834,0.429,25.32,Aluminum,23.51,16.2,7498.45,0
40 mm,C,9.49,9.49,14.01,15.29,34.43,5.58,1564.74,1497.95,spherical,type1,14.9,11.87,tungsten,0.293,262.676,2184.382,0.12,19300,0.2786,0.08,26.58,Titanium,27.88,37.7,17151.12,0
40 mm,C,7.63,7.63,18.31,21.51,36.96,6.59,764.4,838.75,ogive,type2,12.2,13.09,aluminum,0.747,681.67,1778.144,0.383,2700,0.1025,0.35,96.03,Titanium,16.72,6.9,5349.33,0
29 mm,B,8.29,8.29,7.61,9.87,30.91,3.42,1574.69,1597.2,ogive,type3,10.36,8.04,steel,0.603,931.283,932.956,0.998,7800,0.2135,0.379,32.38,Aluminum,26.02,0.7,9435.06,0
40 mm,B,12.17,12.17,13.45,16.21,78.49,4.6,1250.83,1205.02,cylindrical,type2,9.32,11.85,tungsten,0.874,254.897,1481.96,0.172,19300,0.3477,0.433,40.31,Titanium,20.43,38.9,10521.77,0
40 mm,B,18.12,18.12,11.19,12.27,66.86,1.81,1317.94,1331.51,ogive,type2,14.19,13.92,aluminum,0.485,215.809,755.158,0.286,2700,0.2137,0.371,65.94,Steel,10.1,13.5,9718.32,1
29 mm,C,12.5,12.5,18.54,21.63,75.79,7.51,1320.82,1378.79,ogive,type1,8.85,10.96,aluminum,0.444,119.932,2209.544,0.054,2700,0.1191,0.275,34.97,Steel,19.49,3.5,16172.12,0
40 mm,B,5.83,5.83,7.72,10.21,71.7,1.77,761.78,811.42,ogive,type1,7.23,6.19,aluminum,0.404,255.17,2170.051,0.118,2700,0.3697,0.318,35.8,Titanium,12.85,1.2,2239.99,0
29 mm,A,5.6,5.6,9.65,12.53,74.38,2.46,974.75,928.37,spherical,type3,12.85,8.02,aluminum,0.537,832.557,736.284,1.131,2700,0.397,0.582,25.81,Steel,22.59,40.5,4584.41,0
29 mm,B,8.41,8.41,19.23,21.18,48.74,3.09,1530.83,1374.14,ogive,type1,14.22,4.99,aluminum,0.426,832.591,907.327,0.918,2700,0.4452,0.231,98.47,Steel,12.11,23.5,22532.18,1
29 mm,B,17.64,17.64,8.12,9.56,30.23,6.78,1153.49,1173.26,cylindrical,type2,8.23,7.96,tungsten,0.251,586.407,2723.113,0.215,19300,0.4502,0.481,68.48,Aluminum,11.57,27.5,5401.99,0
40 mm,C,14.32,14.32,13.44,15.75,39.61,5.9,1316.57,1272.23,ogive,type1,3.78,5.2,aluminum,0.418,400.208,1520.718,0.263,2700,0.2985,0.384,62.38,Aluminum,28.63,27.7,11648.16,0
29 mm,C,13.44,13.44,19.26,23.09,37.55,1.05,1739.36,1770.48,ogive,type1,9.91,12.49,steel,0.353,826.102,1743.128,0.474,7800,0.2629,0.294,91.09,Aluminum,27.72,23.5,29134.34,1
29 mm,C,9.78,9.78,20.31,21.99,63.03,2.28,750.9,798.41,spherical,type2,11.63,9.93,steel,0.771,275.514,2884.151,0.096,7800,0.3343,0.278,67.55,Steel,16.29,34.6,5725.9,0
29 mm,B,18.94,18.94,6.9,9.93,21.54,6.25,1194.65,1250.33,cylindrical,type3,6.86,10.23,steel,0.365,225.869,779.667,0.29,7800,0.4171,0.345,41.05,Steel,24.14,40.8,4923.8,0
40 mm,B,9.97,9.97,22.04,23.19,28.52,3.83,1097.4,1184.64,spherical,type1,11.72,3.43,steel,0.521,180.289,1955.965,0.092,7800,0.2901,0.49,57.78,Titanium,29.55,28.8,13271.24,0
40 mm,B,17.52,17.52,19.48,22.63,60.97,1.18,817.09,878.91,spherical,type3,8.9,2.02,steel,0.671,866.193,2367.242,0.366,7800,0.4981,0.117,58.21,Steel,7.22,38.0,6502.78,1
29 mm,A,18.44,18.44,11.79,13.51,27.41,7.75,1745.87,1833.35,cylindrical,type2,5.92,12.26,aluminum,0.304,743.359,1094.431,0.679,2700,0.355,0.551,51.85,Steel,20.15,0.4,17968.33,0
29 mm,C,12.25,12.25,20.28,22.63,22.9,2.06,1757.61,1826.56,ogive,type3,10.18,9.05,tungsten,0.572,662.128,1064.687,0.622,19300,0.2232,0.476,80.29,Titanium,11.34,21.6,31324.42,1
40 mm,C,18.41,18.41,19.57,21.67,26.55,4.57,1042.64,1115.95,ogive,type1,7.06,14.11,tungsten,0.793,754.721,2711.094,0.278,19300,0.4175,0.242,28.77,Aluminum,25.0,27.2,10637.26,0
29 mm,C,9.15,9.15,17.02,18.36,61.44,2.74,1741.39,1739.35,cylindrical,type3,12.23,8.98,tungsten,0.609,229.131,478.337,0.479,19300,0.1603,0.056,32.74,Aluminum,7.54,9.1,25806.06,1
40 mm,A,14.88,14.88,16.17,18.21,28.36,6.16,738.69,674.22,spherical,type1,2.04,4.79,aluminum,0.538,446.31,640.596,0.697,2700,0.4743,0.108,49.78,Titanium,24.72,7.2,4411.68,0
29 mm,A,6.32,6.32,19.69,21.74,28.78,6.44,1778.99,1903.1,cylindrical,type3,12.64,11.08,steel,0.787,832.704,1350.675,0.617,7800,0.2361,0.129,25.69,Titanium,10.02,6.1,31157.51,1
40 mm,C,12.11,12.11,24.99,27.56,33.82,3.78,1619.53,1622.68,ogive,type2,5.99,11.11,steel,0.863,925.089,2435.495,0.38,7800,0.374,0.107,98.99,Titanium,16.4,12.8,32772.85,1
29 mm,B,8.26,8.26,16.57,20.49,65.05,5.61,935.76,997.2,ogive,type2,14.48,2.85,steel,0.775,561.786,1473.976,0.381,7800,0.3501,0.107,59.66,Steel,25.35,37.1,7254.73,0
29 mm,C,5.94,5.94,21.17,23.58,32.02,7.36,1359.5,1331.99,spherical,type1,11.87,11.02,steel,0.486,209.855,957.585,0.219,7800,0.1383,0.578,24.01,Steel,6.69,1.2,19563.62,1
40 mm,B,5.06,5.06,19.89,23.63,22.12,6.7,1578.13,1626.33,spherical,type2,5.13,4.76,steel,0.628,980.666,1376.826,0.712,7800,0.3886,0.412,68.63,Aluminum,28.2,27.1,24767.97,0
29 mm,B,9.87,9.87,22.12,24.5,74.35,3.9,1051.23,928.98,ogive,type1,14.72,5.31,tungsten,0.569,455.526,1447.289,0.315,19300,0.2247,0.501,82.49,Titanium,10.43,3.1,12222.23,1
40 mm,B,13.84,13.84,24.09,25.41,72.58,4.09,1089.13,1068.61,spherical,type2,8.49,2.41,tungsten,0.412,387.095,2235.671,0.173,19300,0.2525,0.36,52.62,Aluminum,17.52,26.7,14287.83,0
40 mm,C,11.83,11.83,8.86,10.55,31.09,7.21,1391.87,1386.95,spherical,type3,8.8,10.16,aluminum,0.505,207.992,2632.5,0.079,2700,0.1386,0.391,58.44,Titanium,23.36,11.3,8582.25,0
40 mm,B,9.53,9.53,8.31,10.53,35.92,1.24,861.8,884.93,spherical,type1,13.82,11.51,steel,0.78,111.367,1099.503,0.101,7800,0.424,0.535,76.05,Steel,8.09,7.1,3085.92,0
40 mm,C,19.87,19.87,16.73,18.71,31.31,1.16,830.03,883.63,cylindrical,type1,13.94,5.0,tungsten,0.41,643.306,2183.911,0.295,19300,0.4441,0.194,38.71,Aluminum,20.22,21.0,5763.07,0
40 mm,A,19.09,19.09,13.99,17.59,63.17,2.44,974.79,920.08,cylindrical,type1,11.06,12.3,steel,0.823,651.188,2163.888,0.301,7800,0.1537,0.432,67.81,Aluminum,17.89,10.4,6646.76,0
29 mm,B,6.88,6.88,16.41,19.45,35.0,6.79,1515.39,1548.39,cylindrical,type1,14.72,11.91,steel,0.894,310.817,2347.453,0.132,7800,0.425,0.545,70.48,Aluminum,19.65,17.0,18842.02,1
29 mm,C,11.23,11.23,20.96,23.69,75.89,2.07,1103.26,1164.59,spherical,type1,6.28,7.33,tungsten,0.415,245.788,1810.73,0.136,19300,0.4592,0.565,84.37,Steel,21.56,28.5,12756.07,0
29 mm,C,14.73,14.73,23.63,26.1,69.66,3.0,1258.09,1375.39,ogive,type1,5.02,2.89,tungsten,0.286,575.208,241.156,2.385,19300,0.1389,0.294,91.29,Aluminum,15.52,42.1,18700.67,1
40 mm,C,16.0,16.0,13.35,15.54,55.3,5.4,915.0,950.33,ogive,type2,2.38,5.64,aluminum,0.87,491.866,2036.429,0.242,2700,0.499,0.521,95.27,Titanium,12.47,27.8,5588.48,0
29 mm,A,10.5,10.5,19.36,22.2,20.54,2.29,913.52,890.54,cylindrical,type1,6.5,4.15,tungsten,0.32,373.289,1914.433,0.195,19300,0.1018,0.327,30.11,Aluminum,9.6,22.8,8078.14,0
29 mm,C,16.19,16.19,8.94,10.31,73.02,3.12,1415.5,1351.91,spherical,type3,9.83,14.46,tungsten,0.74,296.41,1912.254,0.155,19300,0.437,0.192,85.3,Titanium,28.48,25.1,8956.27,0
29 mm,C,6.86,6.86,15.69,17.18,63.67,4.27,819.21,910.67,cylindrical,type3,5.97,12.63,steel,0.227,873.375,987.636,0.884,7800,0.3233,0.188,74.03,Titanium,15.03,21.2,5264.82,0
29 mm,C,9.98,9.98,5.44,7.35,67.27,2.6,1434.62,1471.49,ogive,type3,9.54,3.02,steel,0.365,985.445,474.079,2.079,7800,0.4829,0.298,49.66,Steel,12.06,25.3,5598.13,0
29 mm,A,15.75,15.75,15.08,16.59,24.31,7.95,1140.77,1139.67,cylindrical,type2,2.63,8.67,aluminum,0.382,420.024,730.187,0.575,2700,0.2352,0.192,93.82,Steel,6.31,25.7,9812.23,1
29 mm,C,14.39,14.39,15.91,18.94,62.51,2.14,1438.4,1357.41,spherical,type1,6.6,5.47,aluminum,0.408,728.318,805.374,0.904,2700,0.2443,0.066,88.81,Aluminum,23.78,22.1,16458.85,0
40 mm,C,17.56,17.56,19.71,20.78,68.28,6.95,1119.9,1073.34,cylindrical,type3,11.72,2.42,tungsten,0.844,878.992,686.107,1.281,19300,0.4362,0.108,81.95,Aluminum,18.19,35.5,12359.9,0
40 mm,C,5.7,5.7,17.99,19.47,77.4,4.29,1630.66,1662.23,cylindrical,type1,3.36,6.19,steel,0.323,124.243,884.703,0.14,7800,0.3843,0.517,24.6,Titanium,9.77,17.6,23918.17,1
40 mm,A,7.62,7.62,12.17,15.88,54.83,1.9,761.11,778.8,cylindrical,type2,11.29,3.66,tungsten,0.322,917.258,392.337,2.338,19300,0.3402,0.535,34.16,Steel,27.33,4.9,3524.97,0
29 mm,C,5.73,5.73,5.11,9.1,50.48,1.83,1682.63,1585.31,cylindrical,type2,11.92,4.9,steel,0.684,549.234,954.112,0.576,7800,0.3578,0.53,93.47,Aluminum,28.34,28.9,7233.83,0
40 mm,A,7.88,7.88,7.31,9.77,45.52,4.5,995.53,1027.16,spherical,type3,9.39,6.25,tungsten,0.867,601.074,2994.079,0.201,19300,0.3731,0.355,98.58,Steel,27.02,35.8,3622.4,0
29 mm,B,5.06,5.06,24.46,26.95,62.08,3.47,746.8,668.38,ogive,type2,13.52,7.32,tungsten,0.472,585.886,1631.867,0.359,19300,0.1191,0.564,42.18,Aluminum,19.02,35.1,6820.8,0
40 mm,B,12.56,12.56,23.45,26.77,75.25,2.64,1318.64,1386.34,cylindrical,type3,14.41,8.09,aluminum,0.741,318.634,1164.384,0.274,2700,0.1471,0.325,42.19,Aluminum,14.33,11.3,20387.56,1
40 mm,B,12.92,12.92,11.5,12.61,55.99,7.71,946.79,957.22,cylindrical,type3,2.45,8.76,tungsten,0.222,804.017,2217.364,0.363,19300,0.1725,0.304,68.82,Titanium,9.05,29.1,5154.36,0
40 mm,C,14.87,14.87,10.18,12.46,33.64,4.24,1205.12,1181.95,cylindrical,type2,10.83,6.81,steel,0.777,759.105,1514.489,0.501,7800,0.1707,0.311,26.09,Titanium,14.43,44.9,7392.28,0
29 mm,A,10.77,10.77,13.73,15.03,21.05,7.5,1582.55,1632.06,cylindrical,type3,5.08,8.48,tungsten,0.706,186.213,282.594,0.659,19300,0.4372,0.19,67.63,Steel,20.3,4.7,17193.15,0
29 mm,B,5.05,5.05,18.8,21.0,57.15,2.15,1570.7,1588.37,spherical,type1,7.31,7.43,aluminum,0.828,606.512,1732.691,0.35,2700,0.2578,0.387,97.5,Titanium,10.66,23.5,23190.73,1
40 mm,B,15.11,15.11,12.14,16.09,71.88,2.28,1360.42,1426.67,ogive,type3,10.1,14.54,aluminum,0.646,961.324,1051.386,0.914,2700,0.2958,0.297,43.76,Titanium,16.6,13.7,11234.01,0
29 mm,B,5.81,5.81,6.35,9.61,23.96,5.17,1775.66,1779.68,spherical,type1,11.26,2.88,steel,0.859,884.042,1799.315,0.491,7800,0.1358,0.586,79.42,Steel,19.33,35.6,10010.67,0
29 mm,A,17.99,17.99,13.06,17.02,43.85,2.89,1210.13,1217.07,cylindrical,type3,12.92,9.62,aluminum,0.473,663.314,685.01,0.968,2700,0.4482,0.145,61.99,Steel,23.29,14.6,9562.63,0
29 mm,A,5.34,5.34,10.21,13.45,76.4,2.29,743.33,729.07,spherical,type2,11.17,4.52,steel,0.713,278.824,1551.14,0.18,7800,0.1041,0.092,42.98,Titanium,7.28,33.0,2820.71,0
29 mm,A,12.96,12.96,11.5,14.32,50.1,1.66,1601.37,1614.52,spherical,type3,12.11,6.88,tungsten,0.708,412.501,742.193,0.556,19300,0.1333,0.243,53.0,Titanium,26.67,7.2,14745.22,0
29 mm,B,18.42,18.42,8.26,11.52,33.24,1.53,943.42,1028.32,spherical,type1,9.79,9.1,tungsten,0.388,235.322,1036.683,0.227,19300,0.4248,0.169,64.09,Steel,16.4,3.0,3675.87,0
29 mm,B,13.59,13.59,18.18,21.16,41.22,6.27,893.86,868.72,ogive,type2,3.52,11.88,tungsten,0.844,839.738,2124.061,0.395,19300,0.1522,0.596,80.93,Aluminum,19.55,4.7,7262.78,0
40 mm,B,14.13,14.13,15.53,17.92,44.49,2.98,777.01,809.41,cylindrical,type3,2.28,14.71,tungsten,0.745,800.804,837.428,0.956,19300,0.4173,0.357,63.26,Titanium,28.51,11.7,4688.08,0
40 mm,B,15.22,15.22,10.42,12.3,27.04,7.85,1060.69,1016.67,cylindrical,type1,8.89,8.42,tungsten,0.806,919.322,1367.985,0.672,19300,0.2402,0.248,94.01,Steel,9.2,38.2,5861.58,0
40 mm,A,6.84,6.84,16.08,18.64,59.65,2.28,1058.77,955.43,ogive,type1,11.3,5.34,tungsten,0.454,157.056,404.788,0.388,19300,0.4104,0.404,29.36,Aluminum,27.11,6.8,9012.79,0
29 mm,A,15.12,15.12,14.85,16.63,55.53,3.48,1033.05,1043.42,spherical,type1,3.42,12.29,steel,0.789,968.242,2124.054,0.456,7800,0.1201,0.299,96.62,Titanium,25.11,1.5,7923.9,0
40 mm,B,18.21,18.21,20.92,23.38,58.86,3.62,1352.51,1371.03,cylindrical,type1,7.58,4.88,tungsten,0.42,969.785,1709.041,0.567,19300,0.2365,0.165,64.05,Steel,29.85,38.4,19134.3,0
29 mm,C,19.61,19.61,24.12,25.56,56.65,4.5,1526.7,1521.2,cylindrical,type2,5.33,8.6,steel,0.875,706.969,2478.613,0.285,7800,0.2925,0.267,51.35,Aluminum,14.83,16.9,28109.6,1
29 mm,A,11.65,11.65,7.61,10.31,21.0,7.09,1731.54,1656.74,cylindrical,type2,9.37,13.01,steel,0.217,893.573,1698.211,0.526,7800,0.3503,0.207,26.08,Aluminum,8.17,26.5,11408.27,1
29 mm,C,10.17,10.17,22.68,24.42,30.47,6.84,803.46,818.68,spherical,type1,7.08,7.25,aluminum,0.633,494.594,2983.799,0.166,2700,0.4345,0.401,43.7,Steel,5.35,3.8,7320.51,1
29 mm,B,16.3,16.3,19.1,20.98,29.93,1.07,865.42,878.74,ogive,type1,4.62,9.24,steel,0.279,382.064,875.169,0.437,7800,0.1978,0.499,55.03,Aluminum,24.81,40.8,7152.49,0
40 mm,A,13.14,13.14,18.85,21.35,25.88,3.86,1348.83,1304.39,spherical,type1,2.06,3.55,aluminum,0.703,238.932,2277.898,0.105,2700,0.3636,0.194,94.97,Titanium,8.41,22.7,17147.3,1
29 mm,B,8.86,8.86,12.49,13.98,64.13,6.8,807.95,740.28,ogive,type3,6.18,2.73,steel,0.455,128.422,1410.515,0.091,7800,0.1607,0.392,80.51,Steel,12.65,4.0,4076.63,0
40 mm,A,7.58,7.58,11.88,15.77,27.21,1.0,1107.84,1095.22,ogive,type3,8.71,14.82,tungsten,0.809,137.798,1252.701,0.11,19300,0.4181,0.44,24.72,Aluminum,29.68,28.5,7290.22,0
29 mm,A,7.55,7.55,5.11,7.45,60.09,4.74,1387.01,1419.66,cylindrical,type1,14.08,4.33,steel,0.811,722.41,2248.282,0.321,7800,0.4733,0.254,46.23,Aluminum,16.05,16.5,4915.3,0
40 mm,B,11.89,11.89,24.64,26.7,30.7,2.82,1558.6,1579.43,spherical,type1,4.96,6.36,steel,0.458,402.917,2875.56,0.14,7800,0.1189,0.318,59.31,Steel,10.78,15.9,29928.16,1
29 mm,B,7.55,7.55,17.13,18.22,27.1,3.89,939.36,895.32,spherical,type1,8.66,8.56,steel,0.767,148.656,2315.615,0.064,7800,0.1319,0.247,88.01,Steel,23.83,18.4,7557.73,0
29 mm,C,5.3,5.3,13.05,16.58,29.75,3.94,1434.78,1441.63,ogive,type3,9.36,6.87,steel,0.677,200.982,1124.344,0.179,7800,0.415,0.255,82.11,Aluminum,11.79,22.9,13432.32,1
40 mm,A,5.78,5.78,15.88,18.76,50.5,3.74,1410.46,1454.82,ogive,type3,10.44,3.27,steel,0.499,698.755,1627.697,0.429,7800,0.4521,0.295,37.29,Aluminum,18.28,27.9,15795.82,0
40 mm,C,18.95,18.95,5.81,8.06,58.73,7.24,1645.58,1586.95,ogive,type3,6.27,4.56,tungsten,0.44,944.812,807.992,1.169,19300,0.3593,0.212,24.04,Titanium,8.93,6.6,7866.55,0
29 mm,A,6.09,6.09,8.47,10.21,68.72,4.76,1045.12,1048.28,spherical,type1,3.29,8.41,tungsten,0.347,467.18,1936.669,0.241,19300,0.2845,0.319,30.59,Titanium,16.52,33.9,4625.79,0
40 mm,A,6.1,6.1,17.47,20.71,27.71,7.33,1525.1,1592.08,cylindrical,type2,13.98,7.7,aluminum,0.244,799.892,1327.244,0.603,2700,0.4076,0.464,60.26,Steel,7.72,1.2,20317.0,1
29 mm,C,11.77,11.77,15.29,19.13,56.97,6.09,1527.2,1463.45,spherical,type1,14.39,12.38,aluminum,0.562,976.224,838.773,1.164,2700,0.2199,0.267,27.19,Titanium,24.33,31.5,17830.74,0
40 mm,C,8.68,8.68,20.74,22.88,66.43,3.46,963.11,1020.89,ogive,type3,7.7,6.05,tungsten,0.578,737.469,259.06,2.847,19300,0.4967,0.57,39.98,Titanium,14.13,8.2,9619.01,0
40 mm,B,19.44,19.44,18.17,19.57,38.74,4.45,1383.27,1464.23,cylindrical,type2,9.55,14.22,aluminum,0.511,750.706,2790.908,0.269,2700,0.4392,0.17,85.71,Aluminum,12.97,20.1,17383.57,1
29 mm,A,18.66,18.66,17.03,18.36,24.78,3.73,1442.68,1431.57,ogive,type1,2.38,5.68,aluminum,0.865,654.311,420.698,1.555,2700,0.4549,0.297,52.16,Aluminum,29.84,25.3,17722.49,0
40 mm,A,11.07,11.07,21.31,22.33,29.36,6.8,1001.87,984.72,ogive,type3,2.61,6.31,tungsten,0.21,979.909,1122.066,0.873,19300,0.442,0.381,99.69,Steel,25.74,29.1,10694.89,0
29 mm,B,11.73,11.73,6.37,9.6,25.49,2.31,1196.98,1248.63,ogive,type2,3.0,14.34,aluminum,0.795,369.825,733.27,0.504,2700,0.4732,0.349,80.48,Steel,18.85,35.6,4563.34,0
29 mm,B,10.63,10.63,18.82,22.76,73.23,7.55,1179.36,1170.05,cylindrical,type2,11.6,12.93,steel,0.761,804.69,1583.556,0.508,7800,0.1258,0.571,41.19,Steel,28.61,23.2,13088.27,0
29 mm,C,5.57,5.57,19.31,23.29,42.6,5.06,1550.86,1433.2,cylindrical,type1,4.95,6.12,aluminum,0.731,473.57,745.846,0.635,2700,0.4635,0.228,20.61,Titanium,10.28,39.6,23221.88,1
29 mm,A,9.39,9.39,10.5,13.85,51.4,5.28,700.76,695.82,cylindrical,type1,4.4,7.14,steel,0.567,239.878,2261.391,0.106,7800,0.1994,0.258,62.18,Aluminum,19.34,43.0,2578.09,0
40 mm,A,6.84,6.84,8.91,10.4,66.12,4.62,1251.13,1274.65,spherical,type3,2.11,12.95,steel,0.333,765.435,829.495,0.923,7800,0.2437,0.378,76.47,Aluminum,28.23,43.9,6973.53,0
29 mm,C,6.54,6.54,9.28,13.21,42.29,4.88,902.77,939.77,spherical,type1,2.3,3.12,tungsten,0.804,846.462,719.279,1.177,19300,0.2482,0.378,57.57,Aluminum,19.24,14.4,3781.57,0
29 mm,A,13.41,13.41,8.96,10.94,58.95,5.67,1411.53,1367.5,cylindrical,type1,7.27,5.83,tungsten,0.721,877.239,807.279,1.087,19300,0.193,0.483,92.52,Titanium,12.7,1.4,8926.03,0
40 mm,A,6.48,6.48,15.48,17.48,24.6,5.59,1448.41,1434.92,ogive,type3,9.04,8.91,steel,0.783,929.691,1033.177,0.9,7800,0.2754,0.487,81.44,Titanium,25.29,32.2,16237.68,0
29 mm,B,6.54,6.54,7.71,10.77,48.85,2.5,1251.24,1300.09,cylindrical,type1,9.53,12.78,aluminum,0.365,770.42,1997.128,0.386,2700,0.3022,0.056,61.62,Aluminum,8.47,11.3,6035.39,0
40 mm,B,12.21,12.21,18.19,19.34,25.79,5.08,1296.23,1293.23,ogive,type2,7.95,9.34,aluminum,0.588,574.857,786.959,0.73,2700,0.1595,0.47,21.51,Aluminum,8.8,34.5,15281.53,1
29 mm,B,11.63,11.63,7.1,10.58,34.9,3.48,1046.56,970.12,spherical,type3,7.97,8.37,aluminum,0.491,944.826,2151.181,0.439,2700,0.2438,0.445,47.06,Steel,23.28,0.2,3888.27,0
40 mm,C,7.06,7.06,5.54,9.53,37.6,5.46,1044.65,1106.53,cylindrical,type2,11.79,14.51,steel,0.648,288.609,1404.478,0.205,7800,0.2393,0.372,59.55,Aluminum,6.73,35.0,3022.88,0
40 mm,C,5.07,5.07,11.39,14.72,63.06,4.83,1519.63,1508.92,cylindrical,type2,5.76,3.51,steel,0.727,169.579,751.624,0.226,7800,0.3699,0.224,40.02,Steel,6.27,3.2,13151.32,1
40 mm,A,7.89,7.89,8.84,12.19,60.45,2.26,844.9,899.46,cylindrical,type1,5.09,12.14,steel,0.322,488.463,872.125,0.56,7800,0.3323,0.549,87.01,Titanium,14.48,39.6,3155.24,0
29 mm,C,8.54,8.54,24.77,26.94,64.82,6.14,1548.65,1478.88,spherical,type2,13.11,3.65,aluminum,0.322,623.997,1676.535,0.372,2700,0.3864,0.456,53.96,Aluminum,14.95,29.3,29703.15,1
29 mm,B,17.0,17.0,11.06,12.26,23.71,4.2,1420.51,1414.46,spherical,type2,10.96,11.53,tungsten,0.231,711.99,1260.161,0.565,19300,0.4136,0.192,36.3,Steel,16.74,7.3,11158.7,0
40 mm,A,18.73,18.73,9.44,12.82,79.63,4.86,1672.92,1698.41,ogive,type2,8.2,9.06,tungsten,0.31,833.88,1638.425,0.509,19300,0.3668,0.218,82.33,Aluminum,23.52,22.9,13209.68,0
29 mm,C,11.09,11.09,8.94,11.73,23.27,5.71,986.16,981.8,cylindrical,type1,5.58,5.44,aluminum,0.368,124.081,2475.223,0.05,2700,0.1965,0.441,68.66,Aluminum,19.22,22.7,4347.13,0
40 mm,A,11.08,11.08,12.48,16.21,69.54,5.57,1256.8,1197.65,spherical,type1,3.78,9.06,steel,0.251,821.842,328.328,2.503,7800,0.3008,0.555,35.77,Titanium,22.84,39.6,9856.37,0
29 mm,B,15.69,15.69,17.12,18.47,64.42,6.24,742.89,623.55,spherical,type3,2.49,13.43,steel,0.449,640.116,1302.11,0.492,7800,0.2866,0.32,62.62,Steel,6.25,24.0,4724.14,0
40 mm,C,14.4,14.4,20.64,22.56,55.51,2.45,1703.76,1779.92,spherical,type3,13.08,8.14,aluminum,0.673,957.653,1363.24,0.702,2700,0.1296,0.534,75.56,Titanium,12.89,24.8,29956.88,1
40 mm,A,7.76,7.76,12.29,14.37,46.33,1.77,1442.93,1455.33,ogive,type3,9.71,2.09,aluminum,0.755,413.108,902.568,0.458,2700,0.4578,0.26,55.87,Steel,29.16,14.4,12794.18,0
29 mm,A,6.62,6.62,17.52,20.57,65.43,5.68,1385.16,1443.5,spherical,type1,2.6,2.74,tungsten,0.442,655.281,1437.262,0.456,19300,0.1366,0.267,44.19,Titanium,15.69,32.8,16807.53,1
29 mm,B,11.56,11.56,14.64,18.0,64.39,2.65,1505.96,1552.39,ogive,type3,4.06,10.22,steel,0.259,789.894,1786.573,0.442,7800,0.4906,0.427,75.17,Aluminum,10.56,2.3,16601.14,1
40 mm,C,13.47,13.47,21.93,25.81,28.23,1.8,1012.76,1042.6,spherical,type1,5.63,10.81,steel,0.732,564.756,1837.883,0.307,7800,0.1127,0.078,74.98,Aluminum,29.8,43.6,11246.61,0
29 mm,A,7.08,7.08,16.38,18.27,67.56,1.92,1364.25,1348.18,cylindrical,type2,5.42,7.22,aluminum,0.474,240.317,2075.533,0.116,2700,0.3919,0.126,21.35,Titanium,15.28,27.3,15243.05,1
40 mm,B,9.4,9.4,10.8,13.28,24.71,3.19,1581.01,1605.5,spherical,type1,9.13,5.16,aluminum,0.376,144.82,414.953,0.349,2700,0.215,0.451,38.73,Steel,16.97,38.1,13497.8,0
29 mm,B,9.59,9.59,19.07,20.16,50.03,7.94,799.32,870.95,ogive,type3,7.19,11.31,steel,0.529,200.261,1488.021,0.135,7800,0.4619,0.183,71.71,Titanium,10.59,35.1,6092.03,0
40 mm,A,8.92,8.92,21.4,23.16,58.7,2.1,1754.7,1758.85,spherical,type1,13.47,5.95,aluminum,0.879,545.414,2321.315,0.235,2700,0.4296,0.146,37.93,Titanium,21.41,9.8,32945.0,1
40 mm,C,11.91,11.91,14.31,16.43,69.3,3.09,1681.08,1776.17,cylindrical,type3,11.35,2.96,steel,0.461,675.648,1474.127,0.458,7800,0.11,0.099,97.01,Steel,10.18,13.0,20220.24,1
29 mm,C,14.8,14.8,24.74,27.52,47.79,7.45,1759.32,1684.35,spherical,type1,13.84,7.32,aluminum,0.872,613.469,2038.161,0.301,2700,0.1088,0.174,33.02,Steel,20.25,12.5,38287.71,1
40 mm,B,12.64,12.64,22.58,24.99,34.21,7.74,1589.18,1508.83,spherical,type3,13.22,9.01,steel,0.377,741.625,1853.257,0.4,7800,0.3413,0.188,79.86,Titanium,23.94,10.1,28512.82,1
29 mm,A,8.02,8.02,8.94,11.03,49.44,2.6,1023.74,1073.14,spherical,type2,13.98,14.55,steel,0.274,135.095,1501.213,0.09,7800,0.1598,0.238,99.87,Steel,21.31,0.7,4684.75,0
40 mm,A,6.54,6.54,20.74,23.61,35.01,7.16,1339.71,1298.77,ogive,type1,14.74,9.7,steel,0.31,222.707,421.0,0.529,7800,0.1057,0.566,47.73,Aluminum,7.26,37.2,18612.31,1
29 mm,B,17.33,17.33,17.02,20.51,51.72,1.97,832.18,934.35,cylindrical,type1,6.05,4.71,aluminum,0.742,785.026,1973.03,0.398,2700,0.4871,0.405,68.25,Steel,6.99,24.2,5893.38,0
29 mm,B,12.19,12.19,15.7,17.43,47.75,6.33,1529.58,1596.45,cylindrical,type3,4.73,12.82,steel,0.576,803.064,1696.636,0.473,7800,0.3531,0.431,28.46,Titanium,26.06,26.6,18365.98,0
29 mm,B,5.93,5.93,15.28,17.31,66.83,1.09,869.0,948.38,cylindrical,type1,4.15,5.79,tungsten,0.607,732.064,215.917,3.39,19300,0.1043,0.123,69.75,Titanium,27.61,22.1,5769.43,0
29 mm,A,8.87,8.87,22.07,25.18,34.41,3.85,1653.51,1697.73,ogive,type1,10.17,14.47,tungsten,0.877,770.887,779.199,0.989,19300,0.2962,0.156,99.0,Titanium,8.39,5.6,30170.74,1
29 mm,B,17.06,17.06,17.22,20.55,32.0,2.73,964.61,918.53,cylindrical,type2,10.85,6.23,steel,0.553,967.096,371.919,2.6,7800,0.163,0.544,97.83,Titanium,14.39,19.6,8011.37,0
40 mm,A,16.28,16.28,15.75,19.23,48.45,5.93,876.45,793.48,cylindrical,type1,3.14,13.82,aluminum,0.282,949.797,1796.656,0.529,2700,0.4221,0.399,52.94,Aluminum,21.35,13.2,6049.3,0
29 mm,C,18.14,18.14,5.98,7.61,23.03,1.11,777.99,852.75,spherical,type1,12.67,13.43,steel,0.703,680.034,242.414,2.805,7800,0.1115,0.495,85.65,Steel,25.89,40.1,1809.75,0
40 mm,C,14.03,14.03,13.97,16.59,33.76,4.25,1482.5,1407.52,spherical,type2,12.18,13.23,steel,0.345,387.401,2558.779,0.151,7800,0.2484,0.247,86.13,Titanium,27.72,31.6,15351.68,0
29 mm,B,11.34,11.34,23.16,26.86,41.22,5.88,904.82,984.06,spherical,type3,10.17,2.51,aluminum,0.607,112.699,2852.871,0.04,2700,0.1952,0.367,46.18,Titanium,22.47,7.3,9480.54,0
29 mm,A,11.4,11.4,19.23,21.41,49.26,1.33,917.43,950.91,cylindrical,type3,7.66,13.05,steel,0.798,668.447,2931.621,0.228,7800,0.4923,0.326,85.82,Steel,8.69,31.6,8092.73,1
40 mm,C,7.91,7.91,6.02,8.31,36.17,7.28,886.67,882.86,spherical,type3,4.0,11.38,aluminum,0.534,488.173,834.436,0.585,2700,0.1312,0.163,32.99,Titanium,24.21,24.7,2366.41,0
40 mm,A,14.76,14.76,22.68,26.63,53.64,3.53,1036.37,1058.47,spherical,type1,8.57,6.35,steel,0.42,232.325,1586.394,0.146,7800,0.388,0.504,98.31,Steel,26.48,3.7,12179.87,0
29 mm,C,13.78,13.78,21.53,22.87,72.7,2.16,1735.33,1758.59,spherical,type2,4.07,8.37,aluminum,0.603,293.732,2695.273,0.109,2700,0.2912,0.234,89.13,Aluminum,13.78,3.1,32417.4,1
29 mm,A,7.32,7.32,15.93,19.05,52.62,2.58,1235.28,1225.16,spherical,type1,9.86,10.32,aluminum,0.289,942.876,2124.538,0.444,2700,0.4266,0.307,60.85,Steel,17.35,6.6,12153.93,0
40 mm,B,18.28,18.28,5.45,9.0,37.21,3.37,986.97,1058.25,ogive,type3,6.03,14.27,steel,0.415,159.6,1036.489,0.154,7800,0.1857,0.123,50.83,Steel,9.16,36.5,2654.45,0
40 mm,A,10.53,10.53,16.25,17.7,23.72,2.39,887.43,957.0,cylindrical,type2,5.21,12.14,tungsten,0.553,808.724,2535.065,0.319,19300,0.4421,0.401,95.68,Steel,12.61,37.3,6398.7,0
40 mm,A,5.75,5.75,6.09,9.23,28.2,4.57,720.79,728.57,ogive,type1,7.73,7.57,steel,0.378,911.844,1807.021,0.505,7800,0.4801,0.485,25.69,Steel,26.74,27.4,1581.99,0
29 mm,C,9.92,9.92,11.41,13.82,53.67,5.43,1101.49,1071.49,cylindrical,type3,9.55,10.39,tungsten,0.227,719.513,2243.957,0.321,19300,0.1852,0.276,59.87,Aluminum,7.22,0.7,6921.76,1
29 mm,C,18.05,18.05,17.58,21.14,61.02,4.03,821.07,886.37,ogive,type1,6.78,4.42,steel,0.61,155.207,2914.346,0.053,7800,0.1971,0.588,58.96,Steel,24.06,14.3,5925.83,0
40 mm,A,18.75,18.75,23.26,26.98,22.98,3.99,729.71,628.58,spherical,type1,14.53,7.51,tungsten,0.481,861.268,2993.026,0.288,19300,0.4855,0.192,50.51,Aluminum,7.44,18.0,6192.7,0
40 mm,C,12.36,12.36,12.16,15.78,31.13,6.47,813.28,835.47,cylindrical,type3,2.08,12.29,steel,0.473,687.96,1613.501,0.426,7800,0.2737,0.53,29.01,Aluminum,12.32,12.8,4021.46,0
29 mm,A,19.35,19.35,22.2,23.39,39.14,3.11,1050.37,1087.35,ogive,type2,13.87,9.89,steel,0.898,349.33,638.515,0.547,7800,0.4341,0.447,40.11,Aluminum,19.56,26.2,12246.38,0
29 mm,A,18.13,18.13,23.37,26.64,39.19,5.36,1525.95,1484.53,cylindrical,type3,2.01,12.18,tungsten,0.278,666.69,1934.766,0.345,19300,0.437,0.56,98.65,Aluminum,5.08,2.8,27208.8,1
29 mm,A,17.38,17.38,5.42,9.18,77.5,7.25,773.68,822.37,ogive,type2,4.82,8.63,tungsten,0.308,222.889,2002.79,0.111,19300,0.2243,0.457,84.64,Aluminum,21.88,0.9,1622.15,0
40 mm,B,17.9,17.9,9.79,12.65,32.23,2.55,1446.54,1445.22,spherical,type3,14.95,6.94,steel,0.813,736.883,1802.006,0.409,7800,0.1715,0.322,87.06,Steel,12.9,26.5,10242.68,0
29 mm,A,10.73,10.73,19.2,22.0,23.75,5.34,1382.6,1355.31,spherical,type2,11.47,11.65,tungsten,0.291,912.696,1381.737,0.661,19300,0.2466,0.277,60.76,Steel,23.71,11.9,18351.19,0
29 mm,B,16.35,16.35,20.14,21.28,41.18,7.64,1670.19,1718.35,ogive,type1,10.38,3.22,aluminum,0.842,569.513,1828.369,0.311,2700,0.3368,0.506,72.95,Steel,29.38,30.9,28090.61,1
29 mm,A,13.66,13.66,12.85,16.42,28.07,4.71,902.39,848.11,spherical,type1,11.44,14.72,aluminum,0.67,956.895,1695.313,0.564,2700,0.2988,0.512,60.4,Steel,15.41,35.0,5231.93,0
40 mm,A,15.8,15.8,18.14,19.28,27.59,7.84,1573.69,1617.15,ogive,type3,7.31,14.33,aluminum,0.57,494.285,2845.139,0.174,2700,0.3947,0.374,74.19,Aluminum,5.75,27.5,22461.86,1
29 mm,B,7.67,7.67,17.24,19.18,44.45,3.17,1651.35,1552.23,ogive,type1,12.19,13.44,tungsten,0.395,871.81,2545.281,0.343,19300,0.3195,0.436,89.08,Aluminum,26.22,44.5,23506.37,0
29 mm,C,15.97,15.97,19.8,23.58,38.38,4.95,1774.13,1788.42,ogive,type2,4.01,13.5,aluminum,0.452,796.284,1302.33,0.611,2700,0.4222,0.305,39.41,Titanium,11.86,28.9,31160.62,1
29 mm,C,19.36,19.36,19.37,23.22,25.5,3.18,1589.4,1591.59,cylindrical,type1,12.32,8.64,steel,0.778,179.587,1798.426,0.1,7800,0.1416,0.17,96.07,Steel,8.72,34.8,24466.17,1
29 mm,B,9.54,9.54,6.72,10.7,56.26,1.03,836.15,809.17,ogive,type1,14.21,8.47,steel,0.24,921.387,1784.948,0.516,7800,0.2756,0.077,93.09,Steel,26.98,28.8,2349.13,0
40 mm,A,19.79,19.79,8.17,10.6,50.1,7.98,1741.84,1761.32,spherical,type2,13.15,12.66,tungsten,0.738,919.385,1630.011,0.564,19300,0.1064,0.41,53.54,Titanium,10.81,36.2,12393.92,1
29 mm,C,10.68,10.68,7.65,9.18,24.63,2.68,1596.49,1592.51,cylindrical,type1,11.62,5.68,steel,0.779,416.274,362.584,1.148,7800,0.1483,0.418,98.15,Titanium,20.13,17.6,9749.08,0
29 mm,C,8.0,8.0,23.65,26.11,71.76,7.81,933.56,986.29,spherical,type2,10.47,13.05,aluminum,0.694,814.095,2195.265,0.371,2700,0.2326,0.416,90.6,Steel,11.35,19.5,10305.89,1
40 mm,C,6.68,6.68,23.27,24.58,37.08,5.57,881.72,909.73,ogive,type3,8.77,4.61,tungsten,0.238,302.174,2247.558,0.134,19300,0.4606,0.359,23.21,Titanium,22.81,15.1,9045.4,0
29 mm,C,16.77,16.77,20.95,24.57,77.68,7.33,1730.06,1752.69,ogive,type1,7.14,13.43,tungsten,0.72,127.354,1555.717,0.082,19300,0.2521,0.238,23.37,Aluminum,21.22,25.9,31352.8,1
40 mm,C,13.32,13.32,7.33,10.01,75.89,7.77,871.27,885.86,ogive,type1,13.25,9.03,steel,0.706,287.143,2724.404,0.105,7800,0.2094,0.183,76.58,Titanium,17.73,16.9,2782.14,0
40 mm,C,9.61,9.61,16.49,18.7,46.05,4.97,1554.81,1531.2,ogive,type1,10.42,12.96,steel,0.209,535.589,2954.982,0.181,7800,0.3683,0.086,82.69,Aluminum,18.88,44.5,19931.74,1
29 mm,B,14.13,14.13,8.74,9.98,33.71,8.0,1145.79,1130.7,spherical,type3,7.65,8.41,steel,0.825,151.991,2476.156,0.061,7800,0.3814,0.131,39.89,Aluminum,10.68,27.1,5737.09,0
40 mm,B,9.98,9.98,12.37,14.59,70.09,6.37,1496.19,1508.6,spherical,type2,12.2,9.91,steel,0.293,244.006,2798.017,0.087,7800,0.2925,0.396,59.9,Aluminum,5.55,15.1,13845.65,1
29 mm,A,11.73,11.73,10.34,13.94,41.68,4.67,801.04,792.37,ogive,type2,2.7,14.05,tungsten,0.873,955.394,1565.008,0.61,19300,0.2154,0.472,63.14,Titanium,25.02,22.9,3317.41,0
40 mm,A,17.94,17.94,21.58,24.69,29.81,5.58,1497.56,1553.13,cylindrical,type1,12.57,7.44,tungsten,0.25,544.457,2759.876,0.197,19300,0.2207,0.549,55.65,Titanium,27.23,35.1,24198.58,0
29 mm,C,15.02,15.02,7.89,9.14,53.1,2.36,1263.1,1267.77,spherical,type3,12.54,4.86,tungsten,0.367,840.79,2818.075,0.298,19300,0.1742,0.096,25.53,Titanium,24.45,36.3,6293.94,0
40 mm,C,16.44,16.44,17.92,19.4,49.36,1.08,1690.42,1709.22,ogive,type1,4.97,3.18,tungsten,0.683,285.96,1945.988,0.147,19300,0.245,0.498,37.51,Steel,22.7,28.7,25603.38,1
40 mm,C,13.75,13.75,24.68,26.86,71.0,2.8,907.24,837.11,ogive,type3,2.49,9.67,aluminum,0.296,179.67,622.019,0.289,2700,0.1673,0.379,85.16,Titanium,16.8,0.1,10156.86,0
40 mm,A,19.87,19.87,18.74,20.04,63.76,4.04,820.29,867.45,cylindrical,type1,11.28,9.94,aluminum,0.329,802.493,626.461,1.281,2700,0.3572,0.216,25.85,Titanium,19.6,39.1,6304.85,0
29 mm,B,8.62,8.62,6.58,10.38,72.57,2.6,915.84,886.78,ogive,type3,4.6,10.07,steel,0.208,413.95,1522.456,0.272,7800,0.4579,0.449,69.77,Steel,22.29,40.9,2759.53,0
29 mm,A,8.93,8.93,23.16,26.12,64.08,4.6,786.43,734.3,spherical,type1,14.95,2.48,tungsten,0.779,513.824,2259.625,0.227,19300,0.2017,0.594,70.73,Titanium,5.66,39.2,7161.91,1
29 mm,C,6.39,6.39,17.86,19.14,58.53,5.61,1778.17,1860.48,spherical,type1,2.12,2.36,steel,0.226,992.916,1603.904,0.619,7800,0.1969,0.259,96.52,Steel,15.59,30.2,28235.66,1
29 mm,A,13.31,13.31,14.13,17.49,50.01,5.59,835.14,870.02,spherical,type2,4.99,13.64,aluminum,0.643,384.878,2439.58,0.158,2700,0.4593,0.395,99.0,Steel,10.62,1.2,4927.55,0
40 mm,A,14.2,14.2,18.19,20.3,79.25,7.26,920.94,969.79,cylindrical,type1,2.55,11.04,tungsten,0.608,525.831,2355.408,0.223,19300,0.3272,0.193,95.6,Steel,14.11,42.8,7713.75,0
29 mm,B,15.89,15.89,22.58,24.31,77.55,7.76,1590.65,1613.37,spherical,type1,12.17,3.47,steel,0.558,671.33,770.103,0.872,7800,0.3919,0.163,63.31,Aluminum,23.73,3.1,28565.59,1
40 mm,C,10.03,10.03,14.54,17.25,70.93,7.23,971.43,966.77,spherical,type2,9.52,2.97,steel,0.463,180.162,571.741,0.315,7800,0.4557,0.132,23.34,Steel,14.08,6.7,6860.53,0
40 mm,C,5.18,5.18,15.63,16.67,66.52,5.34,944.52,930.54,ogive,type1,13.03,4.1,tungsten,0.41,744.789,2176.337,0.342,19300,0.366,0.068,42.18,Aluminum,23.48,28.3,6971.9,0
29 mm,A,14.48,14.48,14.05,16.45,54.65,2.44,1439.54,1478.5,ogive,type2,14.51,12.49,steel,0.87,506.558,1097.065,0.462,7800,0.397,0.448,58.04,Titanium,29.3,20.8,14557.73,0
29 mm,A,19.98,19.98,6.45,9.98,35.59,7.6,1138.64,1195.27,ogive,type3,9.93,11.4,steel,0.75,257.513,2807.911,0.092,7800,0.2548,0.13,23.13,Aluminum,28.08,34.0,4181.22,0
40 mm,A,9.42,9.42,20.74,24.52,72.53,2.22,1619.03,1615.62,ogive,type1,5.01,10.3,steel,0.846,487.488,2631.822,0.185,7800,0.4753,0.422,22.97,Steel,25.69,28.5,27182.45,1
29 mm,A,7.76,7.76,7.53,9.56,20.65,2.06,1402.1,1505.73,ogive,type2,3.2,10.33,aluminum,0.714,514.601,1463.467,0.352,2700,0.3816,0.528,45.92,Aluminum,26.32,0.2,7401.55,0
29 mm,B,9.23,9.23,12.89,15.82,33.65,3.22,1017.04,1007.17,cylindrical,type1,13.26,13.17,steel,0.78,676.663,1825.416,0.371,7800,0.1287,0.516,50.99,Titanium,14.85,28.9,6666.52,0
40 mm,A,11.38,11.38,12.74,14.42,44.22,5.02,1357.72,1288.02,cylindrical,type2,5.19,6.33,tungsten,0.875,943.42,2571.891,0.367,19300,0.3381,0.214,66.47,Aluminum,23.29,38.6,11742.48,0
40 mm,A,8.76,8.76,10.6,13.28,55.17,5.77,1653.11,1567.03,ogive,type1,13.62,6.19,tungsten,0.518,788.559,2639.834,0.299,19300,0.1379,0.118,94.63,Aluminum,21.68,38.3,14483.7,0
29 mm,B,10.2,10.2,13.05,14.81,53.65,1.09,1100.93,1016.54,cylindrical,type1,13.42,7.53,steel,0.835,444.205,1759.528,0.252,7800,0.3088,0.294,51.29,Titanium,29.57,7.1,7908.61,0
29 mm,A,14.57,14.57,17.36,20.07,30.55,6.45,1510.12,1489.43,spherical,type1,10.16,14.87,aluminum,0.23,972.683,2921.357,0.333,2700,0.1354,0.15,23.85,Aluminum,19.37,15.6,19794.41,1
29 mm,A,10.18,10.18,11.23,12.75,26.29,2.23,1157.42,1145.82,ogive,type3,9.85,9.21,tungsten,0.276,811.748,1658.712,0.489,19300,0.3509,0.255,63.2,Aluminum,15.74,5.4,7521.97,0
40 mm,A,10.94,10.94,8.45,12.27,33.34,3.08,1297.38,1331.51,spherical,type1,14.36,9.11,tungsten,0.543,125.157,315.101,0.397,19300,0.2825,0.363,48.64,Steel,25.93,33.8,7111.5,0
40 mm,A,5.6,5.6,22.39,26.05,40.92,3.25,1507.07,1505.64,ogive,type3,11.83,12.52,aluminum,0.518,204.928,1775.546,0.115,2700,0.3212,0.404,92.09,Titanium,23.74,28.2,25426.76,1
40 mm,B,18.77,18.77,24.42,26.43,20.84,3.33,766.58,808.75,cylindrical,type3,10.88,4.31,steel,0.507,296.21,2375.619,0.125,7800,0.3596,0.17,54.52,Steel,8.12,21.8,7175.14,0
40 mm,C,11.1,11.1,14.17,17.5,61.55,6.32,1200.44,1202.68,ogive,type2,7.66,7.27,tungsten,0.576,175.153,2957.818,0.059,19300,0.2001,0.175,45.74,Aluminum,19.91,13.5,10209.88,0
40 mm,C,9.92,9.92,11.54,12.83,34.86,1.29,804.73,805.41,spherical,type1,8.29,10.34,tungsten,0.577,536.884,495.032,1.085,19300,0.2278,0.526,77.91,Steel,19.81,35.4,3736.6,0
29 mm,A,6.3,6.3,5.95,9.17,41.08,2.38,1497.51,1468.63,cylindrical,type3,7.06,14.84,steel,0.809,406.646,1433.504,0.284,7800,0.2928,0.57,59.46,Titanium,20.79,35.6,6671.55,0
29 mm,A,14.51,14.51,5.74,7.59,40.09,1.16,1368.59,1439.72,cylindrical,type3,14.3,4.01,steel,0.442,975.633,1842.62,0.529,7800,0.3265,0.403,64.41,Titanium,28.54,22.1,5375.62,0
40 mm,B,17.96,17.96,12.86,14.27,50.71,6.45,1059.62,983.05,cylindrical,type1,10.3,7.88,steel,0.421,525.462,2668.098,0.197,7800,0.4695,0.356,32.17,Titanium,20.05,5.6,7219.57,0
40 mm,B,5.62,5.62,23.6,26.63,71.59,7.89,783.91,798.98,spherical,type3,12.14,13.77,tungsten,0.691,290.939,2204.492,0.132,19300,0.2408,0.412,50.02,Steel,26.75,20.9,7251.28,0
40 mm,C,7.18,7.18,19.61,22.02,28.96,5.62,1718.38,1709.3,ogive,type3,2.48,11.43,steel,0.654,973.658,847.49,1.149,7800,0.3367,0.121,23.71,Steel,13.96,40.3,28952.5,1
29 mm,C,7.2,7.2,11.99,14.58,40.44,5.13,1046.5,1085.59,cylindrical,type1,13.08,9.98,aluminum,0.781,562.494,2606.29,0.216,2700,0.469,0.543,80.39,Steel,6.43,26.3,6565.5,1
29 mm,B,14.03,14.03,24.36,26.92,61.52,7.36,1002.91,1001.87,ogive,type1,7.43,5.34,tungsten,0.416,165.754,2059.881,0.08,19300,0.3871,0.165,39.65,Aluminum,14.38,33.9,12250.99,0
29 mm,A,18.82,18.82,13.58,14.76,22.65,2.78,811.11,811.54,cylindrical,type3,11.58,4.43,steel,0.204,172.787,2706.439,0.064,7800,0.2313,0.418,29.64,Steel,18.32,13.3,4467.14,0
29 mm,A,11.57,11.57,10.54,11.69,69.8,1.47,1335.09,1321.76,spherical,type1,2.52,6.86,tungsten,0.861,707.763,2536.247,0.279,19300,0.2659,0.172,67.16,Steel,25.83,15.4,9393.59,0
40 mm,A,10.16,10.16,13.53,16.33,77.71,4.57,992.22,1061.88,ogive,type2,13.62,5.32,steel,0.231,545.316,561.935,0.97,7800,0.4515,0.438,66.35,Aluminum,20.8,5.3,6660.15,0
40 mm,A,16.49,16.49,9.23,12.1,56.46,2.82,1627.14,1627.26,spherical,type1,10.58,12.51,tungsten,0.676,661.808,2889.318,0.229,19300,0.2751,0.464,45.26,Steel,16.06,15.4,12218.6,0
29 mm,C,16.14,16.14,22.71,23.85,77.39,4.16,1451.04,1549.52,spherical,type3,7.95,11.37,tungsten,0.425,864.694,1472.03,0.587,19300,0.2008,0.458,96.99,Aluminum,16.55,7.6,23908.15,1
29 mm,A,8.7,8.7,12.22,14.36,44.78,4.19,704.31,717.92,ogive,type1,5.95,12.86,aluminum,0.496,713.245,2951.147,0.242,2700,0.3092,0.286,70.84,Titanium,29.92,24.3,3030.88,0
40 mm,C,7.41,7.41,18.16,21.0,44.9,3.23,1322.24,1323.33,ogive,type1,6.04,4.22,tungsten,0.787,875.611,723.62,1.21,19300,0.1744,0.384,94.11,Titanium,8.53,17.7,15874.73,1
29 mm,B,10.37,10.37,12.78,15.75,26.37,4.4,955.02,947.75,ogive,type1,5.94,6.03,aluminum,0.494,768.42,2421.291,0.317,2700,0.3328,0.379,44.05,Titanium,10.14,37.6,5828.08,0
40 mm,B,16.63,16.63,23.03,26.51,22.13,3.66,716.9,745.11,cylindrical,type1,3.7,11.99,steel,0.301,706.96,1053.696,0.671,7800,0.4966,0.446,64.14,Steel,20.63,17.2,5918.08,0
40 mm,B,15.43,15.43,17.85,20.11,34.67,1.79,1381.3,1351.88,ogive,type2,8.03,4.13,steel,0.728,221.229,325.455,0.68,7800,0.4877,0.324,53.08,Aluminum,22.54,9.6,17028.81,0
29 mm,C,14.99,14.99,14.77,17.41,48.69,7.07,925.41,932.7,spherical,type1,7.9,3.89,steel,0.214,534.545,2983.313,0.179,7800,0.3455,0.329,53.06,Steel,14.87,3.8,6324.39,0
29 mm,A,17.44,17.44,7.64,10.38,50.46,5.91,1689.6,1690.01,ogive,type3,7.36,6.98,steel,0.392,489.783,1049.899,0.467,7800,0.4545,0.426,23.82,Steel,5.8,11.4,10905.14,1
40 mm,A,9.16,9.16,23.04,24.98,33.05,1.29,1330.72,1346.98,cylindrical,type2,11.14,4.42,steel,0.577,586.626,425.454,1.379,7800,0.4261,0.144,37.57,Titanium,18.05,31.4,20399.8,1
40 mm,B,10.1,10.1,15.94,17.1,56.77,1.81,930.1,947.6,spherical,type1,7.46,3.03,aluminum,0.506,452.029,2609.392,0.173,2700,0.4803,0.409,89.55,Steel,8.61,28.2,6894.74,0
29 mm,B,5.64,5.64,10.7,11.71,30.87,1.68,1777.04,1797.14,cylindrical,type3,3.16,6.07,aluminum,0.634,658.394,1409.657,0.467,2700,0.4492,0.132,87.99,Steel,6.4,27.9,16894.61,1
40 mm,B,18.03,18.03,22.56,26.07,39.57,1.43,1301.09,1305.84,cylindrical,type2,13.08,13.38,tungsten,0.467,453.21,1814.067,0.25,19300,0.4599,0.449,28.41,Aluminum,13.62,38.6,19095.18,1
40 mm,C,13.74,13.74,6.09,7.69,31.74,1.41,882.02,960.47,spherical,type3,7.53,2.73,aluminum,0.473,601.856,2957.562,0.203,2700,0.1918,0.264,21.45,Steel,8.39,11.4,2368.89,0
40 mm,B,9.47,9.47,11.28,14.17,61.8,2.1,1268.97,1290.1,cylindrical,type1,10.52,9.36,tungsten,0.444,455.388,1545.985,0.295,19300,0.1632,0.512,28.16,Titanium,15.97,21.2,9082.01,0
29 mm,A,6.04,6.04,15.74,18.47,50.99,6.94,1755.28,1885.58,cylindrical,type3,14.09,9.32,aluminum,0.821,911.591,387.876,2.35,2700,0.1176,0.099,71.1,Titanium,24.04,7.6,24247.53,1
40 mm,A,15.85,15.85,11.8,14.0,64.17,6.8,1166.63,1169.12,spherical,type2,11.98,8.9,tungsten,0.212,436.074,2135.321,0.204,19300,0.3637,0.303,39.19,Aluminum,6.18,9.8,8030.05,1
40 mm,C,16.23,16.23,14.53,18.03,23.43,6.48,1167.88,1215.83,spherical,type3,9.0,8.57,tungsten,0.858,757.839,2189.679,0.346,19300,0.4734,0.142,81.01,Aluminum,17.5,16.7,9909.05,0
29 mm,A,14.99,14.99,10.29,13.39,45.52,5.3,1207.24,1170.94,ogive,type2,9.09,2.22,aluminum,0.451,652.362,743.783,0.877,2700,0.4975,0.528,20.47,Titanium,17.42,31.8,7498.47,0
29 mm,B,8.06,8.06,7.6,8.67,78.02,6.06,1008.11,1078.15,cylindrical,type3,13.04,2.62,aluminum,0.455,446.971,1727.153,0.259,2700,0.4409,0.119,77.26,Aluminum,5.04,37.5,3861.89,0
40 mm,B,18.7,18.7,5.74,9.07,23.22,6.17,877.96,842.75,cylindrical,type2,12.71,8.65,tungsten,0.708,826.868,1233.819,0.67,19300,0.4324,0.317,90.91,Aluminum,23.46,13.8,2212.24,0
29 mm,C,16.3,16.3,8.15,10.67,45.1,7.23,1336.82,1359.61,cylindrical,type1,4.32,14.59,steel,0.472,934.81,339.78,2.751,7800,0.3076,0.108,23.58,Titanium,7.24,17.9,7282.38,1
29 mm,C,14.87,14.87,24.06,26.1,22.42,6.13,1683.62,1670.4,cylindrical,type1,10.14,7.3,steel,0.632,784.436,1072.487,0.731,7800,0.2808,0.489,89.39,Aluminum,28.3,39.9,34099.95,1
29 mm,B,14.76,14.76,16.51,19.69,28.8,6.16,1509.3,1531.9,cylindrical,type3,13.25,8.14,steel,0.833,953.729,2746.691,0.347,7800,0.3561,0.205,93.43,Steel,20.98,35.1,18804.78,0
40 mm,A,18.57,18.57,14.78,17.84,47.75,6.63,805.81,794.07,cylindrical,type3,12.44,14.77,steel,0.792,492.676,1040.693,0.473,7800,0.1091,0.377,62.87,Steel,12.2,31.1,4798.55,0
40 mm,B,18.92,18.92,12.69,14.62,29.45,4.89,1140.93,1101.47,ogive,type2,3.62,12.13,aluminum,0.561,922.366,824.577,1.119,2700,0.4177,0.144,42.76,Steel,28.13,18.3,8259.42,0
29 mm,B,13.93,13.93,19.17,23.12,51.13,2.49,705.83,692.25,ogive,type3,7.66,12.01,aluminum,0.702,888.601,2834.556,0.313,2700,0.363,0.243,65.03,Titanium,15.01,15.3,4775.21,0
40 mm,A,11.25,11.25,7.83,10.78,75.36,1.59,1038.73,1115.81,spherical,type1,8.74,8.56,steel,0.475,786.149,1270.515,0.619,7800,0.168,0.113,44.85,Steel,11.51,32.6,4224.13,0
29 mm,B,10.46,10.46,10.52,13.34,32.02,3.93,1436.31,1459.67,ogive,type1,5.35,13.67,aluminum,0.743,851.681,2833.565,0.301,2700,0.3543,0.353,94.66,Titanium,14.61,4.2,10851.31,0
40 mm,A,17.29,17.29,18.12,19.33,26.43,1.64,1019.26,954.82,ogive,type2,10.83,9.56,aluminum,0.319,757.12,2664.656,0.284,2700,0.3398,0.052,63.49,Steel,20.29,24.5,9412.35,0
40 mm,B,14.67,14.67,14.58,16.42,69.52,2.19,1624.61,1679.38,spherical,type2,8.19,10.54,tungsten,0.232,561.078,1517.301,0.37,19300,0.4152,0.596,83.9,Titanium,23.09,2.7,19240.92,0
40 mm,C,6.16,6.16,20.4,22.74,47.62,1.17,1225.12,1180.54,ogive,type3,5.87,12.24,aluminum,0.579,597.177,1277.893,0.467,2700,0.435,0.279,68.8,Aluminum,21.55,28.1,15309.37,0
29 mm,C,7.13,7.13,22.94,25.83,72.96,3.1,1436.08,1473.25,cylindrical,type3,6.38,7.29,aluminum,0.351,475.918,585.61,0.813,2700,0.2014,0.396,43.07,Titanium,28.03,25.6,23654.88,0
40 mm,A,18.5,18.5,21.47,24.01,38.37,7.79,1672.25,1699.91,ogive,type1,13.14,14.39,tungsten,0.71,697.863,733.726,0.951,19300,0.4258,0.208,60.01,Titanium,28.9,2.7,30019.57,1
29 mm,C,18.27,18.27,8.68,11.97,57.65,3.65,1451.09,1481.91,cylindrical,type3,13.26,14.84,aluminum,0.271,392.311,850.841,0.461,2700,0.1728,0.189,90.39,Aluminum,9.93,18.9,9138.57,1
40 mm,A,19.28,19.28,6.83,8.62,75.4,2.69,1687.06,1779.72,ogive,type2,12.56,9.63,aluminum,0.206,765.694,1516.991,0.505,2700,0.2577,0.515,50.63,Titanium,27.81,8.7,9719.68,0
29 mm,B,11.42,11.42,8.39,11.5,30.3,3.82,1588.87,1547.44,spherical,type3,13.88,4.89,steel,0.673,554.604,1241.918,0.447,7800,0.2971,0.467,47.31,Titanium,7.67,35.9,10590.31,1
29 mm,A,16.76,16.76,20.67,24.12,68.04,3.11,1323.77,1354.31,spherical,type1,14.38,12.07,steel,0.551,417.869,2441.076,0.171,7800,0.422,0.404,96.51,Titanium,28.92,41.1,18110.71,0
29 mm,A,17.42,17.42,23.28,26.58,57.89,5.72,1026.96,1089.94,ogive,type1,8.39,6.19,steel,0.866,232.505,1030.693,0.226,7800,0.4604,0.464,46.72,Aluminum,11.48,14.2,12276.09,1
40 mm,A,9.74,9.74,23.51,26.82,68.78,5.44,1027.96,995.79,cylindrical,type1,3.26,9.5,aluminum,0.373,329.973,1388.655,0.238,2700,0.1069,0.146,88.76,Titanium,11.64,1.3,12421.53,1
29 mm,A,7.18,7.18,10.96,14.63,30.24,1.19,1662.86,1625.57,cylindrical,type3,12.4,3.13,aluminum,0.286,676.18,543.581,1.244,2700,0.3949,0.564,34.26,Titanium,15.54,40.4,15152.77,1
40 mm,C,19.96,19.96,21.81,23.06,46.05,4.58,759.27,744.91,spherical,type1,10.23,12.5,aluminum,0.216,432.864,959.416,0.451,2700,0.451,0.3,83.34,Aluminum,9.54,38.0,6286.63,0
29 mm,A,5.45,5.45,15.72,18.81,27.73,1.25,1735.58,1751.82,spherical,type3,6.95,14.47,steel,0.511,129.852,2392.456,0.054,7800,0.4817,0.528,69.22,Steel,25.69,35.9,23676.19,1
29 mm,B,13.96,13.96,21.46,25.37,77.6,5.74,1059.77,989.25,ogive,type3,14.68,3.22,tungsten,0.271,396.764,2179.881,0.182,19300,0.2072,0.455,29.62,Steel,8.12,16.0,12051.0,1
40 mm,C,14.75,14.75,15.97,18.69,23.76,7.55,1512.76,1540.33,spherical,type1,6.4,11.51,aluminum,0.743,429.722,1326.217,0.324,2700,0.1692,0.207,25.12,Titanium,15.98,3.6,18273.22,1
29 mm,C,15.23,15.23,7.92,9.57,23.93,7.35,1063.03,992.61,cylindrical,type3,13.8,13.19,tungsten,0.25,310.871,1816.925,0.171,19300,0.2996,0.363,43.86,Steel,27.68,43.9,4474.93,0
40 mm,C,8.83,8.83,6.58,10.58,73.89,2.44,1748.63,1813.3,spherical,type1,9.7,3.42,tungsten,0.845,357.684,1483.334,0.241,19300,0.4604,0.582,72.6,Steel,20.88,22.2,10059.86,0
40 mm,A,15.82,15.82,24.14,25.66,38.05,6.2,740.12,765.81,spherical,type1,2.48,5.21,tungsten,0.579,734.435,2706.618,0.271,19300,0.2262,0.07,48.81,Aluminum,20.18,16.0,6611.68,0
29 mm,C,8.25,8.25,13.52,15.53,55.82,6.55,1088.65,1184.31,spherical,type2,13.18,7.09,aluminum,0.687,771.64,1305.134,0.591,2700,0.302,0.285,41.69,Titanium,29.87,35.0,8011.67,0
29 mm,B,17.44,17.44,12.01,13.53,37.25,7.05,1654.21,1687.65,ogive,type1,11.91,12.88,steel,0.292,963.009,2221.921,0.433,7800,0.4982,0.391,66.55,Steel,5.56,30.2,16432.15,1
29 mm,A,8.29,8.29,12.13,14.52,58.93,2.82,1001.46,986.22,ogive,type1,10.35,8.41,tungsten,0.263,206.279,811.882,0.254,19300,0.2824,0.237,96.2,Aluminum,12.99,1.9,6082.72,0
40 mm,B,15.45,15.45,12.58,14.84,31.55,4.16,1003.18,963.25,spherical,type1,9.99,3.78,tungsten,0.448,380.553,1415.472,0.269,19300,0.3513,0.225,29.75,Steel,8.13,43.1,6330.07,0
40 mm,C,16.75,16.75,23.9,26.37,47.53,2.55,1688.63,1700.57,cylindrical,type2,4.84,5.33,steel,0.564,169.34,1682.128,0.101,7800,0.4982,0.462,71.57,Titanium,9.61,25.0,34075.08,1
29 mm,B,7.83,7.83,6.25,10.03,52.01,1.17,1613.64,1612.13,cylindrical,type1,4.79,8.08,aluminum,0.603,651.973,493.011,1.322,2700,0.2469,0.554,92.99,Titanium,10.4,8.5,8136.98,0
29 mm,A,8.57,8.57,7.38,9.81,40.02,5.61,816.35,875.66,cylindrical,type1,2.38,2.51,aluminum,0.431,114.749,1844.772,0.062,2700,0.2092,0.346,63.29,Aluminum,20.67,0.7,2459.12,0
29 mm,C,16.69,16.69,20.79,23.33,35.1,4.02,1338.2,1291.77,ogive,type2,4.0,10.2,steel,0.391,284.821,1809.062,0.157,7800,0.2131,0.572,97.13,Steel,11.8,24.9,18615.15,1
29 mm,C,6.29,6.29,15.99,19.65,28.41,2.74,945.73,1046.78,spherical,type2,6.37,2.33,steel,0.887,628.282,644.508,0.975,7800,0.3468,0.106,67.83,Steel,21.6,26.7,7150.77,0
40 mm,C,7.86,7.86,7.57,11.02,62.37,6.93,936.65,1000.39,spherical,type3,9.03,12.15,aluminum,0.391,422.865,2996.219,0.141,2700,0.1651,0.175,73.81,Titanium,23.45,4.5,3320.63,0
40 mm,C,11.83,11.83,5.69,7.41,30.1,4.47,1376.94,1366.76,cylindrical,type1,3.7,11.54,aluminum,0.297,589.939,458.981,1.285,2700,0.1658,0.098,83.3,Steel,15.05,24.5,5394.02,0
29 mm,C,18.95,18.95,9.48,10.52,37.53,7.96,836.25,926.14,cylindrical,type2,9.25,13.25,tungsten,0.452,676.214,2706.85,0.25,19300,0.2041,0.29,35.98,Steel,18.41,19.4,3314.75,0
40 mm,B,13.43,13.43,10.22,13.11,40.21,6.55,1216.76,1177.6,spherical,type3,5.42,4.05,aluminum,0.413,855.046,1576.244,0.542,2700,0.3164,0.395,64.82,Titanium,8.3,19.7,7565.38,1
29 mm,A,10.82,10.82,5.28,8.81,47.26,7.08,981.4,991.68,ogive,type2,5.3,9.83,steel,0.495,453.588,823.574,0.551,7800,0.4377,0.16,69.14,Aluminum,23.82,43.9,2542.71,0
29 mm,B,19.68,19.68,9.32,11.98,62.15,6.41,1639.31,1575.49,spherical,type1,14.32,12.15,aluminum,0.637,351.007,515.836,0.68,2700,0.3117,0.297,29.61,Aluminum,15.48,13.3,12522.99,0
40 mm,A,11.96,11.96,19.77,21.4,45.68,1.74,1309.94,1402.27,spherical,type2,14.9,8.7,tungsten,0.622,584.925,2158.376,0.271,19300,0.4131,0.426,56.44,Titanium,25.87,39.8,16962.09,0
40 mm,B,11.51,11.51,22.11,25.33,72.27,1.46,936.62,854.25,cylindrical,type2,12.55,3.7,tungsten,0.689,162.713,2312.461,0.07,19300,0.483,0.402,81.65,Aluminum,18.16,15.5,9698.08,0
40 mm,B,11.17,11.17,22.96,25.97,60.79,7.41,1719.11,1647.09,cylindrical,type1,2.71,3.29,aluminum,0.31,137.723,2085.634,0.066,2700,0.396,0.396,23.26,Steel,22.42,8.1,33927.29,1
29 mm,C,9.68,9.68,12.8,15.5,70.31,1.97,1605.19,1573.45,spherical,type2,11.47,9.88,aluminum,0.232,507.014,1375.638,0.369,2700,0.3571,0.383,53.08,Aluminum,13.96,6.9,16490.46,1
29 mm,A,9.89,9.89,11.39,14.98,62.98,3.74,991.82,1057.94,spherical,type1,4.32,8.47,tungsten,0.754,296.271,683.206,0.434,19300,0.1033,0.593,31.66,Steel,14.29,42.3,5602.21,0
29 mm,A,15.32,15.32,25.0,28.35,28.92,5.27,1757.16,1804.9,spherical,type2,9.4,14.08,aluminum,0.352,106.495,2410.706,0.044,2700,0.2794,0.443,34.06,Steel,15.91,1.0,38595.14,1
29 mm,C,5.61,5.61,20.39,23.39,78.68,2.48,994.51,1000.61,cylindrical,type3,13.62,12.84,tungsten,0.421,711.433,2639.445,0.27,19300,0.2072,0.549,61.01,Aluminum,20.9,9.9,10083.37,0
40 mm,A,15.23,15.23,15.75,18.74,67.2,2.58,1021.91,1072.86,cylindrical,type2,6.94,11.41,aluminum,0.519,834.54,1297.239,0.643,2700,0.305,0.573,22.36,Titanium,17.66,15.3,8223.86,0
40 mm,B,8.02,8.02,10.1,13.09,54.36,4.26,1124.56,1118.79,spherical,type3,14.07,14.77,tungsten,0.701,233.091,2555.409,0.091,19300,0.4804,0.523,54.0,Aluminum,25.11,29.6,6386.41,0
29 mm,C,10.76,10.76,11.43,14.01,29.91,3.53,881.29,902.41,cylindrical,type1,11.21,11.03,tungsten,0.315,607.512,1979.681,0.307,19300,0.2282,0.102,22.06,Titanium,6.37,16.9,4438.68,0
40 mm,B,7.2,7.2,15.31,17.7,30.36,5.74,1455.72,1538.31,ogive,type3,5.91,3.2,aluminum,0.832,985.586,1675.539,0.588,2700,0.1643,0.341,94.04,Steel,27.51,0.9,16221.87,0
29 mm,B,13.29,13.29,15.84,18.97,56.86,1.53,1313.07,1300.74,spherical,type3,3.23,3.01,aluminum,0.425,341.88,1909.695,0.179,2700,0.4304,0.26,90.64,Steel,28.15,23.3,13655.29,0
40 mm,C,15.94,15.94,5.27,8.1,44.97,4.42,1683.91,1645.59,ogive,type3,12.6,12.61,tungsten,0.888,757.733,501.703,1.51,19300,0.4962,0.103,36.93,Aluminum,11.1,39.8,7471.68,0
29 mm,B,10.32,10.32,24.19,26.66,60.55,2.22,964.96,988.48,spherical,type3,7.95,6.69,tungsten,0.4,245.892,551.117,0.446,19300,0.412,0.36,25.26,Titanium,7.52,39.9,11262.23,1
29 mm,C,7.45,7.45,16.51,17.89,42.35,5.25,887.25,924.26,spherical,type2,2.95,14.02,steel,0.708,938.884,2234.771,0.42,7800,0.1554,0.167,40.05,Steel,19.3,44.6,6498.44,0
40 mm,B,8.4,8.4,16.78,19.89,50.77,1.81,1094.49,1100.01,spherical,type2,3.34,3.54,tungsten,0.464,100.39,2915.852,0.034,19300,0.3203,0.37,22.27,Titanium,6.6,15.4,10050.45,1
29 mm,A,17.27,17.27,9.23,12.17,31.28,2.38,860.72,910.89,spherical,type3,14.57,4.58,aluminum,0.786,365.257,1621.852,0.225,2700,0.2621,0.5,78.78,Steel,10.74,5.5,3418.97,0
29 mm,B,9.01,9.01,20.3,22.33,29.31,6.63,1740.77,1730.71,spherical,type3,5.16,12.05,aluminum,0.524,978.789,351.202,2.787,2700,0.3534,0.267,65.91,Titanium,17.69,3.1,30757.34,1
29 mm,A,16.62,16.62,19.75,21.82,24.54,2.65,1489.19,1495.57,cylindrical,type2,14.57,13.02,aluminum,0.809,703.621,390.605,1.801,2700,0.3674,0.572,63.51,Titanium,20.35,39.0,21899.66,1
29 mm,C,9.97,9.97,6.9,8.64,69.18,6.16,1575.81,1594.54,cylindrical,type1,10.86,13.27,tungsten,0.728,290.661,1508.621,0.193,19300,0.4228,0.472,88.16,Aluminum,9.86,33.7,8566.96,0
29 mm,B,7.83,7.83,16.9,20.79,53.32,2.91,1522.85,1537.22,ogive,type1,5.91,3.29,tungsten,0.61,812.229,2041.461,0.398,19300,0.196,0.492,84.74,Steel,28.32,28.2,19596.16,0
29 mm,B,15.91,15.91,18.16,21.74,76.83,2.65,967.1,1047.76,cylindrical,type1,6.99,6.96,aluminum,0.375,908.277,633.655,1.433,2700,0.4859,0.112,52.71,Steel,9.53,22.4,8492.36,0
40 mm,B,12.03,12.03,21.71,24.39,64.97,3.09,854.72,873.2,cylindrical,type1,12.1,10.4,tungsten,0.382,538.544,292.498,1.841,19300,0.1859,0.568,68.83,Aluminum,8.84,20.6,7930.08,0
40 mm,B,5.47,5.47,9.12,11.32,66.13,7.17,1172.38,1157.18,cylindrical,type1,7.66,13.94,steel,0.894,240.421,2242.514,0.107,7800,0.1496,0.069,55.34,Titanium,9.06,22.2,6267.61,0
29 mm,A,19.4,19.4,22.55,25.76,50.54,3.78,1611.92,1638.32,spherical,type1,2.97,5.11,steel,0.848,332.734,609.168,0.546,7800,0.4315,0.514,69.92,Titanium,28.24,16.4,29295.68,1
29 mm,A,7.22,7.22,14.23,16.81,68.93,2.71,1063.57,1114.01,ogive,type3,4.99,9.8,aluminum,0.297,948.803,1426.904,0.665,2700,0.2853,0.066,32.12,Aluminum,26.97,21.4,8048.35,0
40 mm,B,10.3,10.3,6.93,10.86,76.52,4.76,710.52,749.23,spherical,type1,13.18,3.87,tungsten,0.343,244.993,2255.581,0.109,19300,0.2961,0.139,44.01,Titanium,5.83,9.5,1749.27,0
40 mm,A,10.77,10.77,7.11,8.28,63.3,3.7,1426.07,1462.01,ogive,type2,11.05,11.71,aluminum,0.275,380.716,550.826,0.691,2700,0.2275,0.223,40.15,Steel,23.17,5.3,7229.72,0
40 mm,C,12.34,12.34,8.96,10.06,26.34,6.53,920.07,845.17,ogive,type2,8.51,3.66,aluminum,0.341,230.984,1439.709,0.16,2700,0.1186,0.456,33.4,Steel,6.84,9.5,3792.45,0
40 mm,A,16.78,16.78,10.66,13.37,59.06,7.93,1297.12,1172.49,ogive,type1,5.19,15.0,tungsten,0.403,195.045,512.074,0.381,19300,0.1774,0.545,53.11,Aluminum,6.88,43.7,8967.83,1
40 mm,C,5.09,5.09,14.93,16.54,27.23,4.69,716.37,780.13,cylindrical,type3,8.17,3.2,steel,0.786,569.823,1173.023,0.486,7800,0.4047,0.417,78.12,Aluminum,6.9,44.6,3830.93,0
29 mm,B,18.99,18.99,19.98,22.79,24.63,4.16,1259.73,1281.67,spherical,type3,12.26,10.91,tungsten,0.267,457.038,2754.813,0.166,19300,0.1898,0.45,51.68,Steel,25.74,33.8,15853.33,0
29 mm,B,14.69,14.69,8.73,12.07,61.57,3.4,1132.97,1131.89,ogive,type3,3.06,12.1,steel,0.817,141.552,2121.173,0.067,7800,0.4971,0.209,98.61,Aluminum,15.69,37.7,5603.01,0
40 mm,A,19.26,19.26,24.85,26.26,70.09,7.81,1668.45,1703.17,spherical,type3,14.93,5.35,tungsten,0.88,230.675,264.661,0.872,19300,0.4145,0.586,44.17,Steel,18.93,4.7,34587.79,1
40 mm,B,17.26,17.26,8.23,10.55,29.53,4.38,1494.0,1590.37,cylindrical,type2,13.18,5.31,tungsten,0.397,133.893,576.535,0.232,19300,0.4394,0.274,95.85,Steel,5.77,5.5,9184.83,1
29 mm,C,18.92,18.92,16.99,20.06,24.45,2.25,739.63,810.31,ogive,type3,6.13,9.75,steel,0.519,122.131,1022.698,0.119,7800,0.4493,0.552,35.48,Titanium,27.52,4.2,4647.21,0
40 mm,A,14.02,14.02,23.58,27.08,73.19,7.78,1568.47,1616.58,ogive,type1,13.32,10.2,steel,0.571,260.623,2707.538,0.096,7800,0.3876,0.479,45.66,Steel,29.55,2.8,29004.56,1
29 mm,A,10.36,10.36,21.65,24.14,27.93,7.73,1570.35,1526.01,ogive,type3,10.86,11.37,tungsten,0.344,769.284,2291.842,0.336,19300,0.2865,0.252,33.13,Aluminum,10.88,33.6,26694.44,1
40 mm,B,11.64,11.64,17.96,19.58,22.11,4.05,1429.75,1391.91,spherical,type3,10.66,9.54,tungsten,0.712,113.293,1928.98,0.059,19300,0.4668,0.239,39.03,Titanium,21.41,2.5,18356.78,0
40 mm,A,14.87,14.87,19.31,22.07,63.26,3.44,1722.23,1602.91,ogive,type1,3.82,4.27,tungsten,0.606,374.03,627.265,0.596,19300,0.2706,0.424,32.57,Titanium,21.97,42.7,28637.47,1
29 mm,A,11.4,11.4,7.68,10.04,70.86,5.76,1583.58,1615.26,spherical,type2,13.78,14.01,aluminum,0.279,608.309,2800.849,0.217,2700,0.1383,0.567,69.99,Aluminum,29.16,29.4,9629.67,0
29 mm,B,15.98,15.98,5.19,8.51,50.87,6.8,940.79,996.22,cylindrical,type2,7.85,4.17,steel,0.827,769.333,2462.762,0.312,7800,0.3386,0.42,36.05,Steel,17.09,7.7,2296.8,0
29 mm,B,6.38,6.38,13.68,16.35,52.4,4.49,1119.7,1179.21,ogive,type1,12.44,9.35,tungsten,0.412,710.103,870.392,0.816,19300,0.1422,0.522,26.81,Steel,10.95,36.8,8575.5,0
40 mm,B,17.45,17.45,6.79,8.63,40.21,3.32,1084.92,1118.69,cylindrical,type3,5.89,13.96,tungsten,0.309,989.582,1332.112,0.743,19300,0.3622,0.581,41.31,Steel,14.01,37.1,3996.09,0
40 mm,C,8.06,8.06,12.16,15.42,34.31,3.11,1255.4,1247.7,ogive,type1,6.0,13.87,aluminum,0.887,348.065,1399.475,0.249,2700,0.499,0.232,74.27,Aluminum,20.99,25.4,9582.26,0
29 mm,C,19.16,19.16,9.47,12.02,65.31,3.29,1749.08,1720.87,cylindrical,type1,14.54,4.18,tungsten,0.272,100.125,1845.018,0.054,19300,0.3701,0.346,54.29,Aluminum,16.81,4.1,14485.69,0
29 mm,A,7.33,7.33,23.33,24.86,70.96,1.83,1377.16,1335.89,spherical,type1,8.46,5.1,aluminum,0.242,134.397,1249.469,0.108,2700,0.1842,0.385,32.49,Aluminum,6.99,18.0,22123.49,1
40 mm,B,6.94,6.94,22.6,25.29,39.27,6.45,1044.23,1036.06,spherical,type3,2.78,9.82,steel,0.366,187.767,788.074,0.238,7800,0.1551,0.169,25.08,Steel,25.18,24.7,12321.7,0
29 mm,A,17.18,17.18,21.38,25.22,36.43,1.73,1735.67,1686.78,cylindrical,type1,12.86,6.38,tungsten,0.423,977.714,2067.571,0.473,19300,0.2426,0.489,78.35,Steel,26.61,33.5,32204.16,1
29 mm,A,17.28,17.28,19.28,22.4,36.07,3.79,1470.3,1558.1,ogive,type2,4.95,11.5,tungsten,0.504,613.043,2097.154,0.292,19300,0.1583,0.194,76.33,Steel,16.96,13.4,20839.58,1
29 mm,A,16.08,16.08,8.08,9.98,23.04,6.84,992.69,927.57,cylindrical,type3,13.42,8.79,tungsten,0.68,819.432,1438.68,0.57,19300,0.3279,0.439,56.92,Steel,18.09,39.3,3981.15,0
40 mm,B,19.41,19.41,5.97,9.1,36.86,3.83,1697.16,1687.31,ogive,type1,13.91,5.46,aluminum,0.456,986.571,1562.627,0.631,2700,0.4132,0.338,62.22,Titanium,17.29,11.3,8597.85,0
40 mm,C,9.06,9.06,18.08,19.93,21.54,3.06,1078.63,981.82,cylindrical,type3,2.95,7.34,steel,0.592,859.841,341.876,2.515,7800,0.3633,0.51,39.24,Steel,18.24,44.9,10517.52,0
29 mm,C,17.4,17.4,17.85,20.48,67.3,7.64,1267.83,1282.66,spherical,type1,9.57,10.98,steel,0.204,466.854,1477.077,0.316,7800,0.3469,0.331,58.83,Steel,7.57,5.2,14345.98,1
40 mm,B,10.28,10.28,12.39,14.97,35.36,1.89,1227.15,1227.03,spherical,type3,14.76,12.21,tungsten,0.469,888.293,2441.115,0.364,19300,0.2742,0.373,78.29,Aluminum,15.84,37.5,9329.03,0
40 mm,C,13.06,13.06,14.45,16.19,61.41,7.19,1715.99,1698.15,cylindrical,type1,14.1,6.8,aluminum,0.861,490.376,1856.151,0.264,2700,0.1691,0.15,81.72,Steel,16.2,5.9,21274.89,1
29 mm,A,11.68,11.68,14.78,16.82,52.59,1.43,992.23,945.59,ogive,type1,8.83,3.36,tungsten,0.742,202.571,2777.957,0.073,19300,0.3551,0.495,47.24,Aluminum,29.94,34.2,7275.61,0
40 mm,C,5.09,5.09,9.8,13.63,70.25,3.89,1066.64,1066.76,ogive,type3,10.85,6.59,steel,0.719,593.318,2206.237,0.269,7800,0.2677,0.271,74.31,Titanium,6.22,38.8,5574.83,0
40 mm,C,13.62,13.62,11.28,13.03,77.62,5.42,1426.18,1398.96,spherical,type3,9.86,10.2,aluminum,0.413,924.173,2377.384,0.389,2700,0.2222,0.369,58.92,Steel,12.8,14.1,11471.7,0
29 mm,A,16.21,16.21,13.37,16.77,42.04,3.59,1675.28,1668.44,cylindrical,type3,4.64,11.88,aluminum,0.542,806.084,1483.564,0.543,2700,0.3637,0.515,79.15,Titanium,17.4,4.6,18761.87,1
29 mm,B,7.62,7.62,17.06,20.06,25.3,4.74,826.37,924.24,ogive,type3,10.49,13.44,steel,0.791,461.734,685.658,0.673,7800,0.2514,0.314,75.26,Aluminum,26.18,45.0,5825.03,0
40 mm,C,18.97,18.97,24.12,26.72,64.98,2.43,930.87,939.48,cylindrical,type2,6.33,14.51,aluminum,0.816,869.38,2754.118,0.316,2700,0.1673,0.201,80.03,Titanium,16.53,43.7,10450.22,0
40 mm,B,12.96,12.96,15.77,17.18,21.28,4.98,1742.84,1769.48,spherical,type1,6.39,8.88,tungsten,0.697,517.764,2045.75,0.253,19300,0.2934,0.196,33.19,Titanium,12.28,34.1,23950.62,1
29 mm,C,7.67,7.67,19.62,21.23,33.38,1.94,1555.03,1531.81,cylindrical,type1,7.46,13.44,aluminum,0.52,716.117,2746.529,0.261,2700,0.2157,0.361,45.77,Titanium,18.38,17.4,23721.74,1
40 mm,C,14.69,14.69,21.14,22.68,23.2,6.57,1080.68,1041.46,spherical,type2,13.08,5.41,steel,0.251,399.822,1929.063,0.207,7800,0.3934,0.21,41.2,Aluminum,12.43,6.0,12344.38,1
40 mm,B,7.88,7.88,7.27,10.03,73.89,5.09,1093.4,1092.25,spherical,type2,5.1,9.28,steel,0.284,275.243,1472.547,0.187,7800,0.1188,0.236,55.77,Steel,18.71,18.8,4345.73,0
29 mm,A,5.95,5.95,18.06,21.98,20.32,4.37,1216.49,1341.69,cylindrical,type2,5.26,9.01,tungsten,0.2,382.123,577.27,0.662,19300,0.4411,0.179,57.19,Steel,22.25,32.4,13363.03,0
40 mm,B,15.28,15.28,14.64,18.27,49.56,1.38,1441.18,1426.81,spherical,type1,2.1,11.99,aluminum,0.451,887.647,1313.573,0.676,2700,0.2845,0.295,73.38,Steel,18.27,6.9,15203.64,0
29 mm,A,6.66,6.66,16.45,17.53,45.44,4.5,1317.15,1335.22,cylindrical,type2,4.02,12.05,aluminum,0.216,990.794,1873.15,0.529,2700,0.1064,0.306,65.57,Steel,20.24,0.8,14269.42,0
40 mm,B,6.59,6.59,5.77,7.59,59.16,4.94,1553.73,1512.31,cylindrical,type1,14.72,5.71,aluminum,0.505,337.525,2806.14,0.12,2700,0.1533,0.339,66.39,Titanium,5.97,40.7,6964.61,1
29 mm,B,16.1,16.1,23.12,24.59,37.38,2.86,759.58,621.82,cylindrical,type1,7.64,13.52,tungsten,0.618,248.827,2522.061,0.099,19300,0.4782,0.376,70.64,Titanium,21.47,31.5,6669.68,0
29 mm,B,5.83,5.83,24.06,27.99,72.42,5.74,1600.94,1561.45,cylindrical,type1,4.54,13.59,steel,0.617,163.974,1636.797,0.1,7800,0.3148,0.373,41.83,Aluminum,29.24,31.2,30833.0,1
40 mm,A,17.15,17.15,5.07,6.78,64.06,1.54,763.86,882.9,spherical,type2,14.55,14.33,aluminum,0.589,778.438,1454.375,0.535,2700,0.4074,0.252,38.09,Steel,17.29,42.6,1479.13,0
29 mm,A,16.94,16.94,9.26,10.86,45.94,2.46,1669.07,1698.84,ogive,type2,2.35,7.95,steel,0.358,575.2,293.165,1.962,7800,0.4531,0.545,37.22,Titanium,25.07,23.4,12898.23,0
40 mm,C,7.12,7.12,8.6,11.46,41.48,6.16,747.58,829.63,ogive,type1,8.29,14.84,aluminum,0.563,600.49,1183.328,0.507,2700,0.2281,0.331,82.36,Steel,18.72,14.3,2403.17,0
29 mm,A,12.78,12.78,20.63,23.3,68.95,2.03,840.62,823.23,ogive,type2,12.46,12.2,aluminum,0.886,140.686,2947.69,0.048,2700,0.3188,0.508,27.78,Titanium,22.6,40.9,7289.01,0
40 mm,A,6.45,6.45,16.96,18.64,65.42,2.72,898.2,780.36,ogive,type1,12.05,10.49,tungsten,0.511,172.951,2274.871,0.076,19300,0.3601,0.357,45.29,Titanium,12.75,44.4,6841.35,0
40 mm,C,14.49,14.49,8.55,11.56,43.94,5.56,945.36,889.92,cylindrical,type1,4.46,7.62,steel,0.812,923.161,1669.297,0.553,7800,0.4366,0.254,42.42,Aluminum,29.17,0.9,3820.59,0
40 mm,A,5.94,5.94,21.28,22.57,40.48,6.1,1141.94,1161.79,ogive,type1,11.2,12.95,tungsten,0.467,619.058,2614.439,0.237,19300,0.268,0.456,67.35,Titanium,10.38,14.9,13874.85,1
29 mm,B,19.17,19.17,12.07,13.13,22.33,1.36,1421.03,1432.91,cylindrical,type2,10.09,11.93,steel,0.636,297.286,264.556,1.124,7800,0.4807,0.147,93.94,Aluminum,8.98,16.3,12186.63,1
29 mm,A,8.12,8.12,14.22,15.47,24.9,1.89,1681.86,1681.34,spherical,type3,10.78,9.61,steel,0.537,286.715,2881.348,0.1,7800,0.3428,0.583,90.29,Titanium,6.14,5.0,20111.72,1
40 mm,A,15.24,15.24,12.75,14.84,23.24,4.12,1276.95,1250.44,ogive,type1,5.46,14.96,aluminum,0.682,316.813,2159.072,0.147,2700,0.4495,0.365,28.43,Aluminum,18.53,10.0,10395.08,0
40 mm,B,6.92,6.92,15.43,19.36,21.46,5.15,1285.74,1332.73,spherical,type1,12.54,5.24,aluminum,0.828,157.382,237.28,0.663,2700,0.1333,0.107,63.22,Aluminum,20.47,1.1,12753.88,0
40 mm,B,8.14,8.14,14.6,17.24,29.17,4.18,1051.24,1026.17,ogive,type1,9.27,10.34,steel,0.509,144.787,2175.489,0.067,7800,0.2853,0.282,22.98,Steel,21.24,31.3,8067.27,0
29 mm,A,11.76,11.76,10.49,13.75,71.43,5.53,1580.75,1596.14,cylindrical,type2,11.43,6.17,steel,0.73,747.987,432.758,1.728,7800,0.1717,0.442,83.39,Titanium,9.31,4.8,13106.05,1
40 mm,A,13.6,13.6,13.49,15.45,67.89,6.29,821.53,831.3,ogive,type3,14.21,7.95,steel,0.818,337.381,1990.872,0.169,7800,0.4648,0.087,49.98,Titanium,21.29,39.9,4552.28,0
29 mm,A,19.98,19.98,23.17,26.33,70.73,7.65,1031.21,1012.78,cylindrical,type1,13.12,6.41,steel,0.753,446.018,1042.48,0.428,7800,0.194,0.194,37.19,Steel,9.13,26.3,12319.42,1
29 mm,B,5.39,5.39,15.06,18.96,57.43,3.45,806.68,762.62,cylindrical,type2,12.17,6.35,steel,0.217,583.627,793.858,0.735,7800,0.3852,0.558,58.73,Aluminum,23.87,16.0,4900.02,0
40 mm,C,5.0,5.0,23.33,25.4,57.44,2.14,935.6,914.23,spherical,type3,5.77,6.9,aluminum,0.2,388.058,1958.628,0.198,2700,0.1251,0.246,54.81,Titanium,11.88,36.4,10210.93,0
29 mm,A,10.26,10.26,16.0,20.0,27.44,2.85,1345.26,1438.94,ogive,type3,2.7,2.74,aluminum,0.818,530.908,1415.314,0.375,2700,0.1803,0.138,95.45,Titanium,15.55,29.3,14477.8,1
40 mm,A,10.49,10.49,20.38,23.3,61.94,2.04,838.56,894.18,spherical,type2,9.47,2.52,aluminum,0.711,878.51,380.664,2.308,2700,0.2279,0.104,22.65,Steel,14.18,33.9,7165.43,0
29 mm,B,18.26,18.26,10.87,14.12,36.8,3.76,810.68,861.7,cylindrical,type3,2.45,11.42,tungsten,0.871,319.69,2502.56,0.128,19300,0.4127,0.39,96.0,Steel,14.19,39.5,3571.89,0
29 mm,B,18.69,18.69,20.81,22.57,51.16,7.11,1608.5,1569.18,cylindrical,type3,11.28,6.04,steel,0.405,812.134,945.144,0.859,7800,0.2005,0.357,38.75,Titanium,23.02,36.3,26920.57,1
29 mm,A,18.21,18.21,10.29,13.22,77.28,3.43,830.13,758.25,cylindrical,type3,11.58,2.28,steel,0.752,337.554,1930.989,0.175,7800,0.4268,0.406,31.6,Aluminum,29.94,35.1,3545.5,0
40 mm,A,7.15,7.15,5.39,7.92,72.24,2.04,1368.86,1423.68,spherical,type1,9.32,3.06,steel,0.761,268.253,1906.21,0.141,7800,0.4154,0.577,79.35,Titanium,18.18,32.8,5049.83,0
40 mm,B,11.18,11.18,8.21,12.08,33.99,4.66,1087.21,1132.45,cylindrical,type1,4.19,4.55,steel,0.8,165.393,357.251,0.463,7800,0.4969,0.083,61.81,Aluminum,15.03,17.0,4852.22,0
40 mm,B,16.19,16.19,5.43,9.14,64.2,7.94,1686.0,1692.86,cylindrical,type1,13.38,2.63,aluminum,0.684,715.781,2992.486,0.239,2700,0.3709,0.159,91.65,Titanium,12.34,29.3,7717.65,0
40 mm,B,9.69,9.69,23.94,26.13,26.25,2.32,1478.31,1459.78,spherical,type3,9.75,14.3,steel,0.297,470.47,1453.45,0.324,7800,0.355,0.179,63.41,Steel,20.61,25.5,26159.24,1
40 mm,A,14.95,14.95,25.0,28.84,21.6,6.45,765.37,692.17,spherical,type2,8.69,9.39,tungsten,0.677,793.384,774.999,1.024,19300,0.3406,0.285,60.44,Aluminum,16.28,43.4,7322.39,0
40 mm,C,8.56,8.56,20.24,23.89,21.69,6.76,1685.01,1728.38,ogive,type1,9.38,7.12,steel,0.623,219.404,1422.894,0.154,7800,0.1438,0.117,36.49,Aluminum,24.32,22.5,28733.3,1
40 mm,B,9.85,9.85,7.16,9.93,30.21,3.81,1155.29,1214.6,spherical,type2,3.08,8.93,aluminum,0.434,643.015,1888.573,0.34,2700,0.3053,0.275,95.98,Steel,20.17,10.0,4778.21,0
29 mm,B,17.91,17.91,22.98,24.23,61.7,5.34,1028.05,994.1,spherical,type1,11.63,3.47,tungsten,0.346,111.688,208.511,0.536,19300,0.4406,0.499,73.16,Titanium,15.3,20.6,12143.63,0
29 mm,A,8.76,8.76,19.88,21.36,41.8,4.03,1440.06,1401.93,cylindrical,type3,2.79,11.12,tungsten,0.82,310.447,1040.374,0.298,19300,0.1083,0.14,68.13,Aluminum,28.83,18.7,20613.3,0
29 mm,C,19.46,19.46,11.64,12.87,20.96,2.84,1489.77,1551.82,spherical,type2,9.52,14.6,aluminum,0.299,648.682,1701.725,0.381,2700,0.1507,0.554,83.2,Aluminum,5.28,21.1,12916.99,1
29 mm,C,9.59,9.59,15.05,16.37,79.28,3.98,1033.58,1001.49,cylindrical,type3,4.2,3.7,tungsten,0.496,150.435,2144.536,0.07,19300,0.3402,0.551,28.1,Steel,22.24,26.1,8038.86,0
40 mm,A,5.35,5.35,18.24,22.17,52.0,1.67,1086.82,1175.77,spherical,type1,4.7,3.98,steel,0.636,439.506,1077.257,0.408,7800,0.4388,0.332,89.31,Steel,15.27,42.7,10772.34,0
29 mm,C,8.82,8.82,5.48,7.12,43.63,5.95,871.96,866.51,cylindrical,type2,5.03,10.17,aluminum,0.88,605.497,1330.947,0.455,2700,0.2229,0.523,60.04,Titanium,8.04,12.6,2083.26,0
29 mm,C,7.57,7.57,15.03,18.1,51.13,6.8,1352.79,1333.46,ogive,type1,2.19,3.98,tungsten,0.67,754.828,819.44,0.921,19300,0.4486,0.441,84.18,Titanium,7.32,43.6,13752.76,1
40 mm,A,12.6,12.6,19.65,22.56,51.2,3.15,1752.6,1754.86,cylindrical,type3,13.59,3.64,steel,0.413,735.09,1020.513,0.72,7800,0.235,0.246,77.01,Steel,21.23,35.1,30178.54,1
40 mm,C,6.69,6.69,8.76,11.65,48.21,4.97,1158.29,1138.96,ogive,type2,12.46,10.72,tungsten,0.242,233.363,2124.601,0.11,19300,0.2862,0.359,56.1,Steel,8.69,8.2,5876.36,0
40 mm,A,14.39,14.39,13.88,15.5,56.78,2.63,1795.83,1852.14,ogive,type2,2.41,10.04,tungsten,0.422,167.653,1144.333,0.147,19300,0.4812,0.114,81.58,Steel,26.4,12.6,22381.54,0
29 mm,A,18.12,18.12,15.65,18.39,73.14,1.89,894.06,938.35,spherical,type2,2.74,4.83,tungsten,0.405,438.723,982.935,0.446,19300,0.267,0.323,77.66,Steel,12.77,40.9,6254.86,0
29 mm,A,10.44,10.44,19.71,22.59,38.1,5.65,1575.71,1630.12,cylindrical,type1,12.18,12.7,tungsten,0.773,316.725,1035.968,0.306,19300,0.3398,0.506,20.3,Steel,13.6,36.1,24468.61,1
40 mm,B,7.53,7.53,24.29,27.0,49.22,1.94,1720.92,1730.15,spherical,type3,2.09,3.37,steel,0.464,375.122,1915.401,0.196,7800,0.4742,0.372,76.74,Titanium,21.5,6.5,35968.21,1
29 mm,B,11.0,11.0,21.97,23.53,20.22,6.47,1456.86,1434.04,cylindrical,type2,8.1,6.32,steel,0.269,408.236,1770.287,0.231,7800,0.2058,0.26,60.7,Titanium,10.5,26.3,23315.02,1
29 mm,B,16.79,16.79,17.43,20.6,71.59,2.9,820.26,819.81,spherical,type3,3.39,11.61,tungsten,0.809,457.46,1339.324,0.342,19300,0.1368,0.415,87.16,Aluminum,5.18,12.5,5863.68,1
29 mm,A,13.87,13.87,16.67,17.89,38.35,6.73,1059.2,1037.92,ogive,type1,9.69,9.98,aluminum,0.213,566.74,1970.486,0.288,2700,0.4832,0.587,84.77,Aluminum,16.15,28.3,9351.08,0
40 mm,A,6.52,6.52,17.06,19.83,36.28,3.58,794.23,867.56,spherical,type1,14.98,9.8,aluminum,0.202,108.373,1999.824,0.054,2700,0.3239,0.087,33.65,Steel,18.2,7.8,5380.74,0
40 mm,C,13.06,13.06,15.9,18.21,79.85,3.58,1361.92,1412.03,cylindrical,type3,4.24,10.92,tungsten,0.532,368.202,236.707,1.556,19300,0.4863,0.232,21.74,Aluminum,16.15,15.8,14745.87,1
40 mm,C,12.02,12.02,6.19,7.94,55.06,6.25,1797.96,1793.38,spherical,type1,14.44,10.4,aluminum,0.248,337.93,1149.367,0.294,2700,0.4467,0.136,35.71,Titanium,16.45,17.5,10005.08,0
40 mm,C,9.91,9.91,18.97,22.39,27.38,4.57,1112.23,1065.91,ogive,type1,13.25,13.37,tungsten,0.324,312.601,884.009,0.354,19300,0.3379,0.576,79.29,Steel,21.64,24.2,11733.47,0
40 mm,A,6.65,6.65,19.33,20.86,35.93,2.41,879.24,956.28,ogive,type3,14.82,9.39,steel,0.89,809.757,2521.54,0.321,7800,0.2885,0.35,89.71,Aluminum,26.14,10.8,7471.65,0
29 mm,C,19.72,19.72,15.25,19.05,41.19,6.95,995.5,1002.33,ogive,type1,11.96,7.22,steel,0.791,326.168,971.221,0.336,7800,0.2921,0.121,76.05,Aluminum,14.14,32.7,7556.53,0
40 mm,C,7.64,7.64,22.41,26.06,79.16,3.38,1327.88,1321.37,cylindrical,type1,13.14,11.96,steel,0.735,235.868,1088.429,0.217,7800,0.1664,0.387,85.65,Aluminum,24.75,36.4,19757.39,0
29 mm,B,7.89,7.89,18.45,20.53,45.84,1.72,1325.86,1403.34,spherical,type2,9.73,5.37,aluminum,0.67,866.643,1705.805,0.508,2700,0.2814,0.325,66.98,Aluminum,6.57,28.8,16216.67,1
29 mm,A,7.18,7.18,12.25,14.17,33.81,3.91,952.8,927.3,ogive,type1,13.27,11.87,aluminum,0.233,444.647,1732.718,0.257,2700,0.4287,0.083,60.52,Steel,17.01,40.6,5560.45,0
40 mm,C,13.55,13.55,5.39,6.8,54.18,5.02,1525.78,1509.83,cylindrical,type1,3.45,5.64,tungsten,0.785,265.631,2470.726,0.108,19300,0.4955,0.525,97.63,Steel,14.4,35.6,6273.97,0
29 mm,B,11.66,11.66,6.18,9.93,44.29,5.27,796.81,785.27,ogive,type1,11.64,8.24,steel,0.53,776.087,1286.199,0.603,7800,0.4841,0.44,26.45,Steel,16.65,2.0,1961.86,0
29 mm,A,8.74,8.74,12.04,14.92,23.3,6.85,1385.34,1319.51,ogive,type1,10.17,11.61,aluminum,0.269,691.457,987.26,0.7,2700,0.4849,0.053,53.71,Titanium,7.29,3.8,11553.38,1
29 mm,A,11.44,11.44,14.24,15.34,71.66,4.79,1168.27,1184.06,cylindrical,type1,2.78,10.16,aluminum,0.411,950.77,1903.081,0.5,2700,0.1076,0.578,42.24,Titanium,8.47,29.7,9717.77,1
40 mm,B,15.1,15.1,8.34,10.87,20.94,2.57,839.89,801.77,ogive,type3,5.79,3.11,aluminum,0.551,890.016,2239.187,0.397,2700,0.3063,0.138,29.76,Aluminum,12.34,32.5,2941.58,0
29 mm,A,9.23,9.23,8.79,10.05,73.91,2.83,1397.82,1369.28,ogive,type1,4.81,7.81,steel,0.21,724.884,2979.273,0.243,7800,0.1801,0.05,68.45,Aluminum,11.84,43.6,8587.39,0
29 mm,A,18.73,18.73,9.6,12.32,67.51,1.71,1440.35,1405.13,cylindrical,type1,7.27,12.55,tungsten,0.377,244.892,1931.237,0.127,19300,0.3461,0.285,41.06,Titanium,14.63,0.1,9958.12,0
40 mm,B,9.6,9.6,20.61,23.14,24.55,6.15,1184.02,1154.67,spherical,type1,4.58,14.96,steel,0.435,534.863,1574.054,0.34,7800,0.4783,0.127,57.04,Titanium,16.43,10.7,14446.61,0
29 mm,C,7.97,7.97,20.43,21.68,63.42,1.74,1577.79,1535.84,spherical,type2,5.57,8.07,aluminum,0.525,206.91,572.59,0.361,2700,0.4507,0.364,30.93,Steel,10.53,37.4,25429.44,1
40 mm,A,19.32,19.32,12.66,16.11,66.26,5.24,1260.25,1272.61,cylindrical,type3,5.85,3.12,aluminum,0.201,594.458,2963.385,0.201,2700,0.4466,0.221,51.2,Titanium,20.48,40.1,10053.5,0
40 mm,B,17.16,17.16,8.45,10.24,56.14,5.18,1014.33,1006.55,cylindrical,type2,9.8,6.76,aluminum,0.596,925.105,2117.977,0.437,2700,0.2463,0.152,36.02,Aluminum,14.4,20.9,4346.96,0
40 mm,C,10.15,10.15,7.22,9.84,54.66,6.5,1748.96,1751.36,spherical,type1,3.75,8.37,aluminum,0.338,103.441,662.049,0.156,2700,0.3005,0.592,91.75,Titanium,6.5,21.8,11042.49,1
29 mm,C,17.62,17.62,6.74,9.66,22.98,1.52,1738.45,1856.14,spherical,type1,5.13,2.95,steel,0.618,888.413,1487.096,0.597,7800,0.2128,0.233,61.79,Titanium,11.09,38.4,10184.84,1
29 mm,C,12.78,12.78,12.83,16.72,23.57,2.42,805.18,797.4,ogive,type2,6.12,13.24,tungsten,0.367,585.386,1768.847,0.331,19300,0.3215,0.278,83.96,Steel,19.0,20.7,4158.94,0
29 mm,A,10.2,10.2,5.91,8.39,63.64,7.37,1740.69,1770.94,ogive,type1,7.84,9.0,steel,0.482,236.125,807.256,0.293,7800,0.2214,0.212,58.86,Titanium,20.17,35.4,8953.65,0
40 mm,C,17.59,17.59,11.67,15.42,26.33,5.01,1553.03,1588.97,spherical,type3,2.5,7.41,steel,0.637,870.279,2250.948,0.387,7800,0.4235,0.51,23.39,Steel,24.99,42.7,14073.45,0
29 mm,C,16.28,16.28,24.23,26.29,34.51,4.2,817.31,814.17,cylindrical,type3,14.99,7.16,aluminum,0.66,583.207,2020.945,0.289,2700,0.2858,0.158,75.56,Aluminum,11.14,11.8,8092.77,0
29 mm,A,9.47,9.47,15.15,18.72,49.93,6.23,1271.26,1284.95,spherical,type2,5.91,2.37,steel,0.221,503.349,854.493,0.589,7800,0.3802,0.12,23.83,Titanium,19.06,12.3,12241.97,0
29 mm,B,14.1,14.1,21.45,23.16,29.85,7.32,738.45,739.48,ogive,type3,5.74,8.75,aluminum,0.575,549.746,2971.318,0.185,2700,0.4491,0.535,51.6,Steel,16.9,42.2,5848.43,0
40 mm,B,10.54,10.54,7.59,10.71,67.39,2.84,1347.74,1357.87,ogive,type1,9.21,8.18,tungsten,0.772,232.634,2856.272,0.081,19300,0.2199,0.151,63.76,Steel,26.21,19.1,6893.25,0
29 mm,B,5.02,5.02,10.36,11.63,68.44,7.31,1726.51,1697.18,ogive,type1,13.1,6.5,aluminum,0.344,201.464,943.459,0.214,2700,0.3488,0.522,82.39,Aluminum,23.25,0.7,15440.73,0
40 mm,A,19.43,19.43,23.93,27.89,70.53,1.76,1105.03,1080.32,cylindrical,type3,7.94,10.56,steel,0.572,695.401,1437.074,0.484,7800,0.4383,0.368,91.89,Aluminum,8.3,22.6,14610.36,1
29 mm,C,13.24,13.24,12.67,16.53,22.97,7.84,1259.49,1260.34,cylindrical,type3,5.23,7.34,aluminum,0.513,892.371,2705.406,0.33,2700,0.4803,0.503,36.39,Aluminum,28.97,27.8,10049.31,0
29 mm,C,13.98,13.98,17.97,20.3,45.67,2.15,950.32,851.72,ogive,type1,9.36,9.43,steel,0.795,725.013,1337.628,0.542,7800,0.1652,0.089,73.09,Titanium,13.88,11.0,8114.43,0
29 mm,B,14.0,14.0,24.52,27.09,70.82,2.86,1295.04,1369.84,cylindrical,type2,8.28,13.51,steel,0.507,856.707,2873.497,0.298,7800,0.3726,0.58,57.62,Steel,28.86,32.7,20561.6,0
40 mm,C,13.26,13.26,16.02,18.81,41.79,1.68,1582.83,1690.87,cylindrical,type1,7.5,6.73,tungsten,0.861,860.294,761.141,1.13,19300,0.2741,0.215,81.4,Titanium,12.13,10.5,20067.86,1
29 mm,B,9.35,9.35,11.11,12.94,61.75,6.63,936.78,945.3,ogive,type2,14.79,7.17,aluminum,0.657,128.837,2227.262,0.058,2700,0.2142,0.082,95.19,Steel,16.72,5.4,4874.83,0
29 mm,C,19.57,19.57,15.64,18.66,55.35,7.89,1308.84,1342.11,cylindrical,type3,14.95,13.26,aluminum,0.593,793.859,1878.617,0.423,2700,0.1631,0.471,62.64,Aluminum,18.76,11.2,13396.15,0
40 mm,B,14.33,14.33,6.09,9.19,40.83,3.08,1090.11,1144.16,ogive,type3,9.31,6.66,aluminum,0.404,794.883,1169.318,0.68,2700,0.3342,0.148,42.94,Aluminum,6.59,24.0,3618.49,0
40 mm,B,15.06,15.06,7.25,9.83,36.58,3.28,1522.66,1456.43,cylindrical,type2,2.88,7.71,tungsten,0.618,414.979,2209.819,0.188,19300,0.2336,0.243,83.88,Aluminum,22.89,38.5,8404.54,0
40 mm,A,11.82,11.82,5.14,6.58,59.16,2.95,1472.24,1518.65,ogive,type3,9.37,12.41,tungsten,0.292,468.864,267.789,1.751,19300,0.3672,0.377,62.14,Steel,7.62,23.8,5570.45,0
40 mm,B,9.32,9.32,22.68,26.44,28.02,2.08,1468.67,1447.35,spherical,type2,14.38,9.69,aluminum,0.491,770.941,846.436,0.911,2700,0.2124,0.088,90.58,Steel,9.1,38.2,24460.28,1
29 mm,A,5.97,5.97,18.43,19.78,71.61,6.51,1115.58,1230.12,spherical,type3,14.03,14.14,tungsten,0.399,987.899,931.627,1.06,19300,0.1002,0.161,65.29,Titanium,12.26,2.9,11468.24,1
40 mm,A,10.25,10.25,10.97,13.86,54.59,1.43,1359.21,1349.8,spherical,type1,4.8,8.12,steel,0.669,989.043,528.917,1.87,7800,0.4069,0.319,94.97,Titanium,29.02,16.8,10133.27,0
29 mm,A,7.64,7.64,9.42,10.73,26.69,7.77,1416.19,1461.6,cylindrical,type2,4.47,8.23,steel,0.735,526.459,295.091,1.784,7800,0.1645,0.282,21.4,Steel,29.33,19.6,9446.35,0
40 mm,C,14.93,14.93,18.66,20.1,62.21,7.49,1448.9,1439.98,ogive,type2,3.98,2.56,aluminum,0.85,810.596,1188.253,0.682,2700,0.201,0.357,79.12,Steel,17.23,36.1,19586.57,1
40 mm,A,18.19,18.19,23.39,24.45,45.87,1.83,1332.78,1442.61,spherical,type2,12.66,4.56,aluminum,0.355,519.455,811.169,0.64,2700,0.1941,0.451,47.72,Titanium,18.33,27.5,20773.86,1
40 mm,C,9.54,9.54,10.98,13.07,32.24,4.71,1653.49,1627.87,spherical,type1,8.37,9.02,aluminum,0.819,879.363,572.027,1.537,2700,0.2369,0.244,73.49,Steel,10.3,35.3,15009.82,1
40 mm,C,9.99,9.99,11.43,14.35,77.66,7.95,973.68,1031.93,ogive,type1,6.39,4.43,tungsten,0.792,684.755,640.47,1.069,19300,0.2941,0.272,95.39,Aluminum,15.45,15.2,5418.12,0
40 mm,A,15.06,15.06,22.08,24.64,63.18,6.97,761.39,792.72,ogive,type3,6.22,7.9,steel,0.804,942.976,2513.546,0.375,7800,0.425,0.2,72.31,Steel,29.61,42.0,6400.05,0
40 mm,B,7.24,7.24,22.87,25.89,55.58,6.01,1758.75,1778.97,cylindrical,type1,5.58,5.68,aluminum,0.718,997.516,465.728,2.142,2700,0.3601,0.237,79.6,Titanium,24.77,36.6,35370.76,1
40 mm,B,18.94,18.94,23.28,26.31,70.93,1.16,766.81,778.26,cylindrical,type2,13.47,2.27,aluminum,0.387,397.169,2229.595,0.178,2700,0.1584,0.078,32.64,Titanium,22.43,41.2,6844.29,0
29 mm,B,10.46,10.46,10.86,12.28,52.63,1.48,1693.25,1659.9,cylindrical,type2,7.33,8.18,tungsten,0.815,981.391,351.072,2.795,19300,0.1735,0.369,33.64,Titanium,11.96,11.8,15568.33,1
29 mm,C,6.52,6.52,7.41,8.58,46.49,6.56,1373.51,1244.21,spherical,type2,5.17,10.4,aluminum,0.62,723.262,313.77,2.305,2700,0.4388,0.145,65.87,Steel,24.08,0.3,6989.59,0
29 mm,B,7.62,7.62,13.8,16.68,31.37,3.64,1710.61,1764.33,spherical,type1,11.24,6.4,steel,0.718,314.278,1438.28,0.219,7800,0.1999,0.444,54.45,Steel,29.16,27.7,20190.69,0
40 mm,B,18.99,18.99,10.92,13.88,29.2,5.68,1321.45,1297.01,ogive,type1,10.26,12.09,tungsten,0.344,102.801,1269.188,0.081,19300,0.1875,0.073,28.89,Titanium,29.7,22.2,9534.42,0
29 mm,B,8.71,8.71,22.68,25.35,45.92,6.17,1603.11,1661.59,cylindrical,type1,11.3,3.9,steel,0.31,715.455,1728.096,0.414,7800,0.1014,0.083,78.27,Steel,19.99,35.1,29143.37,1
29 mm,C,14.93,14.93,5.73,7.47,47.36,3.96,1493.42,1511.0,ogive,type1,12.69,3.19,aluminum,0.394,300.142,2167.401,0.138,2700,0.4096,0.207,75.92,Aluminum,9.02,4.4,6389.82,0
29 mm,B,7.34,7.34,17.68,21.11,64.0,2.0,1277.62,1337.63,ogive,type1,3.32,14.15,tungsten,0.558,308.241,1067.47,0.289,19300,0.3954,0.291,27.33,Steel,29.1,26.8,14429.65,0
40 mm,B,7.91,7.91,23.12,24.35,46.53,3.71,1099.66,1139.75,spherical,type1,2.03,13.98,tungsten,0.492,596.951,744.341,0.802,19300,0.239,0.431,23.89,Steel,18.53,9.0,13978.95,0
40 mm,C,18.19,18.19,24.53,27.43,55.59,7.1,703.14,579.91,spherical,type1,2.66,7.29,aluminum,0.821,127.833,2501.927,0.051,2700,0.1029,0.431,50.31,Titanium,5.96,23.2,6063.89,1
40 mm,C,7.22,7.22,18.0,19.36,69.95,3.32,976.0,1006.74,ogive,type3,11.19,7.46,aluminum,0.209,474.732,662.859,0.716,2700,0.4142,0.585,70.63,Steel,7.04,7.1,8573.18,1
29 mm,C,5.28,5.28,24.0,26.96,79.6,1.44,1746.94,1729.76,spherical,type2,14.15,13.06,tungsten,0.256,819.436,2435.668,0.336,19300,0.1397,0.243,91.49,Steel,19.43,41.1,36621.59,1
29 mm,C,12.52,12.52,6.51,8.76,39.35,7.71,1003.01,1061.26,cylindrical,type1,6.3,8.9,aluminum,0.428,124.534,1844.011,0.068,2700,0.2842,0.083,54.76,Titanium,25.88,8.2,3274.62,0
29 mm,B,17.94,17.94,12.19,15.34,74.12,5.76,1527.04,1556.6,ogive,type2,12.16,3.52,aluminum,0.317,661.547,1010.236,0.655,2700,0.4361,0.524,26.73,Titanium,28.54,25.9,14212.63,0
29 mm,C,9.89,9.89,5.17,6.33,68.36,4.79,1259.35,1289.5,ogive,type1,11.48,3.49,aluminum,0.485,242.542,1079.925,0.225,2700,0.1977,0.452,87.24,Steel,28.61,0.3,4099.71,0
29 mm,A,6.92,6.92,24.62,27.29,24.08,6.8,1039.37,1025.76,ogive,type2,14.71,3.7,tungsten,0.702,876.555,1237.762,0.708,19300,0.2519,0.087,29.99,Titanium,19.47,7.0,13298.37,0
40 mm,A,19.73,19.73,23.05,24.48,40.05,3.88,1790.2,1744.57,spherical,type1,8.12,12.15,steel,0.895,451.618,1855.023,0.243,7800,0.3643,0.096,70.99,Titanium,29.54,22.5,36935.5,1
40 mm,B,15.15,15.15,5.56,8.61,33.14,7.9,751.67,730.03,spherical,type1,4.16,9.82,aluminum,0.341,830.91,2942.955,0.282,2700,0.3693,0.312,53.08,Aluminum,8.74,1.8,1570.72,0
40 mm,C,17.76,17.76,5.36,6.72,59.86,7.0,1340.28,1250.29,spherical,type1,11.95,5.9,aluminum,0.386,751.438,1091.164,0.689,2700,0.2851,0.238,92.77,Aluminum,7.37,24.4,4814.22,0
29 mm,B,16.28,16.28,12.34,13.56,53.32,2.96,1207.67,1178.15,spherical,type2,12.64,4.11,steel,0.738,890.052,2837.23,0.314,7800,0.2735,0.378,76.39,Aluminum,5.76,8.3,8998.74,1
29 mm,B,15.47,15.47,10.17,13.31,49.69,3.6,784.18,710.97,spherical,type2,11.19,3.61,tungsten,0.39,565.174,774.411,0.73,19300,0.2678,0.171,20.01,Steel,24.35,32.7,3126.96,0
40 mm,B,10.77,10.77,21.94,23.13,65.81,2.93,935.51,863.62,ogive,type2,13.22,11.64,tungsten,0.693,537.502,516.283,1.041,19300,0.2944,0.578,49.82,Titanium,27.91,39.1,9600.71,0
29 mm,A,9.87,9.87,8.21,9.88,40.0,5.62,1463.67,1469.49,spherical,type2,6.83,13.52,tungsten,0.608,133.687,1689.919,0.079,19300,0.2387,0.332,34.42,Steel,26.0,34.1,8794.26,0
29 mm,B,15.75,15.75,20.81,24.28,42.97,5.48,819.16,845.86,ogive,type3,10.97,8.9,tungsten,0.798,580.433,2934.146,0.198,19300,0.2026,0.463,42.68,Titanium,28.49,2.9,6982.0,0
29 mm,B,15.75,15.75,16.09,19.52,71.94,4.66,1581.13,1579.54,cylindrical,type3,5.43,12.05,tungsten,0.223,569.779,1557.619,0.366,19300,0.2264,0.119,51.92,Aluminum,18.7,22.3,20112.28,1
40 mm,B,19.26,19.26,12.55,16.11,78.33,7.76,1387.57,1362.63,cylindrical,type2,7.8,5.68,tungsten,0.886,645.755,2439.762,0.265,19300,0.2911,0.389,63.31,Steel,24.08,5.0,12081.57,0
40 mm,B,13.53,13.53,7.91,9.89,66.58,4.31,810.94,763.57,spherical,type2,5.15,9.61,aluminum,0.875,217.919,1523.13,0.143,2700,0.2529,0.526,83.87,Aluminum,13.42,18.4,2600.9,0
29 mm,A,9.42,9.42,24.95,27.53,33.02,6.49,1015.5,999.64,spherical,type2,4.01,7.69,steel,0.216,585.971,2580.005,0.227,7800,0.3342,0.063,26.91,Steel,24.16,37.8,12864.72,0
40 mm,C,12.34,12.34,17.36,20.68,26.76,5.61,850.9,809.79,cylindrical,type1,2.47,3.14,steel,0.55,508.629,2475.674,0.205,7800,0.3525,0.347,55.29,Titanium,23.83,1.9,6284.59,0
40 mm,B,14.21,14.21,13.79,15.2,32.55,4.63,1577.36,1574.22,spherical,type2,10.73,8.34,aluminum,0.481,636.378,2121.339,0.3,2700,0.4985,0.186,88.06,Aluminum,15.89,11.3,17155.21,1
40 mm,A,11.4,11.4,12.42,15.59,45.37,1.29,1286.26,1210.18,ogive,type1,13.38,13.01,steel,0.378,694.495,1923.15,0.361,7800,0.3461,0.313,54.57,Aluminum,6.09,37.2,10274.23,1
40 mm,B,16.87,16.87,23.11,24.4,34.2,5.6,703.11,738.18,spherical,type3,6.09,2.67,steel,0.884,425.281,1650.8,0.258,7800,0.3939,0.499,61.54,Steel,11.66,18.3,5712.37,0
29 mm,B,13.77,13.77,21.42,25.16,74.06,5.5,1297.19,1268.84,spherical,type2,7.58,8.2,tungsten,0.322,553.648,2878.925,0.192,19300,0.1392,0.43,82.29,Steel,27.13,10.6,18021.74,0
40 mm,A,5.14,5.14,21.22,24.13,60.24,1.87,1231.08,1249.89,ogive,type3,2.05,13.35,steel,0.384,455.588,1760.664,0.259,7800,0.4042,0.465,77.03,Aluminum,19.68,42.7,16080.07,0
29 mm,A,13.55,13.55,17.32,19.8,45.0,6.57,1407.38,1451.74,cylindrical,type3,7.37,12.27,tungsten,0.206,788.941,1143.987,0.69,19300,0.3036,0.166,60.8,Aluminum,15.13,7.0,17153.02,1
40 mm,A,14.5,14.5,22.76,25.21,36.43,4.27,738.33,754.72,spherical,type2,5.66,8.41,steel,0.606,816.781,2670.208,0.306,7800,0.4466,0.508,97.37,Titanium,28.68,35.5,6203.59,0
40 mm,B,18.73,18.73,10.99,12.53,42.84,3.27,738.97,778.93,ogive,type3,9.46,4.23,aluminum,0.803,363.647,2048.098,0.178,2700,0.4884,0.388,22.9,Aluminum,14.16,8.0,3000.69,0
40 mm,C,11.21,11.21,19.07,21.11,48.56,6.77,1084.3,980.97,spherical,type2,13.81,13.03,steel,0.635,333.591,1762.884,0.189,7800,0.1921,0.088,24.36,Aluminum,13.2,43.3,11210.36,0
40 mm,C,13.62,13.62,13.09,16.27,62.83,3.4,1457.39,1432.75,ogive,type1,8.58,3.99,tungsten,0.656,710.491,2110.078,0.337,19300,0.4715,0.524,54.19,Aluminum,24.26,35.4,13901.49,0
40 mm,B,12.12,12.12,17.0,19.62,25.36,5.35,1433.21,1488.36,ogive,type1,10.78,5.6,aluminum,0.246,796.615,1176.842,0.677,2700,0.3687,0.081,32.63,Steel,13.88,12.4,17459.77,1
40 mm,C,12.97,12.97,24.96,27.55,70.93,5.33,1006.09,1031.55,ogive,type1,11.17,3.62,aluminum,0.7,109.779,1378.388,0.08,2700,0.3956,0.066,37.32,Aluminum,16.16,44.3,12632.47,0
40 mm,A,6.01,6.01,24.69,26.28,27.65,1.37,937.67,1030.09,ogive,type3,3.98,7.97,steel,0.486,484.692,747.665,0.648,7800,0.2889,0.509,32.01,Steel,23.06,5.2,10854.03,0
40 mm,C,18.46,18.46,15.25,18.32,35.75,3.96,1451.44,1536.66,spherical,type2,6.51,10.18,tungsten,0.532,376.958,2594.058,0.145,19300,0.2419,0.057,75.39,Steel,15.75,38.7,16063.42,1
29 mm,B,18.66,18.66,16.48,18.66,79.62,2.56,729.82,744.8,ogive,type1,3.47,12.75,aluminum,0.61,789.868,2063.658,0.383,2700,0.42,0.099,53.7,Titanium,13.06,31.5,4388.93,0
40 mm,C,13.22,13.22,22.95,24.5,31.41,2.4,1312.46,1299.86,spherical,type2,7.73,8.0,tungsten,0.883,229.187,2507.933,0.091,19300,0.1088,0.059,86.73,Steel,5.38,7.8,19766.28,1
40 mm,C,13.35,13.35,24.71,28.54,26.07,5.58,1166.51,1118.59,cylindrical,type1,13.53,14.62,aluminum,0.724,800.422,1088.694,0.735,2700,0.3162,0.534,40.03,Steel,26.51,24.6,16812.01,0
29 mm,B,5.86,5.86,20.57,23.09,58.3,1.08,963.0,939.21,spherical,type3,8.25,9.75,tungsten,0.679,695.266,2987.224,0.233,19300,0.1295,0.075,69.87,Aluminum,18.17,0.5,9537.99,0
40 mm,A,13.97,13.97,6.3,8.88,43.59,7.78,1272.33,1251.92,cylindrical,type3,7.93,9.86,steel,0.502,858.637,1200.188,0.715,7800,0.2019,0.255,37.08,Steel,26.28,25.8,5099.29,0
40 mm,B,11.44,11.44,11.45,15.39,25.51,3.77,938.88,909.22,ogive,type1,4.72,4.28,aluminum,0.224,991.219,1190.396,0.833,2700,0.3901,0.169,21.16,Titanium,20.45,26.2,5046.56,0
40 mm,C,15.64,15.64,22.93,25.03,20.22,3.09,1320.75,1274.83,cylindrical,type3,6.03,4.47,tungsten,0.577,528.9,2889.779,0.183,19300,0.4019,0.238,75.11,Aluminum,10.02,18.4,19999.32,1
40 mm,C,5.71,5.71,20.37,24.2,24.75,7.44,863.87,883.95,spherical,type2,14.18,9.5,tungsten,0.663,729.47,2034.182,0.359,19300,0.4556,0.21,31.64,Steel,14.08,37.1,7600.77,0
29 mm,C,15.66,15.66,19.84,22.92,51.36,4.41,1146.26,1231.09,spherical,type1,5.94,11.37,tungsten,0.693,738.965,2813.639,0.263,19300,0.3862,0.538,75.5,Aluminum,15.43,41.9,13034.01,0
40 mm,A,9.3,9.3,18.36,21.26,33.85,5.3,1261.47,1308.13,ogive,type3,11.51,4.66,steel,0.626,860.116,1944.797,0.442,7800,0.3699,0.473,75.25,Titanium,23.49,24.0,14608.19,0
29 mm,B,14.78,14.78,13.31,15.01,66.65,5.87,734.87,718.75,cylindrical,type1,2.55,8.29,steel,0.41,566.313,890.129,0.636,7800,0.478,0.537,73.45,Aluminum,18.7,30.3,3593.93,0
40 mm,A,14.41,14.41,13.06,14.22,71.45,7.1,1371.79,1422.49,cylindrical,type1,3.67,6.63,tungsten,0.355,196.883,1294.062,0.152,19300,0.315,0.446,67.36,Titanium,20.91,6.6,12288.2,0
40 mm,C,8.4,8.4,21.18,23.49,28.69,1.91,1525.35,1542.68,cylindrical,type1,6.05,7.7,steel,0.263,981.427,2604.955,0.377,7800,0.3616,0.232,90.79,Aluminum,23.83,44.9,24639.67,1
29 mm,C,11.61,11.61,10.88,11.91,40.22,1.57,1751.68,1749.64,spherical,type2,13.72,4.89,aluminum,0.692,151.154,1570.493,0.096,2700,0.4472,0.152,26.05,Aluminum,11.85,38.6,16692.0,1
29 mm,A,17.53,17.53,18.7,19.91,28.79,7.96,923.44,918.28,cylindrical,type2,4.85,3.83,aluminum,0.88,966.137,2185.143,0.442,2700,0.4055,0.341,94.55,Aluminum,27.05,42.7,7973.13,0
29 mm,B,14.08,14.08,19.52,22.31,37.2,1.06,929.56,919.56,cylindrical,type1,11.45,6.17,tungsten,0.568,329.822,666.281,0.495,19300,0.408,0.246,25.28,Aluminum,16.33,35.0,8433.44,0
29 mm,C,6.03,6.03,21.89,25.06,34.35,5.96,1035.31,1067.86,ogive,type1,4.18,13.3,steel,0.671,543.236,1319.352,0.412,7800,0.3147,0.404,59.63,Steel,21.53,14.5,11731.58,0
29 mm,C,11.64,11.64,11.4,12.9,67.21,5.28,1679.84,1686.82,cylindrical,type1,9.97,12.47,tungsten,0.685,955.595,2550.48,0.375,19300,0.3111,0.071,93.86,Aluminum,10.46,10.0,16084.62,1
29 mm,B,9.68,9.68,19.84,23.04,40.73,4.87,1147.54,1111.12,ogive,type3,9.63,3.32,steel,0.313,708.994,2834.829,0.25,7800,0.3595,0.442,41.51,Aluminum,10.83,23.0,13063.13,1
29 mm,A,14.62,14.62,7.13,10.98,49.73,6.5,1031.97,993.13,ogive,type3,10.09,3.14,aluminum,0.334,627.005,1108.042,0.566,2700,0.3802,0.215,87.03,Titanium,23.37,3.7,3796.59,0
29 mm,C,14.22,14.22,7.76,10.99,60.43,7.95,1515.3,1530.6,spherical,type3,5.72,8.41,aluminum,0.346,393.304,683.204,0.576,2700,0.3184,0.304,67.46,Titanium,13.76,24.8,8909.0,0
40 mm,C,5.16,5.16,13.35,16.7,69.34,1.33,741.79,763.22,cylindrical,type2,4.11,5.61,tungsten,0.853,363.165,265.578,1.367,19300,0.1742,0.588,88.89,Aluminum,26.9,16.6,3672.93,0
29 mm,B,14.12,14.12,6.1,9.2,38.07,5.3,1303.7,1288.04,cylindrical,type2,13.52,12.7,tungsten,0.211,129.5,556.676,0.233,19300,0.1994,0.169,23.89,Aluminum,21.62,32.8,5183.88,0
29 mm,C,16.02,16.02,23.95,25.62,32.55,6.02,1195.21,1138.61,spherical,type3,9.4,8.32,aluminum,0.579,627.699,2539.87,0.247,2700,0.2972,0.115,64.48,Aluminum,21.64,28.2,17106.61,0
29 mm,A,16.53,16.53,23.04,25.12,78.71,3.14,1387.34,1449.89,spherical,type2,4.76,13.09,aluminum,0.464,487.091,1475.915,0.33,2700,0.1816,0.165,35.09,Titanium,14.51,11.1,22172.69,1
40 mm,B,5.88,5.88,5.98,9.83,39.21,7.25,1504.21,1556.14,ogive,type2,7.37,3.41,tungsten,0.662,301.871,1016.54,0.297,19300,0.2694,0.243,21.45,Titanium,27.57,33.0,6765.32,0
29 mm,A,9.55,9.55,21.77,24.75,60.26,4.2,1057.49,958.12,cylindrical,type1,2.87,14.61,tungsten,0.354,445.793,2371.848,0.188,19300,0.1589,0.345,75.12,Steel,28.62,14.0,12172.53,0
40 mm,C,11.32,11.32,15.18,18.55,60.67,2.15,1400.06,1467.04,spherical,type2,8.18,11.97,steel,0.873,946.848,2421.649,0.391,7800,0.1585,0.589,79.97,Steel,11.45,11.2,14877.68,1
29 mm,C,7.7,7.7,19.04,22.95,50.84,6.98,1276.76,1266.31,spherical,type1,7.51,11.51,steel,0.432,863.56,1214.049,0.711,7800,0.4373,0.528,78.9,Aluminum,17.86,18.8,15518.71,0
29 mm,C,11.31,11.31,22.74,24.43,33.71,7.6,847.36,856.86,spherical,type1,3.73,14.22,steel,0.848,487.367,2723.829,0.179,7800,0.3169,0.443,78.16,Aluminum,27.67,7.1,8163.88,0
29 mm,B,6.07,6.07,16.54,18.51,28.49,1.7,1669.9,1726.81,spherical,type3,7.78,8.11,aluminum,0.612,981.958,1496.715,0.656,2700,0.4122,0.446,84.0,Titanium,7.53,14.6,23061.44,1
29 mm,A,6.7,6.7,7.33,10.26,49.22,6.26,1530.05,1612.68,spherical,type3,10.31,3.94,aluminum,0.49,515.906,931.447,0.554,2700,0.1046,0.206,57.57,Titanium,12.44,11.7,8579.96,0
40 mm,A,15.03,15.03,5.05,6.12,50.66,2.51,1713.82,1763.96,ogive,type1,14.07,8.46,aluminum,0.714,414.228,2719.316,0.152,2700,0.2143,0.56,47.81,Aluminum,28.86,1.0,7416.38,0
29 mm,B,8.94,8.94,14.94,17.65,66.4,1.05,1492.45,1504.5,ogive,type1,11.14,12.6,tungsten,0.587,449.129,628.264,0.715,19300,0.1071,0.347,81.68,Titanium,17.12,13.5,16638.73,1
29 mm,C,15.67,15.67,23.98,27.41,62.59,2.82,969.29,900.51,cylindrical,type1,8.53,13.17,aluminum,0.297,887.155,2988.642,0.297,2700,0.1014,0.139,73.32,Steel,28.79,21.0,11264.88,0
40 mm,A,5.72,5.72,16.45,19.28,74.72,6.98,1173.58,1072.27,cylindrical,type3,12.01,8.35,aluminum,0.693,340.979,1917.106,0.178,2700,0.1128,0.573,36.0,Steel,14.5,37.3,11328.21,0
40 mm,C,13.44,13.44,12.46,14.35,78.25,1.99,1125.56,1169.47,ogive,type1,5.64,11.52,steel,0.606,299.892,2762.973,0.109,7800,0.3086,0.329,54.82,Aluminum,18.19,8.1,7892.7,0
40 mm,A,10.87,10.87,5.62,8.79,63.67,1.91,739.4,806.5,ogive,type1,10.69,5.21,steel,0.596,964.493,700.74,1.376,7800,0.1363,0.136,34.57,Aluminum,16.35,14.7,1536.26,0
40 mm,B,16.95,16.95,23.3,24.74,24.59,6.17,1151.6,1110.87,spherical,type1,2.07,5.0,aluminum,0.717,760.842,1289.512,0.59,2700,0.4193,0.454,82.31,Titanium,16.43,1.3,15450.03,1
40 mm,A,16.76,16.76,11.54,15.22,44.31,3.84,1080.13,1066.64,ogive,type3,2.94,9.62,aluminum,0.657,787.403,2645.103,0.298,2700,0.3065,0.179,39.77,Aluminum,27.94,3.4,6731.75,0
29 mm,B,10.63,10.63,19.1,20.4,56.53,2.04,704.32,676.46,spherical,type2,10.12,7.48,steel,0.456,766.261,2543.882,0.301,7800,0.1981,0.153,69.82,Aluminum,22.37,16.0,4737.44,0
40 mm,B,14.34,14.34,18.88,22.47,55.41,2.61,1631.84,1602.64,spherical,type3,4.5,4.09,tungsten,0.423,714.617,2641.183,0.271,19300,0.4355,0.197,78.83,Aluminum,28.64,22.5,25137.79,0
29 mm,A,8.41,8.41,10.08,12.57,30.89,6.56,858.26,912.01,cylindrical,type3,10.95,11.9,steel,0.376,182.123,985.286,0.185,7800,0.3039,0.368,99.33,Steel,13.24,33.7,3712.52,0
29 mm,B,13.71,13.71,6.28,8.57,54.98,5.36,1251.05,1261.97,ogive,type1,10.28,8.92,aluminum,0.603,778.311,1929.33,0.403,2700,0.2403,0.211,54.65,Aluminum,29.85,34.3,4914.5,0
40 mm,C,6.22,6.22,12.7,15.2,40.98,6.33,1563.15,1551.69,spherical,type3,2.83,8.77,tungsten,0.41,324.03,1290.876,0.251,19300,0.3272,0.072,89.8,Steel,22.69,41.1,15515.83,0
40 mm,C,11.52,11.52,11.34,12.94,40.34,1.68,1364.93,1497.81,spherical,type2,7.1,4.46,aluminum,0.284,219.165,1098.168,0.2,2700,0.369,0.263,73.15,Steel,8.28,40.9,10563.4,1
40 mm,A,7.74,7.74,19.01,21.38,70.04,4.21,886.29,814.57,spherical,type2,9.97,5.13,tungsten,0.748,984.703,1656.357,0.594,19300,0.3235,0.179,20.68,Aluminum,15.32,4.6,7466.27,0
29 mm,C,18.25,18.25,21.4,24.95,45.32,6.58,1380.03,1407.43,cylindrical,type1,11.28,11.01,aluminum,0.346,125.077,2202.148,0.057,2700,0.4731,0.331,51.3,Steel,11.22,5.0,20377.97,1
40 mm,C,11.67,11.67,9.45,12.85,51.64,2.86,1533.36,1480.91,ogive,type3,12.61,13.07,steel,0.315,128.472,1651.85,0.078,7800,0.2416,0.303,51.53,Steel,10.89,22.4,11109.39,1
29 mm,C,13.86,13.86,15.56,17.05,53.77,2.18,1640.24,1632.37,spherical,type3,6.3,4.3,tungsten,0.794,378.921,845.394,0.448,19300,0.264,0.093,29.57,Titanium,28.24,26.5,20931.21,0
40 mm,B,10.41,10.41,5.81,8.83,53.78,3.67,1050.52,1057.95,spherical,type2,12.88,12.56,tungsten,0.691,859.782,2460.979,0.349,19300,0.4435,0.185,54.97,Titanium,29.0,26.9,3205.94,0
40 mm,C,9.33,9.33,9.29,12.86,32.79,3.33,737.31,779.54,spherical,type1,6.61,12.25,tungsten,0.736,980.15,2937.808,0.334,19300,0.355,0.205,29.32,Aluminum,5.35,21.9,2525.14,0
40 mm,B,8.04,8.04,20.24,23.7,55.97,2.3,1368.74,1355.68,spherical,type3,2.09,12.59,aluminum,0.445,206.675,1216.06,0.17,2700,0.4865,0.317,86.83,Titanium,8.45,44.2,18959.31,1
40 mm,A,18.68,18.68,20.87,23.15,40.08,7.68,948.35,930.0,spherical,type3,9.93,9.56,steel,0.632,455.896,2577.908,0.177,7800,0.4169,0.502,48.95,Steel,11.95,22.9,9384.9,0
40 mm,A,16.99,16.99,20.53,21.67,59.3,4.38,1558.98,1545.03,cylindrical,type2,5.14,6.57,aluminum,0.853,760.872,2618.816,0.291,2700,0.3052,0.17,34.65,Titanium,26.19,42.1,24948.25,1
29 mm,C,7.0,7.0,7.85,11.64,28.74,5.26,1447.87,1393.87,cylindrical,type2,3.62,12.02,tungsten,0.398,680.975,929.459,0.733,19300,0.3539,0.137,68.15,Aluminum,20.28,44.5,8228.09,0
29 mm,A,16.2,16.2,16.02,18.21,79.65,1.85,1550.51,1582.13,cylindrical,type1,5.36,8.24,aluminum,0.248,310.039,2174.86,0.143,2700,0.2624,0.051,88.61,Aluminum,19.14,20.0,19256.69,1
29 mm,B,11.28,11.28,13.45,15.53,66.32,5.27,1764.28,1778.35,ogive,type1,12.76,4.88,aluminum,0.32,396.285,2827.568,0.14,2700,0.1511,0.384,94.79,Titanium,19.96,6.0,20932.8,1
40 mm,C,5.23,5.23,24.83,28.11,45.04,4.89,1343.0,1364.76,cylindrical,type3,13.88,7.23,tungsten,0.828,634.937,2271.597,0.28,19300,0.2628,0.229,91.54,Aluminum,28.76,14.7,22392.3,0
29 mm,A,12.93,12.93,18.08,19.87,38.08,7.52,1694.74,1691.26,spherical,type2,14.5,7.95,steel,0.397,131.866,284.061,0.464,7800,0.2126,0.419,90.56,Aluminum,11.89,16.1,25964.18,1
29 mm,B,6.95,6.95,23.7,27.2,43.27,3.89,1406.08,1396.44,cylindrical,type1,5.94,8.57,aluminum,0.544,782.406,1892.654,0.413,2700,0.3712,0.43,47.84,Steel,8.08,40.0,23428.17,1
40 mm,A,8.15,8.15,7.91,9.14,63.27,6.47,899.92,958.7,spherical,type3,7.93,13.67,tungsten,0.574,347.864,2379.664,0.146,19300,0.3677,0.075,60.43,Aluminum,20.2,43.3,3202.98,0
40 mm,B,15.44,15.44,14.02,17.24,59.32,3.13,1579.24,1630.33,ogive,type1,12.43,7.35,tungsten,0.872,845.512,1930.782,0.438,19300,0.4749,0.28,49.7,Steel,29.22,7.6,17482.93,0
40 mm,A,8.86,8.86,20.43,24.33,62.13,5.05,1463.07,1533.81,spherical,type1,6.13,5.7,aluminum,0.411,715.302,280.472,2.55,2700,0.1318,0.582,93.78,Steel,22.75,0.9,21865.96,1
40 mm,C,18.38,18.38,12.36,16.35,73.34,7.49,1775.73,1794.36,spherical,type1,7.01,14.51,steel,0.565,680.873,536.473,1.269,7800,0.287,0.201,27.43,Aluminum,27.3,37.4,19486.88,0
40 mm,A,14.86,14.86,17.65,21.42,47.38,5.38,967.78,1035.41,ogive,type2,5.08,5.15,tungsten,0.871,790.625,2444.542,0.323,19300,0.2595,0.341,64.35,Titanium,27.4,25.1,8265.48,0
29 mm,C,17.48,17.48,15.23,18.84,60.17,5.98,1066.44,1045.64,cylindrical,type2,9.44,2.14,aluminum,0.341,167.621,1566.549,0.107,2700,0.311,0.346,39.75,Steel,10.48,33.8,8660.5,0
40 mm,C,14.23,14.23,24.84,26.68,46.49,7.13,1603.64,1593.6,spherical,type1,10.57,13.05,aluminum,0.619,333.974,2882.335,0.116,2700,0.1478,0.193,88.03,Aluminum,22.14,14.9,31940.03,1
40 mm,C,18.03,18.03,8.48,12.38,58.29,7.48,769.18,828.94,ogive,type2,6.14,14.41,tungsten,0.245,569.564,1361.948,0.418,19300,0.2966,0.479,47.14,Steel,26.56,7.1,2508.54,0
40 mm,C,10.43,10.43,23.71,27.49,48.49,2.46,1396.52,1438.69,spherical,type2,2.31,10.87,tungsten,0.384,799.441,2500.783,0.32,19300,0.3628,0.052,89.09,Aluminum,7.53,11.9,23120.43,1
29 mm,A,13.24,13.24,13.03,15.63,66.6,2.37,1289.02,1274.5,ogive,type2,11.57,7.3,tungsten,0.248,864.15,299.379,2.886,19300,0.2255,0.175,94.24,Titanium,21.29,2.2,10825.15,0
40 mm,C,12.74,12.74,14.36,16.57,20.32,4.85,885.7,833.39,ogive,type2,10.02,9.07,aluminum,0.431,443.893,2554.841,0.174,2700,0.3602,0.376,33.76,Aluminum,11.8,17.4,5632.46,0
40 mm,B,18.56,18.56,15.57,16.9,32.94,7.97,881.63,871.43,cylindrical,type3,4.85,12.82,tungsten,0.345,814.283,2605.362,0.313,19300,0.2063,0.555,80.34,Titanium,25.54,4.5,6051.06,0
40 mm,C,7.47,7.47,10.31,13.08,37.79,4.43,1591.22,1556.98,cylindrical,type3,6.09,13.51,aluminum,0.759,298.247,1213.812,0.246,2700,0.2477,0.055,48.0,Aluminum,10.58,20.9,13052.36,1
29 mm,C,13.67,13.67,24.27,27.37,76.72,3.32,716.99,803.22,cylindrical,type1,14.44,3.33,steel,0.524,174.192,1066.466,0.163,7800,0.4629,0.38,52.26,Titanium,14.34,36.0,6238.3,0
40 mm,B,16.32,16.32,23.23,25.44,50.42,4.76,1521.53,1559.53,cylindrical,type3,10.19,13.28,steel,0.484,321.925,2747.745,0.117,7800,0.11,0.052,41.95,Aluminum,21.92,2.1,26889.35,1
40 mm,B,10.55,10.55,24.46,26.68,41.86,1.45,1505.93,1467.63,spherical,type2,9.74,10.03,aluminum,0.685,912.833,2377.573,0.384,2700,0.2091,0.393,69.33,Steel,18.9,40.4,27735.5,1
40 mm,A,18.01,18.01,24.94,27.66,44.26,2.24,1414.65,1362.4,spherical,type1,10.32,2.42,aluminum,0.863,589.633,1874.256,0.315,2700,0.4743,0.276,47.45,Steel,8.0,5.5,24955.4,1
29 mm,A,10.6,10.6,18.4,19.48,47.11,2.04,1150.47,1111.55,spherical,type2,14.41,3.41,tungsten,0.411,533.214,1421.766,0.375,19300,0.1588,0.289,79.25,Titanium,10.63,29.5,12176.95,1
40 mm,B,7.6,7.6,14.03,17.9,72.07,1.2,731.15,703.21,ogive,type3,6.42,2.59,tungsten,0.247,769.001,2753.843,0.279,19300,0.259,0.582,82.28,Aluminum,27.15,10.8,3750.08,0
40 mm,C,13.76,13.76,22.01,23.88,77.74,6.06,1581.95,1573.61,spherical,type3,5.65,14.33,tungsten,0.277,109.084,2292.222,0.048,19300,0.2816,0.425,51.61,Aluminum,29.72,38.0,27540.74,1
29 mm,B,11.31,11.31,5.48,6.9,70.65,3.28,838.28,894.01,cylindrical,type2,6.9,7.54,aluminum,0.8,206.473,1367.141,0.151,2700,0.3611,0.158,20.38,Aluminum,22.35,0.5,1925.43,0
40 mm,B,5.23,5.23,21.69,22.71,70.5,2.18,1008.87,960.54,ogive,type1,12.41,11.3,steel,0.792,189.642,1590.816,0.119,7800,0.3447,0.599,25.29,Steel,5.24,19.0,11038.24,1
29 mm,A,6.05,6.05,14.95,18.52,31.94,4.59,1741.46,1855.94,ogive,type1,3.57,2.02,tungsten,0.533,209.5,475.609,0.44,19300,0.3507,0.191,41.9,Steel,23.59,43.3,22669.3,1
40 mm,B,7.93,7.93,18.46,22.05,36.12,3.26,1032.05,984.88,spherical,type1,4.69,12.31,tungsten,0.303,508.105,2470.086,0.206,19300,0.4762,0.427,96.31,Aluminum,21.07,5.1,9831.12,0
29 mm,B,16.54,16.54,12.48,13.77,55.76,3.75,980.65,910.2,spherical,type3,4.97,8.27,steel,0.569,352.615,2556.766,0.138,7800,0.2571,0.424,51.5,Steel,15.3,34.2,6000.85,0
40 mm,C,18.38,18.38,12.37,13.83,59.37,3.21,1770.71,1855.13,ogive,type2,10.27,14.01,aluminum,0.668,807.153,1195.798,0.675,2700,0.2959,0.517,79.54,Aluminum,10.7,32.7,19392.53,1
40 mm,C,13.18,13.18,5.63,7.97,32.16,1.03,794.53,860.59,spherical,type2,10.34,8.77,steel,0.433,855.135,1067.03,0.801,7800,0.4856,0.269,94.89,Aluminum,9.14,14.4,1777.05,0
40 mm,B,6.58,6.58,13.48,15.04,64.78,5.82,876.76,867.64,spherical,type3,6.83,12.25,aluminum,0.258,932.445,906.256,1.029,2700,0.1513,0.433,47.33,Aluminum,7.09,2.7,5181.09,0
40 mm,C,13.02,13.02,13.17,16.38,32.0,1.77,1182.15,1201.22,ogive,type3,5.59,10.18,aluminum,0.425,276.456,685.684,0.403,2700,0.4793,0.394,64.9,Titanium,20.98,37.5,9202.4,0
40 mm,B,17.83,17.83,9.5,10.67,35.78,2.53,1566.44,1586.77,ogive,type3,11.81,8.77,aluminum,0.683,552.567,2853.798,0.194,2700,0.4793,0.29,88.19,Titanium,13.43,40.7,11655.24,0
29 mm,C,16.24,16.24,9.95,12.6,38.41,2.33,1672.79,1679.63,ogive,type1,2.41,14.33,steel,0.885,143.828,2325.294,0.062,7800,0.4814,0.554,69.18,Steel,17.95,5.8,13921.18,0
29 mm,B,9.37,9.37,16.68,18.83,70.76,3.32,1531.2,1466.38,ogive,type2,11.6,8.44,aluminum,0.333,315.917,1413.535,0.223,2700,0.1268,0.189,28.98,Aluminum,18.13,38.2,19553.74,1
40 mm,A,6.86,6.86,11.36,13.75,63.93,2.12,1773.79,1649.69,spherical,type3,4.73,13.6,aluminum,0.84,653.57,508.477,1.285,2700,0.331,0.173,81.57,Aluminum,20.18,37.5,17871.16,0
40 mm,B,18.51,18.51,21.61,23.88,51.84,3.43,718.53,676.29,spherical,type3,13.74,2.47,steel,0.52,480.153,590.424,0.813,7800,0.4353,0.397,92.33,Titanium,19.86,26.0,5578.46,0
29 mm,A,17.81,17.81,7.23,8.69,69.18,2.7,1381.46,1472.27,spherical,type1,7.38,10.55,steel,0.664,721.629,2187.408,0.33,7800,0.2255,0.155,81.5,Aluminum,17.98,35.3,6898.98,0
29 mm,A,5.81,5.81,16.55,18.21,68.78,1.43,827.98,920.75,spherical,type2,10.35,13.85,aluminum,0.805,855.305,768.627,1.113,2700,0.3362,0.506,80.2,Steel,8.88,1.8,5672.93,0
40 mm,C,17.36,17.36,8.2,9.39,43.39,7.09,1701.4,1688.31,ogive,type3,3.57,13.69,steel,0.59,153.582,1174.047,0.131,7800,0.2026,0.237,80.46,Aluminum,5.68,22.3,11868.52,1
40 mm,C,6.46,6.46,15.56,16.91,66.89,3.14,1728.84,1680.94,spherical,type1,5.3,8.31,tungsten,0.243,944.752,2879.626,0.328,19300,0.1518,0.282,69.0,Titanium,19.4,43.5,23253.55,1
29 mm,A,5.95,5.95,16.05,19.98,32.37,1.67,1033.33,1047.24,cylindrical,type2,11.11,8.14,aluminum,0.386,138.163,1827.354,0.076,2700,0.4409,0.425,39.82,Titanium,15.58,34.9,8568.86,0
29 mm,C,16.38,16.38,17.85,19.69,50.19,4.65,1610.48,1632.43,ogive,type1,9.15,12.54,tungsten,0.762,983.502,2463.372,0.399,19300,0.4925,0.537,92.87,Titanium,15.25,12.1,23148.29,1
29 mm,A,13.04,13.04,13.55,15.47,27.09,1.86,1393.3,1423.34,ogive,type3,12.02,6.36,aluminum,0.587,673.869,490.868,1.373,2700,0.1279,0.429,30.31,Titanium,15.75,28.1,13152.21,0
40 mm,A,11.22,11.22,15.19,16.57,45.61,6.41,810.54,684.19,spherical,type1,9.32,14.18,steel,0.43,138.97,1125.081,0.124,7800,0.1485,0.102,86.18,Aluminum,7.84,9.6,4989.73,0
29 mm,C,18.56,18.56,8.62,11.89,51.22,1.43,1363.04,1520.93,cylindrical,type1,9.4,5.26,steel,0.608,454.266,2707.7,0.168,7800,0.3354,0.236,48.75,Steel,9.48,10.0,8007.45,0
40 mm,A,17.59,17.59,14.26,18.03,24.8,4.25,1773.66,1830.28,cylindrical,type1,13.16,2.97,tungsten,0.388,332.388,2469.297,0.135,19300,0.1345,0.463,73.91,Titanium,21.55,8.5,22430.05,1
29 mm,C,5.86,5.86,12.46,15.83,47.76,7.61,1038.9,1029.01,ogive,type1,7.52,12.04,steel,0.369,818.715,2225.66,0.368,7800,0.3525,0.549,84.41,Aluminum,17.84,8.5,6724.12,0
29 mm,C,14.24,14.24,18.32,21.16,59.1,2.11,701.25,665.33,cylindrical,type2,13.64,7.26,aluminum,0.78,302.91,1844.734,0.164,2700,0.3878,0.399,83.89,Titanium,20.24,22.5,4504.44,0
40 mm,A,16.58,16.58,13.7,17.14,56.85,2.41,1774.47,1823.84,spherical,type1,6.84,6.63,tungsten,0.48,843.591,953.032,0.885,19300,0.2659,0.378,32.89,Titanium,8.23,13.9,21568.89,1
40 mm,A,13.26,13.26,20.59,22.8,23.26,5.2,1155.38,1180.15,ogive,type2,6.27,6.17,aluminum,0.392,381.107,1839.346,0.207,2700,0.4025,0.259,68.87,Steel,25.35,35.0,13742.83,0
40 mm,C,19.75,19.75,13.52,17.1,25.72,7.86,1174.03,1178.64,ogive,type2,12.13,14.75,aluminum,0.486,990.229,342.128,2.894,2700,0.1455,0.313,37.17,Aluminum,14.32,40.2,9317.62,0
40 mm,B,15.29,15.29,9.72,13.12,41.08,3.7,1483.87,1506.79,cylindrical,type2,2.15,9.43,aluminum,0.844,343.368,766.424,0.448,2700,0.2205,0.288,28.97,Titanium,20.33,21.9,10701.09,0
40 mm,B,6.56,6.56,10.47,11.48,70.56,5.54,1364.82,1359.18,spherical,type3,4.24,14.89,steel,0.327,716.465,1651.143,0.434,7800,0.4231,0.08,61.08,Aluminum,16.64,8.6,9751.41,0
40 mm,B,7.97,7.97,5.91,8.37,72.19,2.07,1032.19,1052.28,cylindrical,type2,2.93,6.47,tungsten,0.33,820.174,205.537,3.99,19300,0.1353,0.062,99.0,Aluminum,16.71,44.9,3148.3,0
40 mm,B,17.39,17.39,15.8,17.59,38.58,5.49,809.98,846.3,ogive,type2,8.66,7.38,aluminum,0.448,294.813,850.235,0.347,2700,0.214,0.39,98.53,Aluminum,24.46,2.1,5182.93,0
29 mm,C,19.95,19.95,21.62,22.88,63.13,2.77,1610.1,1627.27,ogive,type3,10.16,4.75,steel,0.242,168.18,626.294,0.269,7800,0.3485,0.33,65.87,Steel,7.76,24.7,28024.08,1
29 mm,B,6.48,6.48,20.38,23.92,54.64,5.29,1231.71,1246.26,cylindrical,type1,2.13,7.59,steel,0.252,596.123,1167.436,0.511,7800,0.199,0.185,81.77,Steel,6.87,9.9,15459.35,1
40 mm,A,6.5,6.5,13.76,14.78,79.01,1.62,1439.72,1509.36,spherical,type3,4.1,2.81,aluminum,0.208,709.371,2603.389,0.272,2700,0.2924,0.541,39.97,Aluminum,7.53,42.2,14260.82,1
29 mm,B,16.45,16.45,8.92,12.11,25.68,4.67,1646.56,1566.7,cylindrical,type3,5.93,2.01,aluminum,0.302,835.549,2852.773,0.293,2700,0.4349,0.164,37.95,Aluminum,29.88,14.6,12091.77,0
40 mm,C,5.97,5.97,22.27,26.23,52.87,2.66,719.49,679.6,ogive,type1,5.82,7.89,tungsten,0.648,345.488,662.164,0.522,19300,0.2079,0.435,76.52,Steel,28.18,43.1,5764.21,0
40 mm,A,6.03,6.03,6.14,8.59,55.55,5.77,1645.32,1646.65,ogive,type1,3.26,11.7,aluminum,0.337,885.057,847.009,1.045,2700,0.2743,0.484,82.88,Steel,22.51,43.8,8310.73,0
29 mm,B,18.33,18.33,12.98,15.09,38.46,6.23,1526.97,1490.48,spherical,type2,4.25,7.68,steel,0.464,924.19,2571.256,0.359,7800,0.1073,0.512,79.35,Steel,16.19,42.4,15132.33,1
40 mm,C,17.01,17.01,22.13,24.95,22.82,6.94,1741.5,1721.7,spherical,type1,13.01,8.73,aluminum,0.694,801.268,683.493,1.172,2700,0.3833,0.512,28.36,Titanium,7.13,35.7,33558.18,1
29 mm,B,18.22,18.22,12.86,16.27,23.13,7.95,956.95,1021.34,cylindrical,type2,11.11,7.79,steel,0.222,106.837,2275.686,0.047,7800,0.242,0.487,48.5,Titanium,25.52,33.4,5888.29,0
40 mm,A,14.76,14.76,7.36,9.08,47.22,4.22,1054.66,1047.21,spherical,type3,5.85,8.85,aluminum,0.346,178.495,439.34,0.406,2700,0.444,0.302,23.53,Titanium,9.74,42.9,4093.29,0
29 mm,A,9.84,9.84,10.32,12.07,61.55,5.69,1427.63,1336.17,ogive,type2,5.42,12.08,aluminum,0.897,997.964,2015.254,0.495,2700,0.1354,0.393,82.89,Titanium,11.82,10.1,10516.74,0
29 mm,B,18.59,18.59,17.0,19.82,62.01,1.13,1718.37,1697.2,spherical,type1,3.04,12.45,aluminum,0.618,760.554,943.96,0.806,2700,0.4129,0.522,44.94,Titanium,26.02,36.4,25098.76,1
40 mm,B,9.48,9.48,8.04,11.86,30.86,7.34,1791.94,1794.85,cylindrical,type1,6.54,12.89,aluminum,0.662,664.112,2298.771,0.289,2700,0.4255,0.281,54.38,Titanium,11.43,5.1,12908.42,1
40 mm,C,9.13,9.13,18.1,20.0,71.48,5.31,1158.41,1160.39,ogive,type3,7.17,4.76,steel,0.561,911.226,1654.245,0.551,7800,0.4104,0.419,66.31,Steel,26.11,16.3,12144.32,0
29 mm,B,18.3,18.3,13.76,15.89,42.63,3.95,1293.15,1320.95,ogive,type1,13.75,7.95,tungsten,0.876,135.677,700.906,0.194,19300,0.3938,0.138,20.04,Aluminum,24.65,18.1,11504.99,0
40 mm,C,15.21,15.21,11.69,15.67,77.86,4.04,887.61,911.33,ogive,type2,11.66,12.8,steel,0.301,781.64,1326.241,0.589,7800,0.1951,0.361,48.33,Titanium,25.93,44.8,4604.99,0
40 mm,A,18.44,18.44,9.82,11.35,27.09,6.31,1463.37,1456.43,spherical,type3,8.23,14.24,steel,0.247,689.21,1640.188,0.42,7800,0.2667,0.128,78.18,Aluminum,21.86,14.4,10514.53,0
29 mm,B,7.34,7.34,21.47,22.7,70.19,6.83,1621.11,1561.46,ogive,type1,3.75,9.06,aluminum,0.771,863.399,2988.735,0.289,2700,0.2544,0.413,42.89,Steel,13.8,25.0,28211.55,1
40 mm,A,19.28,19.28,12.93,15.7,74.5,6.66,1578.51,1556.45,cylindrical,type2,10.53,8.41,steel,0.203,800.114,1545.015,0.518,7800,0.1964,0.257,65.64,Steel,21.33,28.5,16108.8,0
40 mm,B,14.19,14.19,19.77,20.84,69.36,4.57,1080.43,1049.29,spherical,type2,14.17,11.94,steel,0.593,536.438,623.471,0.86,7800,0.2967,0.175,98.17,Aluminum,25.73,30.5,11539.05,0
29 mm,A,15.02,15.02,13.81,15.35,68.53,3.6,1759.59,1745.33,cylindrical,type1,3.01,14.89,tungsten,0.201,163.872,1754.638,0.093,19300,0.379,0.248,29.45,Aluminum,23.74,5.4,21378.96,1
40 mm,B,18.71,18.71,6.84,9.71,41.68,7.62,832.38,866.94,cylindrical,type2,13.03,7.54,aluminum,0.444,918.461,816.595,1.125,2700,0.2915,0.436,41.46,Titanium,26.55,25.2,2369.57,0
40 mm,B,10.71,10.71,13.81,16.79,62.8,5.44,1243.37,1263.58,cylindrical,type2,4.34,4.15,steel,0.656,787.152,2662.784,0.296,7800,0.4898,0.549,74.72,Titanium,29.59,28.6,10674.92,0
40 mm,A,15.79,15.79,15.15,17.68,54.76,4.81,1310.06,1351.26,spherical,type1,11.12,12.85,tungsten,0.583,420.756,2535.391,0.166,19300,0.3835,0.056,67.87,Steel,22.25,40.7,13000.65,0
40 mm,A,14.61,14.61,14.16,16.31,45.47,5.19,1290.17,1270.97,cylindrical,type3,4.39,11.24,tungsten,0.592,985.535,560.212,1.759,19300,0.2771,0.142,98.24,Aluminum,28.2,43.1,11784.93,0
40 mm,B,16.82,16.82,21.32,24.05,79.59,5.41,1533.68,1609.1,cylindrical,type2,9.8,3.89,aluminum,0.31,379.997,1847.451,0.206,2700,0.2616,0.438,22.77,Titanium,11.79,10.6,25074.18,1
29 mm,C,18.45,18.45,23.22,26.15,37.43,5.99,1370.57,1404.21,spherical,type1,5.09,6.21,tungsten,0.406,433.505,2150.22,0.202,19300,0.3334,0.363,90.24,Aluminum,29.34,9.5,21808.95,0
40 mm,A,15.2,15.2,20.74,24.15,44.79,4.87,784.84,790.45,ogive,type3,9.04,9.19,steel,0.697,977.208,904.661,1.08,7800,0.2727,0.226,59.08,Titanium,27.76,30.8,6387.65,0
29 mm,B,6.01,6.01,16.66,20.04,74.17,7.13,897.84,928.01,spherical,type3,9.8,11.51,steel,0.216,701.3,1953.85,0.359,7800,0.1888,0.408,38.15,Steel,6.03,22.0,6714.95,1
40 mm,A,7.75,7.75,15.83,18.82,37.34,7.02,1285.46,1251.67,ogive,type1,10.04,12.15,tungsten,0.617,891.275,1495.528,0.596,19300,0.3084,0.527,60.27,Steel,19.76,33.5,13078.8,0
29 mm,C,19.31,19.31,17.89,21.57,29.16,4.1,1464.0,1358.56,spherical,type1,10.88,4.02,tungsten,0.562,898.979,1549.82,0.58,19300,0.3691,0.192,52.98,Titanium,17.57,38.2,19171.78,1
29 mm,B,19.53,19.53,10.76,14.27,38.6,2.18,1265.59,1235.26,ogive,type2,2.9,4.82,aluminum,0.441,582.804,1743.614,0.334,2700,0.2434,0.317,34.35,Titanium,25.39,0.5,8617.24,0
29 mm,C,19.51,19.51,21.24,22.64,65.56,5.04,1091.06,1128.43,cylindrical,type2,11.14,11.67,steel,0.434,340.27,1796.385,0.189,7800,0.2133,0.061,37.55,Steel,8.16,39.5,12642.17,1
40 mm,A,5.55,5.55,22.14,26.01,71.59,5.35,756.25,760.26,spherical,type3,4.01,3.51,tungsten,0.759,862.701,2187.435,0.394,19300,0.187,0.57,43.05,Titanium,18.19,11.9,6331.09,0
29 mm,A,10.74,10.74,10.34,14.02,26.87,4.66,1564.47,1557.63,spherical,type2,10.8,8.48,tungsten,0.467,551.699,1466.798,0.376,19300,0.2451,0.491,64.18,Aluminum,17.53,43.6,12653.92,0
29 mm,B,16.4,16.4,23.06,25.02,57.3,7.23,1246.91,1204.52,ogive,type2,3.61,9.1,steel,0.256,607.916,2223.38,0.273,7800,0.1977,0.328,26.65,Titanium,14.89,19.4,17926.67,1
40 mm,B,16.29,16.29,21.97,23.03,54.04,1.65,1292.67,1194.88,ogive,type1,8.23,6.41,aluminum,0.873,587.231,1560.62,0.376,2700,0.4052,0.596,27.11,Steel,29.8,38.4,18355.89,0
40 mm,C,6.29,6.29,13.49,16.3,60.13,3.01,1215.85,1287.09,spherical,type2,7.03,12.35,aluminum,0.291,108.629,2055.886,0.053,2700,0.3555,0.171,46.54,Aluminum,18.49,9.0,9971.07,0
29 mm,C,14.14,14.14,23.18,25.5,60.26,7.06,991.88,981.49,cylindrical,type3,14.58,2.72,tungsten,0.758,141.282,936.708,0.151,19300,0.2148,0.459,76.58,Steel,15.33,23.6,11402.54,0
40 mm,C,7.14,7.14,7.41,10.66,77.57,7.58,1004.01,982.53,cylindrical,type2,10.2,12.11,aluminum,0.21,654.746,1716.764,0.381,2700,0.4967,0.473,98.26,Aluminum,26.41,2.8,3734.77,0
29 mm,B,12.4,12.4,5.56,8.13,40.79,3.98,769.85,736.27,spherical,type2,3.15,10.4,aluminum,0.455,814.994,1510.388,0.54,2700,0.3583,0.507,20.96,Aluminum,8.48,33.1,1647.62,0
29 mm,B,8.6,8.6,11.96,13.19,37.99,2.35,1478.36,1541.09,cylindrical,type1,11.11,8.59,tungsten,0.561,511.335,1046.15,0.489,19300,0.157,0.427,97.79,Titanium,12.19,42.4,13069.58,1
40 mm,B,5.8,5.8,16.31,18.04,54.87,3.94,999.06,1043.13,ogive,type3,4.52,13.34,tungsten,0.221,271.367,374.474,0.725,19300,0.4317,0.155,74.88,Aluminum,11.97,37.9,8139.68,0
29 mm,A,6.2,6.2,12.03,15.68,45.77,4.19,1028.42,980.06,ogive,type1,5.72,4.63,aluminum,0.714,465.972,1628.536,0.286,2700,0.4015,0.1,92.08,Steel,28.34,30.6,6361.75,0
40 mm,B,18.66,18.66,23.84,24.95,48.43,4.64,1792.85,1851.08,ogive,type1,6.92,12.41,steel,0.382,791.491,227.314,3.482,7800,0.3,0.149,62.91,Aluminum,27.01,5.4,38314.59,1
40 mm,B,16.17,16.17,10.09,13.3,24.16,2.92,1124.39,1117.14,spherical,type1,12.09,4.44,aluminum,0.579,197.759,1291.525,0.153,2700,0.1934,0.522,57.04,Aluminum,20.17,44.3,6378.16,0
40 mm,A,18.98,18.98,10.62,12.5,28.89,3.19,1261.77,1231.24,spherical,type3,14.27,14.88,tungsten,0.755,604.179,1237.834,0.488,19300,0.4244,0.271,82.81,Steel,12.99,15.5,8453.86,0
29 mm,A,12.05,12.05,17.7,20.06,76.12,5.59,1125.12,1110.44,cylindrical,type2,14.02,2.43,tungsten,0.614,731.992,1974.509,0.371,19300,0.1498,0.35,64.09,Steel,16.7,28.5,11203.17,0
40 mm,B,11.2,11.2,5.08,7.67,24.1,5.35,1019.21,980.05,spherical,type3,4.22,9.19,tungsten,0.519,474.25,2964.801,0.16,19300,0.2672,0.064,91.79,Titanium,19.28,12.3,2638.52,0
40 mm,B,10.38,10.38,19.55,21.3,55.41,5.63,706.44,640.4,cylindrical,type2,2.79,4.18,tungsten,0.435,641.136,2602.403,0.246,19300,0.4269,0.32,91.45,Aluminum,18.5,37.2,4878.29,0
29 mm,C,14.24,14.24,12.55,15.51,65.27,3.64,1640.37,1679.18,spherical,type2,12.77,7.3,steel,0.232,895.129,2930.235,0.305,7800,0.4206,0.275,62.44,Titanium,11.4,17.0,16884.86,1
29 mm,B,10.27,10.27,24.55,27.63,20.71,3.36,1220.47,1209.43,spherical,type2,5.75,3.92,tungsten,0.839,291.532,2862.624,0.102,19300,0.352,0.344,65.9,Steel,8.26,17.6,18284.19,1
29 mm,C,16.19,16.19,18.83,20.09,33.36,3.46,1491.88,1522.74,spherical,type1,9.58,4.52,aluminum,0.614,221.575,407.516,0.544,2700,0.1031,0.256,56.5,Titanium,27.69,0.2,20955.02,0
40 mm,B,17.02,17.02,6.04,8.16,42.62,7.66,1754.52,1768.88,spherical,type2,14.72,2.79,steel,0.642,154.763,989.453,0.156,7800,0.2332,0.091,75.15,Titanium,21.02,25.9,9296.59,0
40 mm,A,18.14,18.14,6.85,10.08,50.41,3.77,703.11,730.54,ogive,type3,4.42,2.1,aluminum,0.508,753.592,1031.565,0.731,2700,0.4413,0.074,74.59,Steel,8.63,11.3,1693.2,0
29 mm,A,8.64,8.64,6.76,9.92,40.5,5.24,1442.54,1340.24,spherical,type3,6.87,11.35,steel,0.461,910.478,398.858,2.283,7800,0.3885,0.572,72.05,Titanium,29.75,41.5,7033.52,0
40 mm,C,12.91,12.91,24.05,26.68,58.94,4.66,830.5,787.16,ogive,type2,13.28,7.89,tungsten,0.233,721.354,2570.622,0.281,19300,0.4242,0.382,24.99,Titanium,15.28,35.2,8294.01,0
40 mm,B,8.35,8.35,18.68,22.01,33.58,7.13,1203.76,1232.23,spherical,type3,10.45,2.59,steel,0.318,978.808,2706.922,0.362,7800,0.1252,0.404,97.09,Titanium,23.32,42.8,13534.02,0
40 mm,A,5.56,5.56,13.55,14.87,21.53,3.58,1631.46,1567.72,spherical,type3,14.19,14.21,tungsten,0.498,737.3,1893.927,0.389,19300,0.4763,0.553,46.85,Titanium,9.42,17.5,18032.76,1
29 mm,B,15.62,15.62,9.01,10.36,20.09,4.04,778.65,797.3,cylindrical,type2,10.21,10.65,aluminum,0.369,359.645,2694.775,0.133,2700,0.1916,0.353,39.7,Titanium,28.32,29.8,2731.36,0
29 mm,C,13.23,13.23,22.47,25.44,40.73,6.9,1788.57,1719.03,ogive,type2,5.95,5.44,aluminum,0.231,330.03,2200.234,0.15,2700,0.2329,0.389,36.88,Aluminum,6.98,20.3,35940.57,1
29 mm,B,15.86,15.86,9.03,12.11,41.7,2.13,1338.92,1339.74,spherical,type1,12.47,7.7,tungsten,0.582,700.002,1433.551,0.488,19300,0.4362,0.338,25.54,Steel,28.9,40.9,8094.07,0
40 mm,A,6.31,6.31,19.13,22.57,76.92,5.16,1134.49,1214.99,spherical,type1,11.87,8.36,steel,0.525,708.231,619.62,1.143,7800,0.2625,0.147,56.56,Steel,23.18,14.6,12310.8,0
40 mm,A,19.93,19.93,20.27,21.81,22.69,3.8,721.46,760.19,ogive,type3,14.14,9.41,steel,0.495,571.431,2883.791,0.198,7800,0.3572,0.221,23.33,Steel,10.68,14.8,5275.31,0
40 mm,C,19.92,19.92,10.89,13.44,51.8,7.9,1345.51,1252.97,cylindrical,type1,8.19,13.15,tungsten,0.749,574.2,2138.38,0.269,19300,0.3209,0.536,32.87,Steel,9.52,16.5,9857.61,1
29 mm,C,11.97,11.97,15.1,18.08,54.67,6.05,1244.38,1286.8,cylindrical,type2,8.54,9.67,tungsten,0.62,474.977,1191.715,0.399,19300,0.4464,0.294,20.42,Titanium,25.93,22.4,11691.04,0
29 mm,C,17.99,17.99,9.46,11.13,61.96,1.07,936.85,1027.96,ogive,type3,6.21,14.72,aluminum,0.201,414.929,560.081,0.741,2700,0.1624,0.162,33.97,Titanium,6.0,39.9,4151.46,0
29 mm,C,8.65,8.65,12.58,15.13,58.32,6.88,1239.49,1379.34,ogive,type1,5.49,11.45,tungsten,0.733,670.647,2437.115,0.275,19300,0.1391,0.505,99.62,Steel,7.86,9.3,9663.55,1
40 mm,A,16.06,16.06,24.3,27.22,20.49,5.92,714.07,737.82,cylindrical,type3,14.95,14.85,steel,0.538,772.766,2445.642,0.316,7800,0.3529,0.098,63.32,Aluminum,21.82,29.3,6195.24,0
29 mm,A,18.19,18.19,18.86,20.5,57.91,4.93,1799.43,1731.21,cylindrical,type2,14.7,9.16,tungsten,0.562,832.065,1720.426,0.484,19300,0.4379,0.402,25.37,Titanium,6.93,13.8,30533.85,1
40 mm,A,17.22,17.22,21.93,24.06,39.34,2.65,1065.33,1087.06,spherical,type1,8.89,10.82,steel,0.823,377.053,2999.88,0.126,7800,0.4692,0.435,65.13,Titanium,18.53,3.7,12444.49,0
40 mm,A,17.18,17.18,15.81,17.46,66.37,2.05,1228.24,1308.04,spherical,type1,14.42,11.59,tungsten,0.276,871.961,1281.977,0.68,19300,0.26,0.217,68.06,Titanium,19.35,42.9,11925.27,0
29 mm,C,11.95,11.95,9.78,13.49,31.3,5.4,1563.26,1553.91,cylindrical,type3,6.63,11.81,steel,0.62,372.468,2837.782,0.131,7800,0.3939,0.142,63.82,Titanium,5.45,35.4,11950.09,1
29 mm,C,17.3,17.3,19.26,20.97,62.97,4.08,1484.06,1536.22,spherical,type3,13.05,2.32,steel,0.398,374.39,1964.734,0.191,7800,0.2563,0.297,46.88,Titanium,14.43,42.8,21209.44,1
29 mm,A,15.36,15.36,15.01,16.37,57.53,7.03,1677.41,1635.43,ogive,type3,10.25,3.66,steel,0.226,825.402,2261.983,0.365,7800,0.2276,0.465,72.58,Titanium,5.71,18.0,21116.85,1
40 mm,C,6.99,6.99,8.54,9.65,59.14,2.84,1735.46,1754.08,ogive,type3,11.32,4.96,steel,0.506,972.438,2767.816,0.351,7800,0.1097,0.538,31.41,Titanium,29.17,34.1,12860.48,0
40 mm,B,6.71,6.71,13.25,14.38,30.56,5.46,908.1,783.62,spherical,type1,11.34,5.53,tungsten,0.399,939.003,2527.224,0.372,19300,0.2,0.498,37.57,Aluminum,10.38,29.3,5463.28,0
29 mm,A,16.58,16.58,17.7,19.27,60.15,2.74,1129.44,1081.92,cylindrical,type3,10.27,13.77,steel,0.201,199.971,1008.27,0.198,7800,0.1681,0.11,99.58,Steel,22.24,27.9,11289.37,0
29 mm,C,14.38,14.38,19.71,22.53,64.22,5.45,1455.5,1455.19,spherical,type1,13.08,11.39,aluminum,0.545,359.629,2628.257,0.137,2700,0.2074,0.173,53.25,Titanium,21.84,1.8,20877.62,1
40 mm,C,12.79,12.79,9.86,10.91,49.36,1.34,749.53,731.36,cylindrical,type1,7.1,3.86,steel,0.418,783.907,1711.184,0.458,7800,0.2155,0.389,31.82,Steel,24.31,3.2,2769.65,0
29 mm,B,18.61,18.61,22.52,24.38,40.42,3.74,1488.64,1423.61,spherical,type3,13.04,7.54,tungsten,0.504,825.619,325.521,2.536,19300,0.4436,0.44,37.36,Steel,13.38,8.8,24952.71,1
29 mm,C,14.89,14.89,12.59,13.76,29.99,2.21,705.37,680.39,cylindrical,type2,4.38,5.16,aluminum,0.208,553.84,2086.69,0.265,2700,0.1814,0.055,77.93,Steel,9.61,33.7,3132.06,0
29 mm,B,10.94,10.94,10.42,12.63,37.4,5.24,1705.5,1721.98,cylindrical,type2,4.6,12.79,aluminum,0.481,114.493,1599.153,0.072,2700,0.4277,0.128,29.3,Titanium,18.26,35.9,15154.48,0
29 mm,C,11.21,11.21,8.9,10.05,65.83,3.22,1489.99,1485.68,cylindrical,type3,11.33,13.93,aluminum,0.529,551.663,1702.547,0.324,2700,0.4437,0.102,48.32,Titanium,22.36,29.1,9879.31,0
29 mm,B,14.08,14.08,21.08,23.9,44.56,6.4,1322.05,1325.1,cylindrical,type1,11.75,4.14,aluminum,0.526,128.032,1352.271,0.095,2700,0.2855,0.238,46.27,Aluminum,23.88,8.6,18421.98,0
40 mm,C,16.4,16.4,12.08,15.15,62.16,1.8,1171.79,1208.39,spherical,type2,13.73,7.42,aluminum,0.702,353.256,379.439,0.931,2700,0.3898,0.424,38.24,Steel,6.22,35.0,8293.47,1
40 mm,A,13.47,13.47,14.67,17.86,64.41,4.89,1786.83,1769.67,ogive,type3,5.57,14.39,aluminum,0.894,691.174,704.597,0.981,2700,0.2274,0.569,58.15,Steel,23.82,5.1,23418.91,1
40 mm,A,12.63,12.63,9.46,11.13,60.45,5.16,1510.16,1578.12,ogive,type2,2.73,10.54,steel,0.22,221.142,2318.073,0.095,7800,0.1071,0.099,28.81,Aluminum,7.81,40.2,10787.16,1
40 mm,C,15.9,15.9,18.72,22.33,60.41,1.15,1588.02,1538.56,ogive,type2,8.6,13.29,tungsten,0.477,741.241,855.841,0.866,19300,0.3839,0.328,56.53,Aluminum,18.12,17.3,23604.12,1
40 mm,A,15.58,15.58,20.62,23.69,56.65,1.25,1607.92,1704.32,cylindrical,type2,13.38,6.65,steel,0.8,659.248,1957.635,0.337,7800,0.3426,0.255,22.61,Titanium,18.89,32.7,26655.54,1
29 mm,A,17.46,17.46,11.79,12.96,51.11,3.16,724.06,779.71,ogive,type3,14.63,4.73,tungsten,0.638,486.725,1717.209,0.283,19300,0.2845,0.269,97.63,Titanium,8.18,7.6,3090.53,0
29 mm,C,5.94,5.94,23.9,26.22,31.87,5.26,760.15,742.35,cylindrical,type1,13.15,10.99,aluminum,0.889,434.94,819.916,0.53,2700,0.4595,0.087,68.39,Aluminum,29.1,14.1,6905.04,0
40 mm,A,16.32,16.32,5.61,8.91,70.57,7.74,918.2,903.73,ogive,type3,8.37,3.79,steel,0.699,923.2,985.6,0.937,7800,0.3909,0.209,26.01,Aluminum,20.95,22.3,2364.87,0
29 mm,B,12.71,12.71,7.66,9.59,77.86,1.64,1420.74,1431.08,spherical,type3,13.22,12.92,aluminum,0.707,597.854,1273.989,0.469,2700,0.2702,0.189,35.26,Steel,10.6,22.3,7730.86,0
40 mm,A,6.12,6.12,16.78,18.92,47.99,5.92,1386.34,1416.27,spherical,type3,4.78,11.81,steel,0.253,900.01,2664.522,0.338,7800,0.1214,0.445,78.92,Steel,6.27,4.4,16125.06,1
40 mm,A,15.19,15.19,19.03,21.92,75.99,5.85,1057.68,1112.41,cylindrical,type2,13.98,5.96,steel,0.393,471.198,2835.657,0.166,7800,0.4504,0.403,78.53,Aluminum,24.38,24.7,10644.31,0
29 mm,C,15.75,15.75,10.01,11.18,79.88,5.69,1770.3,1703.27,cylindrical,type2,9.37,8.48,aluminum,0.609,635.176,1282.915,0.495,2700,0.4939,0.4,49.2,Steel,26.03,3.4,15685.48,0
40 mm,A,12.85,12.85,16.08,19.98,49.17,4.61,802.42,824.29,ogive,type2,7.06,12.39,steel,0.566,959.148,329.223,2.913,7800,0.3538,0.336,31.87,Steel,7.27,41.6,5176.78,0
40 mm,A,16.91,16.91,11.37,12.89,63.46,7.77,1554.39,1448.56,spherical,type1,9.56,14.15,steel,0.734,211.677,1882.515,0.112,7800,0.4073,0.238,62.87,Titanium,11.44,19.0,13735.69,1
29 mm,C,9.5,9.5,16.08,17.16,58.63,4.51,1228.96,1220.09,ogive,type3,12.19,6.58,steel,0.896,336.503,1369.212,0.246,7800,0.3024,0.184,42.11,Steel,21.06,19.8,12143.16,0
29 mm,C,8.03,8.03,18.19,19.21,34.24,6.87,1160.72,1233.42,spherical,type2,5.12,12.27,aluminum,0.345,925.025,1578.483,0.586,2700,0.1947,0.056,27.74,Steel,15.47,26.0,12253.43,0
40 mm,A,10.26,10.26,24.46,26.66,22.83,2.84,728.12,657.24,cylindrical,type3,3.32,4.53,aluminum,0.5,479.804,1437.461,0.334,2700,0.4648,0.131,47.68,Titanium,13.56,35.2,6483.84,0
40 mm,C,11.15,11.15,14.11,17.76,47.2,6.64,1500.58,1420.62,ogive,type1,11.53,13.75,tungsten,0.807,344.832,2032.806,0.17,19300,0.3753,0.171,80.08,Steel,15.61,3.1,15886.03,1
29 mm,B,15.44,15.44,17.96,21.42,67.23,7.98,1548.73,1559.77,cylindrical,type3,14.38,10.92,steel,0.787,997.606,1052.432,0.948,7800,0.3194,0.587,48.33,Steel,17.63,31.6,21539.11,1
40 mm,C,17.68,17.68,16.56,20.3,39.51,7.37,1050.85,1120.22,ogive,type2,10.28,3.99,steel,0.772,191.988,2699.368,0.071,7800,0.3728,0.584,23.26,Titanium,9.62,41.0,9143.49,1
29 mm,A,15.81,15.81,11.35,13.95,67.07,3.13,1268.66,1284.93,ogive,type3,3.85,11.62,steel,0.634,650.389,1379.498,0.471,7800,0.3047,0.472,29.63,Steel,14.7,19.8,9133.9,0
40 mm,C,7.61,7.61,10.06,12.41,59.29,6.92,1367.09,1271.86,ogive,type1,10.36,11.41,tungsten,0.895,809.267,1156.652,0.7,19300,0.1234,0.386,67.71,Steel,6.75,0.6,9400.74,1
40 mm,B,10.49,10.49,24.76,26.92,61.73,1.67,1104.41,1020.25,cylindrical,type2,3.52,11.65,aluminum,0.451,808.065,2784.246,0.29,2700,0.3642,0.418,61.77,Aluminum,5.15,11.1,15100.15,1
29 mm,C,7.38,7.38,9.14,10.28,37.14,5.74,1377.14,1382.03,cylindrical,type2,5.95,6.48,aluminum,0.281,497.658,1202.8,0.414,2700,0.1021,0.38,73.99,Steel,29.38,42.3,8667.07,0
40 mm,B,15.3,15.3,20.81,24.54,48.2,3.4,1177.54,1118.58,spherical,type2,2.41,11.62,tungsten,0.293,139.565,432.604,0.323,19300,0.1881,0.406,65.74,Aluminum,6.37,5.3,14427.58,1
40 mm,C,8.72,8.72,7.93,10.42,30.9,5.61,1665.88,1672.71,cylindrical,type1,8.34,12.75,tungsten,0.505,856.924,634.941,1.35,19300,0.1624,0.171,59.78,Aluminum,6.09,0.6,11003.49,1
40 mm,B,12.88,12.88,21.09,23.46,34.79,3.89,1490.36,1500.16,ogive,type2,6.18,6.51,steel,0.763,822.464,2200.026,0.374,7800,0.236,0.587,58.01,Steel,27.25,42.1,23422.27,0
29 mm,A,16.88,16.88,8.71,11.26,25.39,1.06,821.55,797.06,cylindrical,type1,3.27,4.7,tungsten,0.517,313.643,1774.511,0.177,19300,0.4633,0.466,96.92,Aluminum,29.4,38.8,2939.38,0
29 mm,C,15.06,15.06,24.34,27.72,27.61,2.62,1579.56,1670.3,cylindrical,type2,6.02,13.54,aluminum,0.628,406.475,1696.928,0.24,2700,0.1319,0.179,88.98,Steel,26.11,20.7,30364.27,1
29 mm,C,9.48,9.48,18.72,20.39,32.63,1.3,1071.26,1100.78,spherical,type1,10.42,10.07,aluminum,0.451,561.333,429.575,1.307,2700,0.243,0.333,50.63,Aluminum,8.49,0.2,10741.52,1
29 mm,A,9.99,9.99,6.8,9.93,54.81,3.99,1729.13,1789.71,cylindrical,type2,5.76,7.99,aluminum,0.7,202.729,659.413,0.307,2700,0.4038,0.484,72.28,Aluminum,20.99,26.3,10165.63,0
29 mm,B,14.8,14.8,18.86,21.99,46.47,6.88,1363.71,1409.74,spherical,type2,3.86,13.44,steel,0.307,838.508,1309.4,0.64,7800,0.4452,0.551,21.63,Steel,22.42,36.8,17537.02,0
40 mm,B,13.24,13.24,17.07,20.62,36.02,6.17,730.34,722.84,ogive,type1,9.08,3.77,aluminum,0.564,929.89,1454.416,0.639,2700,0.3945,0.261,21.68,Titanium,24.29,12.9,4552.54,0
40 mm,B,6.45,6.45,11.75,12.78,71.67,6.52,1507.8,1498.08,cylindrical,type3,11.79,12.54,tungsten,0.33,377.375,1254.43,0.301,19300,0.4861,0.316,45.49,Aluminum,7.82,7.8,13356.58,1
40 mm,C,18.11,18.11,10.21,11.72,51.51,6.65,843.81,828.93,spherical,type3,12.79,8.38,tungsten,0.528,931.627,1607.684,0.579,19300,0.3784,0.22,80.38,Steel,14.77,40.7,3634.84,0
29 mm,C,12.69,12.69,19.38,21.79,75.39,3.6,1664.99,1699.05,spherical,type1,8.14,2.55,tungsten,0.501,820.783,2253.935,0.364,19300,0.3979,0.257,94.04,Aluminum,11.9,34.6,26862.54,1
29 mm,A,12.1,12.1,19.83,23.38,58.1,4.54,1743.16,1710.64,ogive,type1,11.24,14.64,aluminum,0.623,755.043,1979.972,0.381,2700,0.2688,0.175,74.64,Titanium,21.36,20.2,30127.79,1
40 mm,C,7.98,7.98,11.54,15.44,20.95,4.56,1464.78,1551.03,ogive,type3,12.83,12.11,steel,0.557,972.238,1911.599,0.509,7800,0.2208,0.066,76.51,Aluminum,13.59,40.7,12380.0,1
29 mm,B,10.65,10.65,22.52,25.3,74.81,1.79,1286.16,1248.87,ogive,type1,10.75,4.79,tungsten,0.883,392.185,1761.781,0.223,19300,0.2848,0.279,22.57,Aluminum,17.72,27.4,18626.38,1
40 mm,C,9.99,9.99,10.38,12.02,71.45,5.19,1362.27,1372.99,spherical,type3,8.85,14.01,tungsten,0.83,924.079,762.599,1.212,19300,0.4072,0.309,94.41,Steel,20.66,42.5,9631.5,0
40 mm,C,9.06,9.06,6.4,7.95,58.12,6.04,1171.74,1160.29,spherical,type2,2.78,14.16,steel,0.406,188.563,1892.982,0.1,7800,0.3601,0.479,26.94,Steel,26.65,4.6,4393.52,0
29 mm,B,13.51,13.51,17.0,19.92,52.09,5.28,791.94,769.4,spherical,type2,5.77,12.41,tungsten,0.285,530.213,643.677,0.824,19300,0.4088,0.337,95.75,Steel,28.02,19.6,5330.94,0
29 mm,B,11.93,11.93,7.14,8.77,47.18,6.22,1721.73,1830.35,ogive,type1,6.16,3.65,steel,0.245,596.81,2196.162,0.272,7800,0.351,0.23,31.34,Steel,22.34,30.6,10582.74,0
29 mm,B,18.34,18.34,10.53,13.19,48.93,1.83,1062.11,1040.16,ogive,type2,7.14,4.42,steel,0.339,210.53,1466.405,0.144,7800,0.3932,0.305,22.67,Aluminum,8.91,18.4,5939.33,0
29 mm,C,19.12,19.12,15.14,18.64,66.15,6.33,1044.13,1028.89,ogive,type1,14.36,11.8,tungsten,0.355,763.619,1828.09,0.418,19300,0.1623,0.488,65.09,Aluminum,27.22,15.7,8252.87,0
29 mm,B,8.29,8.29,10.73,12.9,50.79,2.46,910.46,877.25,spherical,type2,4.72,13.88,tungsten,0.822,527.661,2615.825,0.202,19300,0.2295,0.315,29.09,Steel,10.11,31.3,4447.25,0
40 mm,A,6.5,6.5,9.3,11.44,30.56,7.14,1791.65,1793.7,spherical,type2,9.04,4.8,steel,0.847,509.986,1244.672,0.41,7800,0.3245,0.355,22.31,Aluminum,6.33,27.3,14926.55,1
40 mm,B,16.78,16.78,19.06,20.17,23.49,2.71,1736.82,1731.75,ogive,type1,14.89,7.99,steel,0.361,623.296,479.335,1.3,7800,0.1066,0.145,73.43,Titanium,15.93,12.7,28747.66,1
40 mm,A,19.92,19.92,15.94,17.7,27.57,4.44,1084.38,1028.42,ogive,type2,10.04,4.01,tungsten,0.731,221.241,2695.912,0.082,19300,0.4649,0.054,79.06,Titanium,22.12,20.0,9371.76,0
40 mm,B,17.95,17.95,21.8,24.89,35.09,4.41,986.01,964.79,ogive,type2,4.72,8.21,steel,0.785,280.023,1221.955,0.229,7800,0.1958,0.561,43.44,Titanium,8.73,31.8,10597.15,1
40 mm,A,5.36,5.36,16.62,18.7,42.06,2.88,1585.91,1616.39,spherical,type3,14.48,10.35,steel,0.464,262.616,1338.266,0.196,7800,0.1354,0.197,62.68,Aluminum,12.48,28.2,20900.57,1
29 mm,A,8.77,8.77,14.67,16.14,73.54,3.53,1164.87,1216.22,spherical,type1,6.37,2.24,tungsten,0.81,956.739,1028.866,0.93,19300,0.3657,0.241,66.88,Aluminum,7.0,20.4,9953.02,1
29 mm,C,5.65,5.65,10.23,11.55,34.35,2.3,1764.57,1765.77,spherical,type3,2.62,10.36,steel,0.892,795.871,1376.475,0.578,7800,0.1775,0.113,32.87,Steel,20.46,11.7,15926.61,0
40 mm,A,17.31,17.31,20.84,22.13,39.18,4.99,1691.34,1694.29,ogive,type3,7.61,10.32,tungsten,0.877,576.277,1658.718,0.347,19300,0.3248,0.332,55.21,Titanium,22.71,5.2,29807.77,1
29 mm,B,13.72,13.72,8.94,11.92,33.38,7.39,1535.4,1517.35,ogive,type3,5.13,7.92,tungsten,0.719,693.51,2561.272,0.271,19300,0.1996,0.455,70.96,Aluminum,17.99,37.8,10537.82,0
29 mm,C,12.71,12.71,9.84,12.68,52.74,3.22,798.92,773.8,cylindrical,type3,12.65,13.64,tungsten,0.46,684.98,2216.449,0.309,19300,0.1664,0.427,90.86,Aluminum,16.11,36.9,3140.3,0
40 mm,C,13.32,13.32,21.83,24.39,57.03,4.56,1472.34,1426.36,spherical,type2,4.86,3.75,tungsten,0.359,336.111,1637.187,0.205,19300,0.394,0.521,53.51,Steel,26.19,27.6,23661.37,1
40 mm,B,8.79,8.79,19.82,22.32,51.93,7.03,1785.98,1708.15,ogive,type3,12.66,2.67,tungsten,0.895,177.947,2338.771,0.076,19300,0.2553,0.208,75.95,Steel,15.48,25.7,31610.17,1
40 mm,A,14.02,14.02,17.26,18.72,77.11,4.17,1110.62,1075.5,spherical,type3,2.47,8.45,aluminum,0.393,599.445,2573.816,0.233,2700,0.3298,0.223,60.13,Titanium,16.04,6.1,10644.9,0
40 mm,C,5.46,5.46,5.78,8.28,79.72,6.82,1669.73,1714.93,ogive,type2,14.08,8.93,tungsten,0.507,336.738,362.816,0.928,19300,0.1864,0.581,76.57,Aluminum,19.43,20.1,8057.32,0
29 mm,C,14.69,14.69,7.55,8.73,70.24,4.12,1148.96,1127.74,ogive,type1,2.55,5.47,aluminum,0.385,886.124,1858.241,0.477,2700,0.321,0.301,83.12,Aluminum,22.6,21.8,4983.41,0
40 mm,B,16.02,16.02,15.0,18.78,68.32,4.08,1768.46,1751.16,ogive,type2,14.2,14.5,aluminum,0.547,312.448,321.151,0.973,2700,0.2685,0.509,62.44,Titanium,24.43,20.8,23455.88,1
40 mm,A,15.1,15.1,19.93,21.1,41.96,2.1,1418.95,1400.68,ogive,type3,2.96,5.3,aluminum,0.277,615.575,1062.723,0.579,2700,0.1205,0.386,24.89,Steel,6.02,10.9,20063.72,1
40 mm,A,9.98,9.98,14.28,16.55,54.79,1.87,806.15,868.39,cylindrical,type3,13.34,5.51,aluminum,0.766,478.084,2334.766,0.205,2700,0.3907,0.149,90.03,Steel,26.28,5.6,4640.13,0
40 mm,A,17.39,17.39,5.35,6.35,41.09,5.28,1226.95,1180.53,cylindrical,type2,12.81,12.54,tungsten,0.554,768.613,2415.599,0.318,19300,0.3209,0.577,68.08,Titanium,16.28,41.9,4026.96,0
40 mm,A,15.73,15.73,8.69,12.05,67.06,6.79,754.7,768.55,spherical,type1,9.73,14.0,steel,0.494,955.672,2674.716,0.357,7800,0.4709,0.228,68.05,Aluminum,27.65,25.0,2474.79,0
29 mm,C,6.92,6.92,16.78,18.28,30.31,1.95,1134.58,1131.16,ogive,type3,2.47,8.97,aluminum,0.454,470.414,1595.066,0.295,2700,0.4232,0.403,60.76,Aluminum,18.41,38.8,10800.21,0
29 mm,A,7.93,7.93,18.88,22.65,33.0,7.37,1706.92,1710.32,ogive,type1,10.07,2.25,steel,0.606,139.919,435.585,0.321,7800,0.3284,0.19,33.92,Aluminum,16.9,30.2,27504.16,1
29 mm,A,14.56,14.56,5.67,6.8,22.32,3.51,955.42,967.64,spherical,type1,10.03,6.62,tungsten,0.746,695.288,554.999,1.253,19300,0.1172,0.367,58.89,Titanium,9.88,36.9,2587.87,0
29 mm,C,9.34,9.34,5.87,9.33,56.54,3.98,1745.62,1748.48,ogive,type2,9.24,4.91,steel,0.832,216.266,884.067,0.245,7800,0.4008,0.348,62.95,Steel,16.74,9.7,8943.5,0
29 mm,C,6.79,6.79,10.23,13.2,61.31,7.26,809.92,849.57,spherical,type3,10.21,8.64,aluminum,0.789,194.051,1242.112,0.156,2700,0.3196,0.194,50.7,Titanium,17.32,4.8,3355.29,0
29 mm,A,7.32,7.32,6.67,8.42,20.2,7.27,1431.29,1429.83,cylindrical,type1,14.59,10.87,aluminum,0.512,695.402,1674.37,0.415,2700,0.434,0.594,31.93,Aluminum,27.36,27.6,6832.05,0
40 mm,B,7.48,7.48,15.84,17.45,50.65,4.67,1762.25,1849.47,spherical,type2,14.94,7.1,steel,0.784,192.531,2008.625,0.096,7800,0.3311,0.127,80.98,Titanium,27.18,24.7,24595.76,1
40 mm,B,12.17,12.17,7.47,9.54,42.61,2.94,1419.57,1421.79,cylindrical,type1,8.77,8.99,tungsten,0.57,215.899,655.01,0.33,19300,0.1008,0.294,56.53,Titanium,17.16,4.3,7526.69,0
40 mm,B,14.11,14.11,17.96,21.45,67.54,2.2,1688.9,1603.73,cylindrical,type2,3.19,11.88,tungsten,0.647,495.173,729.112,0.679,19300,0.426,0.067,76.05,Steel,26.69,27.5,25614.4,1
40 mm,C,7.65,7.65,20.54,24.13,22.33,2.9,1790.13,1822.05,cylindrical,type1,3.74,5.2,tungsten,0.672,507.093,684.371,0.741,19300,0.4197,0.425,23.76,Steel,26.36,8.2,32910.89,1
40 mm,C,15.69,15.69,24.41,25.94,22.91,6.46,1406.03,1425.63,ogive,type2,11.36,4.55,steel,0.48,922.343,2313.824,0.399,7800,0.1398,0.304,60.35,Steel,28.71,4.9,24128.31,0
40 mm,C,9.22,9.22,23.97,26.03,57.21,3.27,1560.49,1562.12,ogive,type2,14.77,12.47,tungsten,0.54,348.521,1045.846,0.333,19300,0.3735,0.358,25.9,Steel,14.04,44.3,29185.02,1
29 mm,A,9.67,9.67,10.47,12.18,55.5,5.86,735.18,722.2,cylindrical,type1,7.67,2.48,steel,0.685,460.842,666.792,0.691,7800,0.3104,0.434,78.68,Aluminum,10.31,25.0,2829.46,0
40 mm,A,8.35,8.35,5.59,6.96,69.87,2.37,1170.04,1064.31,ogive,type1,3.27,3.96,tungsten,0.416,736.769,1407.852,0.523,19300,0.336,0.47,66.48,Steel,28.6,14.8,3826.34,0
29 mm,B,16.78,16.78,11.59,14.53,55.54,4.35,1017.09,919.75,cylindrical,type3,6.59,2.16,tungsten,0.723,844.318,893.046,0.945,19300,0.4557,0.581,56.11,Titanium,19.62,4.4,5994.77,0
29 mm,A,19.4,19.4,19.17,21.21,76.96,3.46,1606.6,1688.98,spherical,type1,7.01,9.22,tungsten,0.448,414.208,1234.037,0.336,19300,0.1998,0.525,97.83,Titanium,16.67,41.3,24740.45,1
40 mm,B,12.39,12.39,6.2,7.88,38.86,4.53,1445.34,1416.06,spherical,type1,14.96,9.8,tungsten,0.61,667.97,2507.239,0.266,19300,0.1053,0.228,46.08,Aluminum,15.29,42.4,6475.92,0
40 mm,A,5.63,5.63,12.19,15.79,43.88,4.99,1375.86,1424.14,spherical,type1,10.93,8.9,aluminum,0.786,661.767,1134.911,0.583,2700,0.1834,0.45,53.83,Aluminum,7.12,11.6,11537.78,1
29 mm,C,8.91,8.91,10.96,14.2,78.66,7.94,1724.71,1644.56,ogive,type3,3.53,7.39,aluminum,0.216,372.887,689.606,0.541,2700,0.4661,0.092,79.0,Steel,10.1,19.6,16300.94,1
29 mm,A,7.37,7.37,9.39,12.71,26.45,7.3,797.75,745.41,cylindrical,type2,6.38,8.88,aluminum,0.368,206.759,850.867,0.243,2700,0.1846,0.125,62.0,Aluminum,12.29,29.0,2987.92,0
29 mm,A,17.64,17.64,19.12,20.24,67.75,5.87,1749.23,1783.16,cylindrical,type1,2.63,4.52,steel,0.593,714.265,296.2,2.411,7800,0.3698,0.303,72.68,Steel,18.78,5.0,29251.74,1
29 mm,A,6.27,6.27,18.18,21.93,20.69,2.08,810.84,805.71,cylindrical,type3,10.49,12.74,tungsten,0.274,341.261,2723.162,0.125,19300,0.4159,0.303,98.1,Titanium,17.92,24.2,5976.33,0
29 mm,A,19.5,19.5,15.71,18.43,49.19,7.43,1081.72,1108.6,ogive,type1,10.75,14.75,aluminum,0.344,386.454,2151.51,0.18,2700,0.4253,0.328,75.65,Steel,18.57,9.8,9191.28,0
40 mm,B,13.83,13.83,23.22,25.73,29.2,7.25,1393.3,1392.62,cylindrical,type2,2.75,9.03,steel,0.724,615.12,1497.411,0.411,7800,0.1042,0.311,32.06,Titanium,6.91,10.1,22538.32,1
40 mm,B,12.77,12.77,7.06,8.09,55.93,7.21,1075.62,1065.24,spherical,type1,6.36,6.87,aluminum,0.218,244.728,1770.422,0.138,2700,0.1038,0.403,36.75,Titanium,5.24,27.1,4084.06,0
40 mm,C,17.71,17.71,7.99,11.68,67.89,4.35,1450.79,1416.79,spherical,type3,13.74,12.29,steel,0.627,317.348,911.455,0.348,7800,0.4956,0.575,89.59,Steel,16.58,14.0,8408.64,0
40 mm,A,5.41,5.41,12.67,15.3,21.98,2.19,1552.96,1493.26,cylindrical,type3,12.75,4.51,steel,0.224,501.471,1330.327,0.377,7800,0.311,0.145,23.84,Aluminum,9.84,24.8,15278.02,1
40 mm,B,16.66,16.66,18.12,21.6,29.83,6.28,1611.36,1681.5,cylindrical,type3,9.46,6.17,steel,0.281,890.635,1095.54,0.813,7800,0.1255,0.247,60.73,Titanium,27.29,11.8,23524.12,0
40 mm,B,6.75,6.75,16.68,19.65,40.56,3.72,897.28,975.65,ogive,type1,8.3,14.22,tungsten,0.473,795.031,2508.721,0.317,19300,0.1107,0.091,92.48,Titanium,15.77,21.9,6714.63,0
29 mm,B,17.61,17.61,6.48,9.87,35.35,3.41,900.28,848.34,cylindrical,type1,14.91,4.42,steel,0.875,385.837,2281.591,0.169,7800,0.4243,0.16,82.1,Aluminum,13.8,42.0,2626.03,0
29 mm,C,12.94,12.94,24.17,27.25,42.99,3.74,757.55,702.35,ogive,type3,11.39,3.46,aluminum,0.582,371.862,994.865,0.374,2700,0.462,0.593,29.25,Aluminum,18.6,21.8,6935.36,0
40 mm,A,5.92,5.92,11.1,14.86,77.11,4.91,1239.94,1222.55,cylindrical,type3,14.38,9.1,tungsten,0.419,988.61,2334.294,0.424,19300,0.3098,0.072,79.24,Steel,20.72,22.6,8532.85,0
29 mm,B,17.5,17.5,12.18,13.86,26.07,3.33,851.29,868.31,cylindrical,type1,2.93,9.64,tungsten,0.488,688.046,463.014,1.486,19300,0.2487,0.168,50.57,Steel,7.05,22.2,4413.39,0
29 mm,C,5.41,5.41,17.47,19.08,45.4,5.83,1050.46,1041.37,cylindrical,type3,4.76,9.76,aluminum,0.598,716.981,767.195,0.935,2700,0.3809,0.285,92.1,Steel,23.53,38.5,9638.78,0
29 mm,C,7.08,7.08,23.9,27.04,47.43,5.53,1624.48,1649.46,cylindrical,type3,2.4,4.14,steel,0.634,149.612,497.862,0.301,7800,0.109,0.211,65.82,Steel,8.44,30.7,31535.28,1
40 mm,B,16.97,16.97,18.25,20.75,36.82,4.56,1743.52,1741.06,ogive,type2,13.28,11.37,aluminum,0.388,194.475,867.09,0.224,2700,0.4596,0.35,63.9,Aluminum,14.67,1.4,27738.74,1
29 mm,B,11.97,11.97,24.1,26.9,36.71,1.38,1604.28,1598.55,spherical,type2,11.03,5.15,steel,0.338,365.008,833.343,0.438,7800,0.2024,0.595,20.7,Titanium,13.92,5.3,31013.26,1
40 mm,C,18.22,18.22,8.75,11.88,62.89,7.56,700.71,821.36,cylindrical,type1,4.31,14.33,steel,0.547,857.81,2721.553,0.315,7800,0.1764,0.437,39.97,Titanium,19.23,26.0,2148.1,0
29 mm,B,14.53,14.53,17.38,20.02,57.07,3.88,1324.83,1298.57,spherical,type1,14.66,4.96,aluminum,0.651,919.602,1116.691,0.824,2700,0.2243,0.273,53.02,Aluminum,22.24,34.2,15252.47,0
29 mm,C,14.35,14.35,21.58,24.94,68.77,4.15,883.33,965.33,ogive,type1,14.43,2.23,steel,0.772,271.926,1194.61,0.228,7800,0.1255,0.426,77.91,Aluminum,25.02,5.3,8419.13,0
29 mm,A,9.38,9.38,15.18,17.14,44.3,4.19,1113.32,1185.66,ogive,type1,4.92,9.38,tungsten,0.615,742.777,479.302,1.55,19300,0.2558,0.53,61.6,Titanium,18.18,22.6,9407.66,0
29 mm,B,7.01,7.01,12.24,15.82,56.4,3.56,1170.71,1195.91,cylindrical,type3,10.41,4.64,steel,0.685,886.724,384.751,2.305,7800,0.3859,0.176,88.2,Aluminum,8.88,28.9,8387.84,1
40 mm,A,19.42,19.42,24.7,26.02,73.62,5.72,1737.23,1640.92,ogive,type2,10.69,10.17,tungsten,0.539,891.011,814.285,1.094,19300,0.2993,0.444,22.75,Aluminum,22.4,18.0,37271.91,1
29 mm,A,6.57,6.57,7.82,10.72,71.08,1.1,1397.11,1398.66,cylindrical,type3,2.05,4.98,steel,0.597,512.927,576.729,0.889,7800,0.3672,0.388,45.83,Steel,16.97,31.2,7631.99,0
29 mm,B,12.94,12.94,13.22,16.89,75.2,7.11,994.42,968.69,spherical,type1,10.95,7.57,aluminum,0.645,332.901,1164.908,0.286,2700,0.1855,0.454,67.81,Aluminum,19.72,15.4,6536.44,0
40 mm,A,9.09,9.09,22.47,24.23,36.14,1.72,1407.07,1408.07,cylindrical,type3,4.88,4.33,tungsten,0.365,960.656,720.924,1.333,19300,0.2592,0.096,72.7,Steel,16.09,28.0,22243.57,1
40 mm,B,8.96,8.96,23.01,24.99,79.13,8.0,1747.05,1693.9,ogive,type1,13.72,7.57,aluminum,0.854,348.925,698.88,0.499,2700,0.3078,0.453,60.19,Aluminum,15.41,34.5,35115.37,1
29 mm,B,13.92,13.92,24.61,26.53,68.98,5.4,765.08,802.89,spherical,type3,12.9,3.77,steel,0.442,327.426,2013.103,0.163,7800,0.329,0.483,51.91,Titanium,22.53,43.0,7202.7,0
40 mm,B,16.97,16.97,22.7,25.39,67.69,1.46,1597.59,1646.84,spherical,type1,13.77,6.39,tungsten,0.623,285.115,2837.897,0.1,19300,0.1746,0.428,25.72,Titanium,18.1,28.8,28968.53,1
40 mm,C,16.66,16.66,6.02,8.26,60.05,4.94,938.59,997.09,spherical,type1,11.85,4.59,tungsten,0.593,579.282,234.949,2.466,19300,0.4231,0.158,75.7,Titanium,26.69,15.8,2651.66,0
29 mm,C,18.03,18.03,23.6,24.92,79.0,3.32,868.42,849.31,ogive,type1,4.14,12.61,aluminum,0.797,196.466,2175.557,0.09,2700,0.1361,0.139,92.3,Aluminum,23.59,32.5,8899.01,0
40 mm,B,9.39,9.39,13.56,17.23,46.49,7.67,1688.75,1635.78,cylindrical,type3,6.69,11.48,aluminum,0.28,613.619,2045.753,0.3,2700,0.1393,0.456,84.71,Aluminum,16.91,36.2,19335.72,1
40 mm,A,11.99,11.99,18.03,19.64,64.49,6.29,702.03,719.61,ogive,type1,11.22,4.17,aluminum,0.819,949.32,1838.152,0.516,2700,0.1999,0.406,76.1,Aluminum,10.36,18.7,4443.01,0
40 mm,C,5.14,5.14,12.89,15.49,61.93,4.55,1515.19,1602.99,ogive,type2,6.2,3.08,steel,0.296,554.472,2138.435,0.259,7800,0.3617,0.591,70.73,Steel,5.44,16.3,14796.44,1
29 mm,A,16.2,16.2,21.27,24.05,63.93,4.01,795.95,799.42,cylindrical,type2,11.23,2.33,steel,0.301,968.813,1624.359,0.596,7800,0.1308,0.3,81.76,Titanium,10.13,6.9,6737.66,0
29 mm,B,9.54,9.54,16.52,17.64,65.09,7.97,1379.79,1402.4,ogive,type3,6.37,4.95,steel,0.804,915.133,2795.37,0.327,7800,0.1031,0.176,82.14,Steel,12.03,30.5,15725.56,1
29 mm,B,13.42,13.42,21.91,23.2,31.45,5.67,1382.99,1371.24,spherical,type2,4.31,8.24,steel,0.38,813.072,643.03,1.264,7800,0.2889,0.473,20.56,Titanium,7.95,20.0,20953.2,1
40 mm,A,7.54,7.54,8.88,12.8,40.94,4.6,1649.05,1623.88,spherical,type1,8.74,7.2,tungsten,0.628,647.252,1525.944,0.424,19300,0.2387,0.462,48.63,Titanium,21.73,6.0,12073.98,0
40 mm,B,17.29,17.29,8.7,11.69,43.54,3.79,1604.87,1637.78,cylindrical,type2,10.92,14.63,tungsten,0.525,892.61,2028.507,0.44,19300,0.1627,0.337,89.44,Titanium,13.15,25.3,11203.89,0
29 mm,A,17.26,17.26,13.81,14.91,64.88,3.27,1453.68,1448.38,cylindrical,type1,8.72,12.3,aluminum,0.854,599.485,2744.356,0.218,2700,0.3624,0.46,88.06,Steel,5.76,44.5,14591.55,1
29 mm,A,18.16,18.16,5.1,8.48,62.97,5.94,1118.6,1138.78,spherical,type3,10.34,3.02,steel,0.747,286.481,1564.82,0.183,7800,0.3566,0.221,76.8,Titanium,15.92,2.3,3190.73,0
40 mm,B,5.69,5.69,18.86,21.39,70.0,5.12,883.05,908.43,spherical,type3,7.69,4.07,tungsten,0.434,932.662,2935.59,0.318,19300,0.1488,0.169,44.73,Steel,24.61,23.2,7353.3,0
40 mm,A,19.89,19.89,10.92,12.15,67.31,6.94,1399.25,1416.63,spherical,type1,12.12,2.35,aluminum,0.769,551.971,2038.152,0.271,2700,0.1919,0.119,83.83,Steel,13.49,42.1,10690.14,0
40 mm,C,8.72,8.72,16.15,19.19,55.76,4.87,1246.67,1274.56,ogive,type3,10.45,3.8,tungsten,0.358,916.973,2157.795,0.425,19300,0.246,0.21,38.52,Titanium,27.56,43.2,12550.05,0
29 mm,A,9.64,9.64,6.4,8.9,28.4,5.08,785.74,743.09,ogive,type1,9.47,8.88,steel,0.631,453.831,2490.98,0.182,7800,0.496,0.41,37.93,Aluminum,26.32,15.4,1975.64,0
40 mm,B,8.74,8.74,8.41,10.02,58.13,4.34,1751.12,1705.42,ogive,type2,7.66,3.0,tungsten,0.726,402.152,2254.971,0.178,19300,0.4074,0.192,62.86,Titanium,27.23,7.7,12894.3,0
29 mm,C,9.01,9.01,17.46,21.09,73.22,6.34,1045.86,1043.73,cylindrical,type2,8.96,2.78,steel,0.692,789.392,1663.355,0.475,7800,0.2349,0.536,65.71,Aluminum,21.69,18.9,9549.08,0
40 mm,A,13.29,13.29,11.11,12.98,58.59,3.9,702.35,701.42,cylindrical,type1,2.66,3.54,steel,0.66,671.001,2363.328,0.284,7800,0.4862,0.187,48.11,Steel,25.16,14.3,2740.26,0
29 mm,C,8.6,8.6,9.29,11.14,73.74,6.96,1691.86,1665.74,ogive,type2,10.67,10.7,aluminum,0.781,495.752,300.052,1.652,2700,0.282,0.426,68.3,Steel,14.72,21.7,13295.8,1
29 mm,C,10.91,10.91,9.58,11.4,79.94,3.29,1334.76,1346.81,cylindrical,type1,4.66,2.25,aluminum,0.589,890.73,2811.748,0.317,2700,0.2521,0.34,76.73,Titanium,22.33,26.8,8533.79,0
29 mm,C,14.83,14.83,9.3,12.6,41.55,5.85,1506.37,1551.78,spherical,type3,13.18,14.61,aluminum,0.85,564.919,2504.82,0.226,2700,0.4777,0.166,34.42,Aluminum,10.6,34.6,10551.55,1
40 mm,A,17.54,17.54,17.46,20.58,63.4,7.25,867.93,927.31,cylindrical,type3,12.56,6.95,tungsten,0.301,111.512,1985.451,0.056,19300,0.3945,0.356,43.09,Steel,10.12,28.5,6576.33,0
40 mm,C,15.39,15.39,8.35,12.06,52.4,6.38,1145.07,1215.68,ogive,type3,8.86,6.38,tungsten,0.449,723.883,392.513,1.844,19300,0.3191,0.575,75.99,Steel,28.59,40.1,5474.2,0
29 mm,C,13.91,13.91,12.25,13.94,47.3,3.4,1409.57,1343.83,cylindrical,type2,13.01,8.17,aluminum,0.748,156.841,1025.787,0.153,2700,0.3403,0.569,94.18,Titanium,18.72,33.1,12169.69,0
40 mm,C,7.22,7.22,18.76,22.12,34.39,5.94,976.06,917.91,ogive,type2,10.72,8.73,aluminum,0.416,532.992,910.159,0.586,2700,0.4891,0.21,90.76,Steel,6.79,23.3,8936.26,1
29 mm,A,17.24,17.24,15.27,17.99,34.75,2.45,1471.65,1457.17,ogive,type2,3.84,7.46,tungsten,0.51,272.872,919.67,0.297,19300,0.1612,0.345,30.37,Steel,9.93,5.4,16535.53,1
29 mm,C,5.56,5.56,16.95,18.88,31.1,1.41,956.98,960.99,spherical,type3,11.63,8.32,tungsten,0.741,317.785,2081.887,0.153,19300,0.2389,0.133,65.58,Aluminum,16.53,36.2,7761.5,0
29 mm,A,8.96,8.96,10.02,11.13,57.89,6.54,930.04,918.12,ogive,type2,14.95,6.42,steel,0.577,981.834,2653.187,0.37,7800,0.2684,0.308,84.01,Titanium,26.15,32.1,4333.52,0
40 mm,B,5.86,5.86,23.65,27.11,28.52,6.66,712.79,685.16,cylindrical,type2,2.53,6.19,tungsten,0.331,202.131,2108.565,0.096,19300,0.4939,0.227,38.99,Steel,27.4,15.1,6007.92,0
29 mm,B,15.01,15.01,13.28,15.0,45.88,1.16,1010.1,994.88,cylindrical,type2,5.18,2.36,tungsten,0.322,781.936,1288.527,0.607,19300,0.1337,0.561,71.46,Titanium,7.84,10.4,6774.81,0
40 mm,B,10.53,10.53,10.74,13.64,51.4,7.63,971.41,995.58,spherical,type2,9.77,10.73,aluminum,0.411,673.701,2913.862,0.231,2700,0.1447,0.398,54.21,Aluminum,6.55,29.6,5067.33,0
29 mm,B,14.78,14.78,23.09,25.74,46.29,4.12,1540.79,1474.31,cylindrical,type2,7.4,10.02,steel,0.412,275.538,2615.231,0.105,7800,0.2741,0.152,73.02,Titanium,8.04,3.8,27408.22,1
29 mm,A,10.21,10.21,18.11,19.12,71.3,7.34,1326.68,1443.85,spherical,type3,10.29,10.69,tungsten,0.296,941.804,2119.172,0.444,19300,0.1677,0.596,22.57,Aluminum,21.78,35.4,15937.52,0
29 mm,B,11.84,11.84,17.28,21.26,46.59,6.52,895.61,896.66,spherical,type2,9.62,14.23,steel,0.784,281.275,1312.904,0.214,7800,0.3739,0.432,45.04,Aluminum,18.32,10.2,6930.29,0
40 mm,C,11.87,11.87,22.73,26.17,24.97,7.3,1324.94,1377.48,ogive,type3,12.24,8.15,steel,0.398,564.026,2114.717,0.267,7800,0.2443,0.124,44.59,Steel,23.45,26.7,19950.87,0
29 mm,B,5.68,5.68,6.17,8.63,79.53,6.83,947.99,918.99,spherical,type3,2.92,13.46,steel,0.762,811.47,1342.386,0.604,7800,0.4385,0.49,53.49,Titanium,19.83,13.7,2772.44,0
40 mm,A,11.45,11.45,21.75,24.79,70.7,7.82,1168.05,1196.77,cylindrical,type2,7.73,7.77,aluminum,0.881,787.214,634.524,1.241,2700,0.3994,0.357,29.16,Steel,7.4,21.5,14837.21,1
40 mm,C,14.62,14.62,18.56,20.99,59.6,5.4,1677.03,1682.03,spherical,type3,13.18,8.21,tungsten,0.432,387.737,1932.737,0.201,19300,0.2883,0.27,54.93,Aluminum,11.44,36.0,26099.35,1
29 mm,A,13.19,13.19,12.2,15.43,65.38,2.59,1491.18,1534.02,spherical,type1,6.72,10.23,steel,0.879,855.345,2154.686,0.397,7800,0.438,0.158,63.32,Steel,13.29,12.9,13564.07,1
40 mm,B,6.13,6.13,10.13,11.53,27.69,3.73,1416.21,1406.28,cylindrical,type3,8.55,4.81,aluminum,0.334,965.887,1178.05,0.82,2700,0.1403,0.203,22.13,Aluminum,22.69,1.5,10158.62,0
40 mm,B,15.02,15.02,7.1,9.44,65.95,6.26,1009.63,1087.21,ogive,type1,2.28,4.83,steel,0.653,526.618,2802.062,0.188,7800,0.3324,0.142,44.07,Titanium,19.92,3.5,3618.7,0
29 mm,B,9.63,9.63,23.82,25.83,32.46,2.1,837.04,762.44,ogive,type2,4.91,8.63,aluminum,0.894,687.084,2591.927,0.265,2700,0.3421,0.492,34.18,Steel,28.67,3.4,8344.57,0
29 mm,C,5.22,5.22,7.84,10.22,49.34,7.51,1528.24,1575.71,cylindrical,type1,8.03,2.89,steel,0.766,428.063,1831.987,0.234,7800,0.1984,0.2,97.77,Steel,8.64,20.7,9155.23,1
29 mm,B,7.33,7.33,10.19,12.54,30.68,2.44,1324.68,1330.62,cylindrical,type2,7.19,5.08,steel,0.361,418.675,368.66,1.136,7800,0.1198,0.308,30.42,Titanium,28.47,3.7,8940.59,0
40 mm,C,12.46,12.46,18.82,20.25,65.23,7.13,1385.04,1334.12,ogive,type2,11.29,12.31,aluminum,0.38,522.744,248.204,2.106,2700,0.3141,0.582,70.19,Titanium,10.5,18.6,18051.54,1
29 mm,A,9.66,9.66,19.2,23.13,34.76,4.39,1772.62,1870.22,spherical,type3,9.95,8.03,steel,0.384,277.42,1991.682,0.139,7800,0.3055,0.597,52.15,Aluminum,13.59,31.4,30164.94,1
40 mm,C,15.42,15.42,8.22,9.27,35.19,6.88,1083.15,1175.58,ogive,type1,13.44,2.35,aluminum,0.86,720.461,2478.656,0.291,2700,0.3614,0.485,42.99,Steel,5.86,39.6,4821.91,0
40 mm,B,8.61,8.61,21.28,22.31,26.55,7.71,1580.82,1477.13,spherical,type3,13.11,2.79,aluminum,0.372,249.018,1600.988,0.156,2700,0.1852,0.489,88.33,Aluminum,12.41,10.0,26589.27,1
40 mm,A,16.59,16.59,15.21,17.33,63.24,3.96,1314.85,1323.69,spherical,type3,5.14,13.95,aluminum,0.557,104.663,265.766,0.394,2700,0.1719,0.57,73.13,Steel,9.99,39.5,13147.76,1
29 mm,A,9.3,9.3,21.97,24.83,37.75,5.88,958.79,994.07,cylindrical,type2,2.23,14.44,tungsten,0.445,495.528,605.521,0.818,19300,0.4912,0.488,69.62,Aluminum,10.43,44.0,10098.27,1
40 mm,C,14.31,14.31,6.75,8.29,51.1,2.59,758.18,780.27,spherical,type2,13.11,10.33,steel,0.453,168.778,791.486,0.213,7800,0.1455,0.298,27.49,Aluminum,19.31,28.2,1940.07,0
29 mm,B,16.99,16.99,5.86,8.46,39.93,6.61,1377.61,1453.39,ogive,type3,6.28,4.4,aluminum,0.486,606.195,1957.716,0.31,2700,0.4998,0.083,40.72,Titanium,24.52,33.2,5560.58,0
29 mm,B,10.78,10.78,17.74,20.91,66.48,6.74,1027.38,1092.76,ogive,type1,6.51,6.79,steel,0.442,568.332,1560.967,0.364,7800,0.388,0.165,42.12,Aluminum,23.62,21.7,9362.37,0
29 mm,A,5.7,5.7,8.0,9.28,33.59,3.07,1465.03,1478.29,cylindrical,type3,4.06,5.97,tungsten,0.62,223.538,486.179,0.46,19300,0.3517,0.295,54.75,Aluminum,25.73,3.4,8585.25,0
29 mm,B,13.03,13.03,15.5,19.45,76.45,1.17,1470.8,1584.66,ogive,type1,11.01,12.21,tungsten,0.498,321.397,1604.688,0.2,19300,0.2359,0.196,93.72,Steel,23.28,43.2,16765.21,0
29 mm,C,19.93,19.93,5.28,7.29,39.28,4.02,1201.01,1247.85,ogive,type3,5.64,8.98,aluminum,0.509,122.007,2634.58,0.046,2700,0.4471,0.231,52.29,Aluminum,29.41,42.5,3808.0,0
29 mm,A,19.53,19.53,20.6,23.53,26.23,2.19,1290.04,1272.47,ogive,type1,4.3,12.14,tungsten,0.554,634.558,1429.522,0.444,19300,0.464,0.082,46.24,Titanium,5.46,14.5,17141.29,1
29 mm,B,8.32,8.32,22.99,24.32,34.42,6.73,1389.2,1361.58,ogive,type3,8.54,6.69,tungsten,0.449,363.58,619.335,0.587,19300,0.3888,0.354,25.67,Aluminum,29.7,8.8,22183.93,0
29 mm,B,16.34,16.34,21.78,24.91,24.44,2.83,1215.47,1277.64,cylindrical,type3,11.76,13.3,aluminum,0.728,741.686,1818.422,0.408,2700,0.384,0.243,50.8,Aluminum,15.25,2.9,16088.53,1
40 mm,C,10.17,10.17,24.17,27.69,48.12,7.61,1665.11,1625.46,spherical,type1,5.5,7.58,tungsten,0.552,666.843,2802.281,0.238,19300,0.2973,0.192,24.19,Aluminum,16.95,22.4,33506.77,1
29 mm,A,7.4,7.4,23.06,24.38,35.02,7.8,783.53,763.04,ogive,type2,11.39,7.43,aluminum,0.556,436.229,524.549,0.832,2700,0.1311,0.386,49.22,Steel,19.43,41.6,7078.49,0
40 mm,B,14.99,14.99,13.88,15.26,73.16,7.36,1777.8,1765.82,cylindrical,type2,8.01,8.36,steel,0.347,119.551,637.942,0.187,7800,0.4996,0.202,97.42,Aluminum,5.21,1.8,21934.38,1
40 mm,C,12.51,12.51,12.97,14.81,51.03,5.2,736.8,754.58,ogive,type1,7.25,9.69,aluminum,0.222,388.148,1787.16,0.217,2700,0.1062,0.312,64.48,Steel,9.54,27.5,3520.54,0
40 mm,A,13.09,13.09,22.92,23.96,34.0,2.87,928.91,919.24,ogive,type2,6.67,13.62,steel,0.766,392.377,1151.991,0.341,7800,0.2982,0.186,36.71,Titanium,16.15,37.6,9888.53,0
40 mm,C,17.41,17.41,23.54,27.5,47.08,6.65,1479.14,1413.29,spherical,type3,3.89,7.95,aluminum,0.799,399.435,2707.57,0.148,2700,0.2469,0.424,43.94,Steel,24.24,17.1,25751.05,1
40 mm,C,10.05,10.05,24.46,27.26,31.76,5.91,793.46,851.56,cylindrical,type1,6.32,14.09,aluminum,0.369,958.099,2195.739,0.436,2700,0.4105,0.52,65.69,Titanium,26.75,27.5,7699.75,0
40 mm,C,15.01,15.01,20.37,23.19,30.72,7.84,988.39,968.17,spherical,type3,13.43,7.12,tungsten,0.452,248.104,611.846,0.406,19300,0.3943,0.095,21.54,Aluminum,8.69,20.0,9949.88,1
40 mm,B,10.49,10.49,9.04,12.92,38.04,3.64,869.37,970.37,spherical,type3,3.33,6.22,aluminum,0.451,343.054,2638.011,0.13,2700,0.3512,0.501,91.97,Aluminum,11.57,2.9,3416.23,0
40 mm,C,5.64,5.64,23.9,27.4,26.5,1.41,1495.93,1511.13,ogive,type2,14.46,5.84,aluminum,0.679,849.159,1998.418,0.425,2700,0.1299,0.518,66.25,Aluminum,20.18,22.7,26741.79,1
29 mm,C,10.67,10.67,23.94,27.38,31.32,7.99,1336.83,1400.19,ogive,type2,3.4,2.27,tungsten,0.331,932.642,1582.176,0.589,19300,0.1947,0.581,59.38,Steel,14.02,4.0,21391.76,1
29 mm,C,19.25,19.25,18.32,20.34,76.28,6.87,770.93,802.47,ogive,type2,6.71,13.04,tungsten,0.885,521.457,918.33,0.568,19300,0.1377,0.505,77.3,Aluminum,12.45,30.8,5444.09,0
40 mm,B,12.25,12.25,22.15,24.15,60.01,2.55,1206.15,1271.9,ogive,type1,9.88,3.03,tungsten,0.243,586.044,2019.19,0.29,19300,0.4916,0.354,36.02,Aluminum,14.58,14.0,16111.89,1
29 mm,B,6.62,6.62,16.22,18.1,75.27,6.08,929.35,957.87,cylindrical,type2,12.89,6.35,tungsten,0.882,147.573,2715.76,0.054,19300,0.1511,0.089,21.73,Titanium,22.54,36.1,7004.54,0
40 mm,B,15.32,15.32,23.88,25.92,35.41,1.0,1764.47,1776.23,cylindrical,type3,3.87,5.26,steel,0.248,827.235,307.734,2.688,7800,0.4869,0.091,69.22,Titanium,9.97,26.4,37173.45,1
29 mm,A,19.45,19.45,6.88,8.99,71.42,4.9,818.71,873.37,ogive,type1,3.83,11.68,aluminum,0.422,635.104,1250.42,0.508,2700,0.1451,0.158,32.8,Titanium,6.55,42.1,2305.78,0
29 mm,C,18.62,18.62,22.28,23.7,41.74,3.54,1357.86,1482.16,cylindrical,type3,10.17,14.12,steel,0.375,531.109,2819.847,0.188,7800,0.4449,0.296,20.98,Titanium,5.09,33.2,20539.75,1
40 mm,C,13.58,13.58,6.11,8.18,28.65,3.67,1230.03,1216.54,cylindrical,type3,5.81,12.62,tungsten,0.382,372.318,1272.146,0.293,19300,0.3299,0.575,94.31,Titanium,18.17,32.6,4622.13,0
40 mm,B,10.64,10.64,11.78,14.12,68.28,2.71,1335.89,1375.64,spherical,type3,10.38,6.16,steel,0.896,499.394,300.437,1.662,7800,0.4327,0.146,83.07,Steel,11.25,13.7,10511.31,1
40 mm,A,13.71,13.71,7.71,9.64,23.58,2.92,1752.14,1751.88,ogive,type2,12.67,7.92,tungsten,0.521,761.781,484.044,1.574,19300,0.3536,0.346,29.14,Steel,19.04,19.9,11834.83,0
29 mm,B,17.24,17.24,14.58,16.08,44.29,4.18,1075.41,1100.71,ogive,type2,3.0,5.21,aluminum,0.284,172.697,2134.128,0.081,2700,0.4075,0.599,91.71,Titanium,27.02,33.6,8430.93,0
40 mm,B,17.92,17.92,9.64,11.76,69.16,2.74,1523.64,1525.75,ogive,type2,12.98,14.01,tungsten,0.888,556.133,2160.337,0.257,19300,0.3923,0.058,25.41,Titanium,12.34,32.5,11189.53,1
40 mm,B,17.28,17.28,24.04,26.48,57.03,4.27,1192.21,1084.32,cylindrical,type3,2.49,3.54,aluminum,0.37,131.174,522.126,0.251,2700,0.2041,0.076,84.24,Steel,9.59,31.2,17084.8,1
40 mm,C,11.83,11.83,16.19,19.35,51.08,5.04,1426.84,1416.83,spherical,type3,13.68,14.38,steel,0.251,795.028,813.805,0.977,7800,0.474,0.198,53.16,Aluminum,5.04,0.4,16480.39,1
40 mm,C,6.78,6.78,22.95,26.08,41.22,5.98,1102.22,1152.2,spherical,type2,14.68,12.58,tungsten,0.217,289.916,1778.844,0.163,19300,0.3575,0.174,61.45,Titanium,29.53,0.8,13940.85,0
40 mm,C,13.54,13.54,10.56,12.17,24.5,5.74,949.83,911.57,cylindrical,type3,10.68,11.25,aluminum,0.524,913.049,2122.292,0.43,2700,0.1808,0.324,73.47,Titanium,17.92,3.0,4763.49,0
40 mm,C,7.35,7.35,5.52,6.63,79.46,2.69,791.98,838.03,ogive,type2,14.8,12.06,steel,0.843,528.485,639.013,0.827,7800,0.2224,0.281,27.9,Titanium,25.05,1.4,1731.16,0
29 mm,C,5.91,5.91,20.51,22.42,30.49,1.27,811.93,821.11,ogive,type2,12.69,6.41,aluminum,0.212,511.537,1477.871,0.346,2700,0.3132,0.371,92.62,Aluminum,26.45,34.8,6760.41,0
40 mm,B,12.48,12.48,19.05,20.52,35.32,6.83,1755.37,1745.8,ogive,type1,2.58,5.85,steel,0.708,424.317,1773.699,0.239,7800,0.4527,0.131,31.49,Aluminum,29.88,24.6,29349.61,1
40 mm,B,14.83,14.83,15.91,18.1,34.15,7.11,1567.3,1612.59,cylindrical,type2,2.05,6.96,aluminum,0.382,564.725,339.17,1.665,2700,0.4187,0.427,95.33,Aluminum,26.49,22.7,19540.9,0
40 mm,B,17.81,17.81,21.31,25.25,74.48,7.85,969.46,1003.51,ogive,type2,2.27,4.36,steel,0.353,404.225,826.518,0.489,7800,0.2208,0.168,27.32,Titanium,12.35,3.9,10014.13,0
40 mm,B,16.74,16.74,21.8,23.34,65.82,7.72,1282.06,1303.09,ogive,type3,7.87,11.7,tungsten,0.693,423.932,2772.908,0.153,19300,0.3754,0.299,33.76,Titanium,19.11,34.9,17916.09,1
40 mm,C,17.86,17.86,16.76,18.72,47.44,5.44,1485.66,1536.46,spherical,type3,10.1,8.18,tungsten,0.724,276.051,2663.948,0.104,19300,0.1007,0.068,24.6,Aluminum,29.07,4.2,18496.22,0
29 mm,B,16.4,16.4,24.32,27.5,77.33,7.26,1087.79,1097.94,ogive,type1,8.26,13.52,steel,0.591,410.693,1102.953,0.372,7800,0.2331,0.489,51.82,Titanium,20.83,10.0,14388.77,0
40 mm,B,15.55,15.55,19.39,21.92,23.17,4.14,1183.99,1101.76,spherical,type2,10.8,13.42,steel,0.342,830.544,2630.336,0.316,7800,0.4358,0.395,67.27,Aluminum,24.23,36.9,13590.76,0
29 mm,A,5.15,5.15,18.54,19.67,73.62,6.51,1490.22,1471.31,cylindrical,type3,7.84,4.03,aluminum,0.204,321.122,1971.146,0.163,2700,0.1605,0.165,70.01,Aluminum,27.67,31.2,20586.4,0
29 mm,C,14.39,14.39,12.23,13.72,23.63,7.69,950.2,859.98,ogive,type2,2.55,4.84,steel,0.716,839.141,2948.542,0.285,7800,0.2414,0.381,86.28,Titanium,20.34,4.2,5521.11,0
40 mm,B,6.81,6.81,5.05,8.86,43.47,6.57,1278.98,1311.85,cylindrical,type2,4.94,7.34,aluminum,0.62,875.181,2905.413,0.301,2700,0.1004,0.29,62.27,Titanium,22.31,3.3,4130.37,0
40 mm,B,5.88,5.88,9.82,11.13,23.24,3.91,931.1,975.91,ogive,type3,14.9,3.54,tungsten,0.496,699.701,1927.426,0.363,19300,0.1093,0.504,60.81,Steel,19.71,18.3,4256.71,0
29 mm,B,7.35,7.35,20.28,23.19,79.94,3.64,703.39,750.48,spherical,type2,6.5,10.96,steel,0.35,127.616,1509.95,0.085,7800,0.1584,0.591,46.09,Steel,13.47,27.2,5016.84,0
29 mm,A,17.35,17.35,19.2,22.58,74.86,3.04,1459.29,1483.74,cylindrical,type3,6.22,11.59,aluminum,0.733,604.93,598.386,1.011,2700,0.1407,0.118,72.09,Steel,11.22,11.1,20443.46,1
29 mm,B,16.16,16.16,11.62,13.42,55.09,3.57,1477.99,1526.39,ogive,type2,3.99,11.38,tungsten,0.25,849.834,1684.982,0.504,19300,0.2959,0.32,92.68,Steel,20.84,26.3,12691.68,0
29 mm,C,19.23,19.23,17.51,20.69,33.07,6.74,1795.29,1716.46,cylindrical,type1,14.83,8.11,tungsten,0.65,429.205,1315.236,0.326,19300,0.46,0.192,48.42,Steel,29.53,16.2,28217.94,1
29 mm,B,19.68,19.68,8.91,10.42,36.61,5.91,899.12,893.74,ogive,type2,5.0,12.96,aluminum,0.682,354.54,2007.699,0.177,2700,0.1339,0.462,48.51,Titanium,27.9,26.5,3601.5,0
29 mm,A,18.4,18.4,10.27,12.12,46.97,2.75,1513.54,1442.79,cylindrical,type3,10.41,9.88,steel,0.356,389.239,450.574,0.864,7800,0.4479,0.069,47.47,Aluminum,10.25,32.6,11763.28,1
40 mm,B,6.99,6.99,23.95,25.89,39.37,5.98,1742.76,1724.84,ogive,type2,2.55,14.92,aluminum,0.538,480.769,2537.77,0.189,2700,0.3673,0.35,38.19,Steel,26.07,37.9,36370.62,1
40 mm,A,18.18,18.18,13.26,17.25,21.28,3.66,1409.04,1489.85,cylindrical,type3,2.86,12.6,steel,0.564,163.152,2907.921,0.056,7800,0.1676,0.521,65.34,Titanium,5.53,8.8,13163.16,1
40 mm,B,17.58,17.58,9.9,11.54,59.38,4.9,1759.45,1814.11,ogive,type1,11.32,11.39,aluminum,0.614,313.917,786.216,0.399,2700,0.2159,0.264,28.45,Titanium,19.74,3.8,15323.54,0
29 mm,B,18.07,18.07,14.74,16.13,56.81,3.59,1793.89,1827.0,spherical,type3,10.26,3.6,aluminum,0.831,682.242,1971.794,0.346,2700,0.1777,0.511,86.78,Titanium,28.26,5.3,23716.96,0
29 mm,A,7.28,7.28,12.74,16.52,74.26,4.65,1581.79,1572.71,spherical,type1,10.84,12.82,aluminum,0.582,525.236,2445.428,0.215,2700,0.4157,0.131,31.02,Titanium,28.98,7.4,15938.12,0
29 mm,C,6.75,6.75,19.59,21.08,48.61,6.11,1799.21,1749.53,spherical,type3,5.0,5.97,tungsten,0.247,322.607,1752.346,0.184,19300,0.39,0.555,33.91,Titanium,20.08,14.6,31707.95,1
40 mm,A,18.86,18.86,24.24,27.88,40.68,6.12,1388.41,1397.76,ogive,type2,14.8,7.45,steel,0.441,937.791,2819.223,0.333,7800,0.2218,0.485,25.49,Titanium,20.77,1.3,23363.51,1
29 mm,C,7.61,7.61,16.83,19.78,50.69,6.27,1246.76,1302.29,spherical,type3,9.26,8.02,tungsten,0.64,365.988,1633.226,0.224,19300,0.1217,0.265,50.51,Titanium,14.75,37.5,13080.36,0
29 mm,C,10.53,10.53,16.82,19.55,31.68,3.74,1709.4,1729.89,spherical,type3,14.6,6.31,tungsten,0.433,216.386,957.533,0.226,19300,0.1675,0.122,80.61,Titanium,23.09,38.2,24574.43,1
29 mm,A,11.84,11.84,12.3,15.55,57.53,5.83,1614.05,1534.77,ogive,type3,4.13,3.41,tungsten,0.738,279.414,1520.481,0.184,19300,0.352,0.336,92.81,Titanium,11.14,32.1,16021.72,1
40 mm,B,6.87,6.87,16.29,19.47,66.2,2.67,821.12,826.35,cylindrical,type3,7.27,4.59,steel,0.333,366.926,1566.026,0.234,7800,0.1361,0.419,54.74,Steel,5.85,16.0,5491.67,1
29 mm,A,5.31,5.31,11.39,12.72,29.21,4.34,1032.99,937.32,spherical,type2,6.36,12.45,steel,0.3,570.303,910.392,0.626,7800,0.3146,0.121,38.81,Titanium,25.88,31.8,6076.95,0
29 mm,A,19.91,19.91,5.02,9.02,39.1,5.08,986.71,1026.92,spherical,type3,11.82,10.48,aluminum,0.362,159.689,2403.468,0.066,2700,0.3452,0.563,78.05,Steel,6.51,25.9,2443.73,0
40 mm,C,18.15,18.15,22.32,26.15,72.07,5.81,1640.79,1606.14,spherical,type1,11.72,14.26,tungsten,0.813,869.448,1929.691,0.451,19300,0.3751,0.469,75.05,Steel,21.62,29.8,30044.86,1
40 mm,C,18.69,18.69,13.59,17.28,50.33,7.38,956.57,895.41,ogive,type1,8.33,12.67,steel,0.677,889.729,1237.032,0.719,7800,0.1501,0.573,74.53,Titanium,15.92,4.0,6217.6,0
29 mm,A,9.27,9.27,14.84,17.71,51.91,3.13,1034.45,1075.35,cylindrical,type2,2.21,7.23,aluminum,0.564,386.516,1380.637,0.28,2700,0.2839,0.215,55.47,Titanium,6.08,39.4,7940.04,1
29 mm,A,8.3,8.3,6.67,9.24,63.34,6.92,1270.67,1298.64,ogive,type3,4.28,12.22,aluminum,0.41,797.781,1240.763,0.643,2700,0.2854,0.288,65.22,Titanium,9.0,15.7,5384.7,0
40 mm,A,11.39,11.39,21.74,24.35,54.67,3.18,783.73,795.35,spherical,type3,2.65,9.49,tungsten,0.843,639.723,1454.116,0.44,19300,0.4341,0.182,24.96,Steel,7.52,12.1,6676.71,0
40 mm,B,11.8,11.8,8.41,9.45,24.17,4.86,1757.35,1866.94,cylindrical,type2,13.01,5.72,aluminum,0.822,860.9,1678.665,0.513,2700,0.2875,0.201,40.0,Titanium,10.36,17.6,12986.21,1
40 mm,A,5.08,5.08,13.21,15.71,68.24,6.8,1240.17,1271.92,spherical,type2,5.77,14.68,tungsten,0.48,349.27,1126.596,0.31,19300,0.2627,0.13,94.16,Steel,20.88,11.1,10158.63,0
29 mm,A,16.69,16.69,21.81,24.68,75.37,6.06,909.48,877.23,cylindrical,type2,3.53,14.07,steel,0.727,649.212,2490.839,0.261,7800,0.1494,0.119,23.34,Aluminum,19.27,44.7,9020.11,0
29 mm,B,19.95,19.95,14.16,17.14,23.2,7.04,997.9,1023.86,cylindrical,type3,6.6,3.46,steel,0.839,165.425,2799.428,0.059,7800,0.3778,0.419,44.13,Steel,15.82,29.1,7050.3,0
40 mm,A,12.93,12.93,23.62,25.62,27.27,6.7,1577.89,1563.59,ogive,type3,3.0,12.91,aluminum,0.419,108.507,1663.841,0.065,2700,0.3479,0.136,38.13,Aluminum,26.08,40.3,29403.79,1
29 mm,C,10.82,10.82,9.19,11.6,62.12,2.93,1397.41,1460.75,cylindrical,type1,14.73,3.01,aluminum,0.43,887.228,2191.816,0.405,2700,0.3868,0.123,30.42,Steel,23.83,42.8,8972.91,0
29 mm,C,10.89,10.89,19.3,22.21,56.27,7.95,1211.09,1225.14,ogive,type2,6.1,14.07,aluminum,0.582,365.093,2805.51,0.13,2700,0.3625,0.344,93.95,Steel,22.07,26.2,14154.03,0
40 mm,C,6.44,6.44,24.56,26.84,42.95,7.56,1064.76,1083.76,cylindrical,type2,14.13,10.11,aluminum,0.486,500.87,737.431,0.679,2700,0.4501,0.437,30.07,Titanium,19.97,36.0,13922.01,0
40 mm,A,8.99,8.99,15.99,19.88,52.35,4.01,1690.75,1618.63,spherical,type3,10.88,4.17,steel,0.733,308.601,731.223,0.422,7800,0.4509,0.478,59.15,Aluminum,22.4,40.7,22854.79,1
29 mm,C,12.53,12.53,18.84,21.96,62.2,1.33,1549.82,1552.89,ogive,type2,9.36,12.62,aluminum,0.576,889.127,403.311,2.205,2700,0.2231,0.369,87.16,Aluminum,10.66,6.8,22626.29,1
40 mm,C,11.48,11.48,12.86,13.86,50.27,3.12,1489.92,1487.11,cylindrical,type3,8.18,8.71,tungsten,0.348,446.081,1437.888,0.31,19300,0.173,0.161,20.31,Aluminum,11.5,12.1,14273.71,1
29 mm,A,13.18,13.18,20.03,21.1,28.41,6.85,1190.6,1139.39,spherical,type2,10.94,2.77,steel,0.449,261.207,1127.213,0.232,7800,0.4706,0.365,28.68,Titanium,12.45,18.1,14196.55,1
40 mm,C,17.74,17.74,23.18,26.25,25.37,7.66,1779.28,1768.2,ogive,type3,10.92,12.38,tungsten,0.67,647.194,1769.495,0.366,19300,0.3852,0.394,47.35,Titanium,23.53,28.0,36692.05,1
40 mm,B,8.38,8.38,19.06,21.3,46.33,6.82,1481.08,1502.87,ogive,type1,2.14,12.25,aluminum,0.237,284.917,1462.992,0.195,2700,0.4884,0.192,31.8,Aluminum,15.81,34.6,20904.99,1
29 mm,C,5.41,5.41,23.72,27.24,75.37,3.78,1165.99,1165.77,spherical,type3,13.8,8.27,aluminum,0.44,334.621,732.543,0.457,2700,0.2988,0.129,34.61,Steel,28.99,15.5,16124.06,0
40 mm,B,5.57,5.57,16.77,18.29,53.47,1.4,1756.61,1686.01,ogive,type1,6.78,11.5,aluminum,0.211,705.516,1295.305,0.545,2700,0.4849,0.559,67.29,Titanium,6.01,37.9,25873.42,1
29 mm,C,7.01,7.01,16.54,17.58,41.49,4.62,1685.3,1671.64,ogive,type2,6.59,2.52,aluminum,0.775,963.298,280.911,3.429,2700,0.1491,0.103,33.65,Steel,14.58,29.4,23488.75,1
40 mm,A,13.56,13.56,11.09,13.25,74.52,3.63,1513.96,1490.56,ogive,type3,7.29,6.14,tungsten,0.282,779.329,1704.677,0.457,19300,0.3361,0.202,71.11,Steel,8.87,16.7,12709.56,1
29 mm,B,17.12,17.12,19.19,22.4,43.32,1.86,1543.7,1553.38,spherical,type3,10.91,10.75,aluminum,0.254,211.728,958.968,0.221,2700,0.2987,0.177,93.24,Aluminum,25.41,30.6,22864.98,0
29 mm,A,18.3,18.3,22.64,26.56,50.55,1.74,1165.99,1170.27,cylindrical,type2,6.89,5.0,steel,0.751,381.301,514.605,0.741,7800,0.1011,0.541,38.35,Titanium,16.99,38.3,15389.91,1
40 mm,A,14.53,14.53,17.93,21.58,26.99,2.07,1258.09,1237.51,cylindrical,type2,6.86,7.86,aluminum,0.263,816.728,384.399,2.125,2700,0.1772,0.326,36.98,Steel,20.5,15.1,14189.72,0
40 mm,A,11.05,11.05,9.66,12.11,64.24,2.44,910.7,888.17,cylindrical,type1,2.83,14.12,aluminum,0.679,347.633,2200.457,0.158,2700,0.1614,0.576,20.91,Steel,19.95,17.4,4005.88,0
29 mm,B,7.32,7.32,15.88,19.32,62.02,6.28,1354.94,1358.3,cylindrical,type3,7.42,12.75,steel,0.466,766.063,892.553,0.858,7800,0.1243,0.506,21.17,Aluminum,6.98,31.1,14576.75,1
40 mm,A,11.02,11.02,20.12,21.33,67.65,3.67,1106.91,1155.06,cylindrical,type1,3.94,9.25,tungsten,0.775,524.613,2044.632,0.257,19300,0.4793,0.465,51.73,Titanium,24.59,19.3,12326.01,0
40 mm,C,9.99,9.99,23.79,26.51,39.51,4.06,1082.18,1096.11,cylindrical,type1,13.12,9.5,steel,0.328,895.968,2483.424,0.361,7800,0.4861,0.147,59.12,Aluminum,25.55,8.0,13930.4,0
29 mm,B,18.05,18.05,8.13,11.9,46.16,5.19,1743.05,1814.2,ogive,type2,6.35,13.53,steel,0.259,423.234,1599.96,0.265,7800,0.4567,0.239,34.62,Titanium,20.19,38.4,12350.38,0
40 mm,C,12.3,12.3,7.55,9.74,30.1,7.72,881.26,937.92,cylindrical,type1,14.49,13.22,aluminum,0.36,941.114,572.547,1.644,2700,0.4956,0.501,45.84,Steel,12.02,9.1,2931.74,0
40 mm,C,8.39,8.39,13.26,17.14,77.87,6.3,1612.97,1687.8,spherical,type1,10.9,3.15,steel,0.852,466.691,1920.734,0.243,7800,0.4323,0.591,31.22,Titanium,23.1,11.1,17249.09,0
29 mm,A,9.33,9.33,7.51,9.17,25.16,5.52,1009.62,1078.05,spherical,type2,11.83,8.05,steel,0.78,753.612,400.501,1.882,7800,0.4729,0.533,74.5,Titanium,22.52,39.1,3827.59,0
29 mm,A,7.05,7.05,24.61,25.93,58.94,6.21,731.52,809.67,ogive,type3,14.32,4.48,steel,0.4,275.675,2488.002,0.111,7800,0.1791,0.572,51.44,Titanium,27.81,28.9,6584.67,0
40 mm,B,18.78,18.78,13.49,16.06,62.32,6.04,744.51,686.85,ogive,type1,5.11,3.08,tungsten,0.344,577.711,2332.313,0.248,19300,0.2028,0.403,78.75,Titanium,7.93,19.4,3738.72,0
29 mm,B,5.76,5.76,15.67,19.39,29.46,5.83,1172.1,1204.47,cylindrical,type3,9.37,5.8,tungsten,0.31,379.122,1325.833,0.286,19300,0.4448,0.316,64.03,Steel,27.75,17.2,10763.87,0
40 mm,A,5.19,5.19,9.54,11.47,41.92,4.47,1199.91,1260.83,spherical,type2,2.53,9.94,tungsten,0.355,111.454,953.467,0.117,19300,0.2918,0.333,50.18,Steel,27.18,8.2,6867.77,0
40 mm,C,7.74,7.74,13.98,17.38,22.59,4.97,1052.28,1122.23,ogive,type1,3.31,12.33,steel,0.344,493.546,2186.752,0.226,7800,0.3868,0.302,70.11,Aluminum,12.44,3.1,7739.98,0
29 mm,B,17.16,17.16,24.69,26.2,53.4,4.23,1435.66,1397.12,spherical,type3,6.77,13.86,steel,0.822,255.247,1788.187,0.143,7800,0.3248,0.135,20.57,Aluminum,22.9,40.9,25444.52,1
29 mm,C,12.85,12.85,14.77,18.01,79.7,3.76,1233.88,1266.75,cylindrical,type2,10.87,7.5,aluminum,0.214,962.727,606.258,1.588,2700,0.2223,0.218,75.23,Steel,11.59,2.0,11243.37,1
40 mm,A,14.39,14.39,5.18,7.85,45.79,2.9,781.52,785.28,spherical,type3,12.81,7.49,aluminum,0.816,827.73,2325.724,0.356,2700,0.2139,0.1,49.68,Steel,10.88,2.8,1581.9,0
29 mm,C,10.37,10.37,9.85,11.38,79.4,3.49,1082.88,1175.23,spherical,type1,5.33,3.99,tungsten,0.229,765.573,1135.13,0.674,19300,0.3993,0.099,61.09,Aluminum,21.04,33.8,5775.2,0
29 mm,A,6.03,6.03,24.57,27.72,27.57,4.0,812.16,742.8,ogive,type1,11.74,4.53,tungsten,0.779,507.999,2702.773,0.188,19300,0.3128,0.222,61.87,Titanium,6.25,40.2,8103.23,1
40 mm,B,17.84,17.84,24.78,27.92,43.55,5.06,769.21,730.75,cylindrical,type1,4.92,3.33,steel,0.498,333.194,2522.511,0.132,7800,0.2438,0.416,64.67,Steel,7.41,31.9,7330.97,1
40 mm,B,7.88,7.88,9.21,11.76,74.12,4.5,929.14,838.61,spherical,type2,2.08,14.69,aluminum,0.254,391.927,972.277,0.403,2700,0.3468,0.388,76.19,Titanium,21.5,10.9,3975.5,0
40 mm,C,5.5,5.5,17.31,18.99,72.6,1.76,1470.63,1477.86,cylindrical,type3,2.71,3.66,tungsten,0.759,283.928,914.71,0.31,19300,0.268,0.358,28.85,Titanium,28.8,12.2,18718.62,0
40 mm,A,13.59,13.59,6.54,7.94,39.42,3.38,1465.6,1578.79,spherical,type3,9.61,11.84,tungsten,0.38,596.7,1314.091,0.454,19300,0.29,0.462,59.12,Steel,5.85,43.3,7023.91,1
40 mm,A,6.25,6.25,16.55,20.42,60.72,3.63,1647.53,1645.31,cylindrical,type2,8.46,6.13,tungsten,0.815,830.149,2452.553,0.338,19300,0.3712,0.282,26.65,Titanium,5.57,31.5,22461.29,1
29 mm,B,6.44,6.44,7.52,10.49,73.17,5.95,1532.06,1537.11,cylindrical,type2,5.52,8.98,steel,0.727,268.67,565.831,0.475,7800,0.2832,0.293,38.73,Titanium,6.87,37.3,8825.5,1
40 mm,B,17.01,17.01,21.37,24.8,66.01,3.33,1289.05,1316.56,cylindrical,type3,2.09,13.35,aluminum,0.887,104.093,1084.943,0.096,2700,0.48,0.335,35.14,Titanium,5.04,20.1,17754.73,1
40 mm,A,12.37,12.37,23.79,26.88,57.71,1.06,1043.87,1038.06,ogive,type2,9.38,14.17,aluminum,0.782,213.046,2045.502,0.104,2700,0.2941,0.087,67.9,Titanium,28.21,34.9,12961.56,0
40 mm,A,8.62,8.62,8.46,11.95,29.15,1.59,706.39,724.69,spherical,type1,12.63,5.12,steel,0.369,514.839,293.774,1.753,7800,0.4847,0.37,68.49,Titanium,16.85,44.1,2110.71,0
40 mm,A,10.23,10.23,14.25,15.74,24.38,4.48,1411.85,1431.46,spherical,type1,2.89,13.85,tungsten,0.486,116.736,356.52,0.327,19300,0.4391,0.463,86.47,Aluminum,22.3,16.1,14202.41,0
29 mm,B,15.94,15.94,7.04,9.53,56.88,2.32,1018.68,976.4,cylindrical,type1,11.57,5.28,steel,0.688,462.941,2334.079,0.198,7800,0.4564,0.195,61.75,Aluminum,15.41,14.4,3652.74,0
40 mm,B,6.0,6.0,11.78,14.78,50.02,4.46,975.11,970.41,ogive,type2,10.25,12.46,steel,0.421,200.042,1662.56,0.12,7800,0.4053,0.52,79.57,Aluminum,29.93,1.9,5600.44,0
29 mm,B,6.75,6.75,6.3,7.61,34.28,5.02,1772.31,1809.41,cylindrical,type2,8.23,2.2,tungsten,0.583,196.99,1761.287,0.112,19300,0.3418,0.196,91.13,Steel,17.0,33.2,9894.41,0
40 mm,C,14.24,14.24,10.29,11.74,37.57,7.53,891.66,938.09,spherical,type2,2.63,8.96,aluminum,0.366,741.35,896.819,0.827,2700,0.3131,0.332,30.68,Steel,28.48,10.8,4090.57,0
29 mm,A,14.1,14.1,24.8,27.7,43.53,5.59,735.68,800.61,ogive,type2,14.01,11.44,aluminum,0.664,999.547,1688.994,0.592,2700,0.3207,0.531,77.68,Titanium,21.24,11.4,6711.19,0
29 mm,C,19.59,19.59,5.89,9.5,49.73,1.22,1744.33,1761.1,cylindrical,type3,8.21,12.91,tungsten,0.439,275.033,1726.016,0.159,19300,0.1806,0.456,46.23,Steel,28.69,28.4,8960.71,0
29 mm,C,10.62,10.62,22.18,25.16,43.42,3.67,1036.61,1054.4,spherical,type3,7.19,12.93,tungsten,0.239,306.63,1358.56,0.226,19300,0.1858,0.367,42.25,Steel,17.38,33.2,11916.87,0
40 mm,A,5.98,5.98,6.55,7.66,43.24,6.55,1132.76,1170.27,cylindrical,type1,13.2,5.89,tungsten,0.877,366.776,2900.385,0.126,19300,0.1137,0.393,97.04,Steel,26.97,18.3,4202.3,0
40 mm,A,13.06,13.06,15.58,19.49,26.94,2.82,789.03,759.29,spherical,type1,12.99,13.09,aluminum,0.791,806.598,337.939,2.387,2700,0.3982,0.11,36.52,Aluminum,13.35,42.5,4849.81,0
29 mm,A,14.58,14.58,14.04,15.46,71.94,7.47,1144.47,1112.68,ogive,type1,11.45,6.21,steel,0.413,555.304,1361.799,0.408,7800,0.1499,0.435,93.16,Aluminum,21.53,7.3,9194.88,0
29 mm,A,7.09,7.09,23.63,25.33,56.55,4.7,1769.44,1763.2,spherical,type3,12.78,5.04,tungsten,0.291,613.609,2600.963,0.236,19300,0.3329,0.387,85.9,Titanium,20.43,23.7,36991.8,1
29 mm,B,13.29,13.29,8.98,12.9,28.77,1.65,1463.42,1399.67,cylindrical,type2,3.62,2.02,tungsten,0.715,591.856,777.555,0.761,19300,0.1552,0.096,90.29,Aluminum,17.17,27.8,9615.78,0
29 mm,A,7.97,7.97,8.59,11.9,45.43,2.69,1221.21,1241.56,cylindrical,type3,11.89,5.06,tungsten,0.354,943.634,2817.993,0.335,19300,0.1266,0.118,66.88,Aluminum,17.54,27.8,6405.36,0
40 mm,A,17.67,17.67,19.97,23.78,45.0,7.34,1038.22,1090.67,spherical,type2,6.26,3.54,steel,0.624,131.368,1391.374,0.094,7800,0.3134,0.584,66.78,Titanium,9.25,29.6,10762.84,1
29 mm,B,17.53,17.53,19.51,22.93,56.04,7.94,1102.65,1067.15,cylindrical,type2,13.28,10.77,aluminum,0.745,242.124,638.477,0.379,2700,0.4492,0.148,52.21,Steel,27.65,28.5,11860.49,0
29 mm,C,11.44,11.44,18.98,21.94,56.53,7.04,1372.35,1394.11,spherical,type1,6.81,3.88,tungsten,0.391,443.902,460.679,0.964,19300,0.2424,0.543,52.07,Steel,16.36,35.6,17872.94,1
29 mm,A,19.5,19.5,5.52,7.37,58.71,3.24,979.9,948.44,cylindrical,type2,2.71,9.61,tungsten,0.399,539.228,1115.795,0.483,19300,0.4677,0.202,88.05,Steel,8.79,36.6,2650.16,0
29 mm,C,19.7,19.7,10.2,12.18,61.87,6.38,867.14,816.31,ogive,type1,7.39,3.64,steel,0.243,202.543,2775.227,0.073,7800,0.1041,0.268,51.02,Titanium,22.61,44.0,3834.85,0
40 mm,B,6.94,6.94,21.8,25.64,26.2,2.56,1465.85,1568.63,ogive,type2,11.84,11.16,aluminum,0.424,903.853,2829.468,0.319,2700,0.2863,0.356,58.94,Titanium,23.18,42.3,23421.01,1
40 mm,C,10.52,10.52,17.02,20.6,38.3,3.69,1656.42,1606.31,spherical,type1,8.51,5.71,steel,0.618,710.073,1777.141,0.4,7800,0.1587,0.394,99.71,Steel,6.13,23.4,23349.12,1
29 mm,A,14.0,14.0,17.04,19.12,21.04,5.88,1691.69,1627.72,spherical,type1,11.93,6.01,tungsten,0.309,939.019,530.933,1.769,19300,0.2263,0.324,48.35,Steel,13.32,31.8,24382.66,1
40 mm,B,6.27,6.27,10.92,13.04,47.28,7.78,1625.56,1636.3,cylindrical,type1,2.46,10.33,tungsten,0.867,946.721,1478.459,0.64,19300,0.1095,0.242,85.81,Titanium,19.61,18.1,14427.75,0
29 mm,C,10.74,10.74,10.2,12.09,45.77,4.07,1283.66,1297.09,ogive,type3,4.3,14.21,aluminum,0.706,561.28,1369.727,0.41,2700,0.1141,0.324,42.18,Aluminum,25.54,29.3,8403.69,0
29 mm,A,8.92,8.92,23.93,25.91,64.06,4.47,1567.71,1601.07,ogive,type3,9.33,14.89,aluminum,0.343,867.707,846.99,1.024,2700,0.3851,0.435,22.01,Aluminum,12.77,0.3,29406.56,1
29 mm,C,19.28,19.28,19.56,23.14,30.03,2.54,1718.99,1819.05,spherical,type2,7.01,6.64,aluminum,0.571,763.079,412.891,1.848,2700,0.3618,0.268,67.47,Aluminum,12.49,16.5,28899.18,1
29 mm,B,11.17,11.17,7.54,8.57,57.89,3.82,725.7,686.84,spherical,type2,10.84,14.3,steel,0.474,424.457,1268.407,0.335,7800,0.1833,0.35,58.35,Aluminum,23.41,41.2,1985.43,0
29 mm,B,16.44,16.44,23.75,26.06,38.4,1.44,1153.31,1124.39,spherical,type3,14.51,9.96,aluminum,0.468,691.614,1241.194,0.557,2700,0.4605,0.259,82.93,Titanium,10.48,30.4,15795.22,1
40 mm,B,10.8,10.8,16.65,20.48,42.91,7.01,924.54,1004.98,spherical,type2,10.58,13.78,steel,0.592,957.473,2171.143,0.441,7800,0.3752,0.231,20.33,Steel,27.4,0.8,7116.0,0
40 mm,B,6.98,6.98,11.67,14.3,63.16,1.16,1796.45,1843.41,cylindrical,type2,7.43,2.36,tungsten,0.276,787.608,1303.834,0.604,19300,0.2345,0.214,25.64,Titanium,24.76,23.5,18830.9,0
40 mm,A,17.95,17.95,12.94,15.29,24.29,5.78,1722.52,1762.52,ogive,type2,9.05,2.43,steel,0.351,738.471,236.775,3.119,7800,0.2631,0.173,88.77,Steel,27.33,16.5,19196.98,0
29 mm,C,5.01,5.01,19.51,21.45,40.57,2.91,1582.4,1552.91,spherical,type2,13.87,2.97,aluminum,0.305,299.684,256.052,1.17,2700,0.217,0.468,58.47,Steel,13.84,36.4,24426.42,1
29 mm,B,5.84,5.84,12.53,13.75,43.48,4.33,1025.47,1081.76,ogive,type2,10.75,12.46,steel,0.322,848.016,2125.043,0.399,7800,0.4322,0.591,60.51,Aluminum,9.14,5.2,6588.2,0
29 mm,C,10.47,10.47,16.57,18.24,62.94,2.97,1747.31,1787.47,cylindrical,type3,12.44,3.79,aluminum,0.659,450.698,2050.2,0.22,2700,0.2976,0.066,38.01,Titanium,19.63,27.2,25294.87,1
29 mm,B,15.3,15.3,19.21,20.48,31.95,3.8,732.18,741.66,cylindrical,type2,5.92,4.3,aluminum,0.897,661.67,648.987,1.02,2700,0.1541,0.158,94.07,Steel,9.75,32.0,5149.12,0
29 mm,B,10.13,10.13,8.91,10.29,76.84,4.83,906.84,877.59,ogive,type2,11.68,9.61,tungsten,0.656,709.954,2625.43,0.27,19300,0.1807,0.58,93.15,Steel,11.65,26.8,3663.61,0
40 mm,B,5.99,5.99,23.88,25.37,79.87,5.49,1378.56,1383.89,spherical,type1,3.81,14.45,tungsten,0.889,563.717,2055.344,0.274,19300,0.2186,0.238,61.34,Aluminum,15.01,12.3,22691.11,1
40 mm,C,9.77,9.77,12.12,14.03,69.13,7.58,1572.31,1654.73,ogive,type3,11.75,9.37,tungsten,0.604,249.027,631.354,0.394,19300,0.2613,0.264,37.43,Steel,16.57,35.7,14981.28,1
40 mm,C,8.67,8.67,13.39,14.42,37.98,3.33,1671.99,1617.29,spherical,type3,13.46,11.52,aluminum,0.398,727.711,1005.316,0.724,2700,0.3371,0.415,98.62,Aluminum,13.06,35.7,18716.21,1
40 mm,C,5.08,5.08,18.97,22.82,59.83,5.09,1030.56,990.57,cylindrical,type1,13.7,4.44,aluminum,0.811,322.518,2926.256,0.11,2700,0.4857,0.244,91.4,Aluminum,12.12,16.2,10073.58,0
40 mm,B,13.02,13.02,17.18,18.55,24.99,7.31,1129.89,1098.5,ogive,type1,3.52,13.88,tungsten,0.247,338.828,1341.69,0.253,19300,0.2048,0.321,61.71,Aluminum,11.17,12.0,10966.44,1
40 mm,C,6.75,6.75,13.8,15.95,72.28,3.03,1200.31,1179.77,cylindrical,type3,12.79,2.73,tungsten,0.272,214.112,862.962,0.248,19300,0.2314,0.545,70.11,Steel,22.25,29.9,9941.13,0
29 mm,B,9.31,9.31,17.99,21.63,50.96,7.06,729.67,728.88,spherical,type1,3.43,5.68,steel,0.863,657.948,1667.565,0.395,7800,0.1096,0.361,55.17,Aluminum,12.65,16.6,4789.1,0
40 mm,B,14.62,14.62,23.06,24.38,30.59,7.7,1650.37,1698.3,cylindrical,type3,8.22,7.9,steel,0.655,205.665,775.545,0.265,7800,0.249,0.417,36.48,Titanium,22.36,15.5,31404.5,1
40 mm,C,15.88,15.88,21.01,23.46,39.64,6.93,1071.74,1094.81,cylindrical,type3,10.87,4.94,aluminum,0.85,410.695,2416.807,0.17,2700,0.37,0.169,74.52,Aluminum,23.57,20.3,12066.32,0
40 mm,A,8.95,8.95,21.49,25.02,68.04,4.99,919.21,922.25,spherical,type3,8.3,10.63,aluminum,0.293,900.57,2424.046,0.372,2700,0.4852,0.194,73.53,Titanium,22.86,20.6,9078.96,0
40 mm,C,9.94,9.94,10.17,12.84,72.21,6.05,1150.12,1163.97,ogive,type1,6.42,10.82,tungsten,0.738,507.759,2442.361,0.208,19300,0.3961,0.54,63.79,Steel,27.86,37.3,6726.32,0
29 mm,A,8.7,8.7,13.39,15.02,51.18,4.37,1481.62,1512.82,spherical,type2,10.89,4.75,tungsten,0.364,905.054,1928.354,0.469,19300,0.1472,0.555,85.16,Titanium,28.86,42.9,14696.85,0
40 mm,B,19.35,19.35,16.08,19.29,48.82,5.18,1658.01,1573.92,cylindrical,type2,10.59,2.11,steel,0.44,543.445,2143.326,0.254,7800,0.456,0.494,56.15,Aluminum,8.67,32.1,22101.94,1
29 mm,B,7.86,7.86,5.88,8.92,65.04,7.82,936.91,990.49,cylindrical,type3,9.58,2.97,steel,0.829,260.95,1099.929,0.237,7800,0.4355,0.117,88.87,Steel,13.01,4.0,2580.73,0
40 mm,B,7.75,7.75,20.4,22.49,69.57,2.76,889.87,848.55,spherical,type1,8.87,2.01,aluminum,0.488,783.024,2660.886,0.294,2700,0.1756,0.5,37.36,Titanium,24.69,15.2,8077.06,0
40 mm,B,11.68,11.68,11.47,12.61,65.89,6.55,1738.16,1715.98,ogive,type1,11.17,13.77,steel,0.669,418.103,603.653,0.693,7800,0.4737,0.061,96.94,Titanium,24.55,8.5,17326.58,0
40 mm,B,7.84,7.84,10.65,11.67,43.07,4.54,1305.98,1323.0,cylindrical,type1,7.24,10.08,steel,0.821,969.77,912.564,1.063,7800,0.3856,0.378,36.41,Aluminum,6.77,29.8,9082.23,1
29 mm,B,7.35,7.35,10.19,13.67,58.52,2.24,1102.35,1098.58,spherical,type3,2.89,3.8,tungsten,0.81,335.916,2979.523,0.113,19300,0.4131,0.421,32.81,Aluminum,29.05,26.9,6191.32,0
40 mm,B,6.44,6.44,10.67,12.63,71.44,5.5,919.25,943.6,cylindrical,type3,8.99,3.2,tungsten,0.206,839.933,2889.111,0.291,19300,0.2837,0.285,68.27,Titanium,26.41,44.2,4508.18,0
40 mm,B,14.6,14.6,11.76,13.17,29.11,6.55,1794.77,1801.86,cylindrical,type1,11.4,12.63,aluminum,0.311,544.474,1621.338,0.336,2700,0.1803,0.314,27.45,Steel,27.48,20.1,18940.65,0
29 mm,C,14.18,14.18,17.1,19.66,43.29,4.98,1491.1,1476.63,cylindrical,type1,5.89,12.54,aluminum,0.843,857.919,1597.502,0.537,2700,0.4196,0.458,33.43,Steel,10.11,4.7,19009.89,1
29 mm,B,14.75,14.75,16.67,20.43,23.4,6.86,939.67,1016.11,ogive,type1,3.83,14.06,tungsten,0.594,264.733,527.097,0.502,19300,0.291,0.542,78.32,Titanium,17.52,26.9,7359.64,0
40 mm,B,16.6,16.6,10.11,11.14,44.53,3.56,800.39,835.79,cylindrical,type3,13.85,4.07,aluminum,0.536,670.302,2047.02,0.327,2700,0.487,0.154,44.65,Steel,16.01,16.5,3238.36,0
40 mm,C,9.9,9.9,9.13,10.3,66.34,7.4,919.21,934.32,ogive,type2,13.23,8.79,steel,0.246,201.867,286.891,0.704,7800,0.1613,0.126,84.01,Titanium,14.01,8.0,3857.18,0
40 mm,C,18.78,18.78,21.53,23.78,31.82,5.54,972.52,1007.15,cylindrical,type1,10.04,3.58,steel,0.218,824.964,1080.17,0.764,7800,0.2422,0.396,32.44,Titanium,10.68,16.7,10181.48,1
40 mm,A,16.0,16.0,6.85,9.88,52.51,6.62,822.19,786.92,cylindrical,type1,12.23,12.34,aluminum,0.867,312.088,1371.494,0.228,2700,0.3942,0.177,50.82,Titanium,8.49,10.7,2315.29,0
29 mm,C,17.07,17.07,15.26,17.69,22.2,2.91,952.62,1061.36,spherical,type2,14.59,7.36,aluminum,0.532,484.818,2703.159,0.179,2700,0.3289,0.157,50.9,Titanium,26.76,8.9,6924.11,0
40 mm,A,15.81,15.81,15.41,19.1,73.86,4.12,828.46,774.08,cylindrical,type2,9.4,11.05,tungsten,0.75,690.378,2911.667,0.237,19300,0.2733,0.162,58.43,Titanium,18.26,21.8,5288.3,0
29 mm,A,10.38,10.38,16.48,17.61,69.2,7.37,1115.5,1121.16,spherical,type1,5.17,2.39,tungsten,0.354,530.393,2927.195,0.181,19300,0.3806,0.158,52.83,Aluminum,20.02,36.5,10253.36,0
40 mm,C,9.25,9.25,22.71,24.73,51.46,1.36,1234.81,1220.49,ogive,type3,10.3,12.11,aluminum,0.366,801.007,2436.744,0.329,2700,0.3933,0.312,50.94,Steel,11.54,39.9,17313.6,1
29 mm,A,11.34,11.34,17.48,19.53,62.35,3.83,1200.81,1184.59,ogive,type2,13.89,4.98,aluminum,0.592,719.353,1011.992,0.711,2700,0.3309,0.58,46.28,Steel,28.38,11.7,12602.6,0
40 mm,C,6.46,6.46,24.47,26.49,26.23,6.46,1612.13,1589.42,ogive,type1,10.97,12.96,tungsten,0.813,217.365,326.982,0.665,19300,0.2276,0.505,21.21,Titanium,28.41,20.2,31798.31,1
29 mm,C,11.77,11.77,22.43,24.89,70.71,6.21,979.39,940.8,ogive,type3,2.34,4.42,aluminum,0.402,796.117,1391.729,0.572,2700,0.3475,0.349,69.33,Steel,21.79,37.9,10757.48,0
40 mm,C,5.65,5.65,9.29,12.66,62.92,6.96,1675.8,1735.22,spherical,type3,13.92,12.27,steel,0.43,481.134,1032.71,0.466,7800,0.3181,0.095,57.88,Titanium,13.01,44.5,13044.58,1
29 mm,C,5.06,5.06,9.82,11.77,27.2,6.18,1698.94,1638.7,spherical,type1,11.8,3.74,steel,0.585,637.982,2034.532,0.314,7800,0.4191,0.42,49.86,Titanium,10.82,38.2,14172.21,1
29 mm,C,18.97,18.97,11.9,15.13,78.84,7.63,1755.78,1804.96,ogive,type1,7.22,10.62,tungsten,0.228,294.916,1238.963,0.238,19300,0.3614,0.298,36.91,Titanium,19.88,22.2,18342.44,1
40 mm,A,15.34,15.34,12.83,14.27,21.35,4.49,899.08,931.51,cylindrical,type1,14.84,12.13,aluminum,0.465,480.782,2694.117,0.178,2700,0.2987,0.478,91.31,Steel,25.82,39.2,5185.53,0
29 mm,C,13.43,13.43,16.06,18.74,57.71,5.37,970.33,951.29,spherical,type3,11.38,7.02,aluminum,0.589,835.445,1247.292,0.67,2700,0.1075,0.322,39.03,Steel,29.17,31.8,7560.57,0
40 mm,A,10.12,10.12,9.65,11.78,30.31,6.93,1386.22,1412.85,spherical,type2,12.73,5.18,steel,0.203,933.635,1258.389,0.742,7800,0.1668,0.418,93.67,Titanium,6.7,5.1,9271.75,1
40 mm,A,13.56,13.56,9.45,12.07,63.16,5.91,854.98,847.09,ogive,type3,14.26,6.48,aluminum,0.647,944.826,2325.532,0.406,2700,0.2346,0.16,37.38,Aluminum,13.35,3.8,3453.93,0
40 mm,A,18.37,18.37,12.63,13.95,24.22,1.71,794.18,739.13,cylindrical,type2,2.51,5.86,aluminum,0.236,730.08,1852.075,0.394,2700,0.3406,0.508,97.71,Aluminum,14.78,42.1,3983.01,0
29 mm,B,14.79,14.79,18.44,22.3,24.87,3.57,781.07,726.55,spherical,type2,12.07,10.23,aluminum,0.704,171.019,914.808,0.187,2700,0.4169,0.479,53.59,Steel,14.23,41.6,5624.85,0
29 mm,C,14.04,14.04,18.76,22.48,47.98,4.87,1366.76,1399.53,ogive,type2,7.02,2.58,aluminum,0.761,498.37,2094.731,0.238,2700,0.484,0.256,62.62,Aluminum,21.69,20.6,17522.15,0
29 mm,A,11.9,11.9,24.52,28.0,79.64,6.28,1585.15,1615.33,spherical,type3,13.3,2.54,aluminum,0.787,273.764,1776.382,0.154,2700,0.3399,0.58,43.9,Steel,18.68,29.8,30805.71,1
40 mm,C,10.19,10.19,9.05,12.73,36.59,4.8,984.77,996.87,cylindrical,type2,13.43,5.74,aluminum,0.671,727.853,491.366,1.481,2700,0.3915,0.138,95.13,Steel,27.28,13.7,4388.22,0
40 mm,B,15.48,15.48,12.86,14.3,56.75,6.44,1726.89,1707.31,spherical,type3,12.77,5.6,aluminum,0.593,245.234,1508.339,0.163,2700,0.3486,0.061,42.61,Titanium,10.56,31.6,19175.22,1
40 mm,B,19.71,19.71,24.29,26.8,51.12,6.86,1571.13,1561.61,cylindrical,type3,12.13,4.3,steel,0.415,979.819,2772.371,0.353,7800,0.2721,0.47,78.42,Titanium,14.98,20.1,29979.32,1
40 mm,C,11.37,11.37,18.8,20.75,70.53,2.86,785.21,768.93,cylindrical,type3,12.33,11.32,aluminum,0.497,275.082,793.022,0.347,2700,0.3439,0.38,21.64,Titanium,18.53,15.7,5795.61,0
29 mm,B,10.88,10.88,16.85,20.51,37.32,5.31,1148.03,1060.68,ogive,type3,5.86,2.31,tungsten,0.261,147.442,1360.928,0.108,19300,0.2603,0.111,64.7,Titanium,25.42,19.8,11103.92,0
29 mm,B,11.42,11.42,15.79,17.36,53.3,4.9,774.82,777.88,cylindrical,type2,7.28,14.02,steel,0.695,859.192,972.659,0.883,7800,0.2815,0.138,79.33,Titanium,25.58,20.5,4739.73,0
29 mm,C,11.38,11.38,6.51,8.17,77.04,2.59,1706.71,1732.83,spherical,type1,3.5,11.85,steel,0.217,282.044,1703.377,0.166,7800,0.4644,0.122,57.67,Aluminum,26.48,42.4,9481.36,0
29 mm,B,19.86,19.86,22.87,25.93,39.96,4.43,1517.08,1520.46,spherical,type2,12.8,7.24,aluminum,0.489,121.611,2930.316,0.042,2700,0.3255,0.142,71.47,Steel,17.98,39.8,26318.02,1
29 mm,B,15.6,15.6,17.51,18.78,46.36,4.84,1455.2,1543.66,spherical,type3,10.4,13.17,tungsten,0.554,593.27,1067.592,0.556,19300,0.1402,0.304,81.44,Titanium,11.04,8.7,18539.65,1
29 mm,A,10.39,10.39,16.43,19.63,73.33,6.72,1450.97,1400.74,cylindrical,type3,9.97,10.04,steel,0.655,972.31,2531.939,0.384,7800,0.3095,0.078,60.02,Aluminum,23.16,12.5,17295.15,0
29 mm,A,10.57,10.57,15.79,17.59,39.95,4.23,1013.7,980.64,spherical,type2,5.2,9.41,tungsten,0.44,340.748,2547.228,0.134,19300,0.4813,0.336,37.45,Aluminum,28.87,13.5,8112.8,0
29 mm,A,11.46,11.46,12.84,15.82,42.84,1.57,1726.89,1733.54,cylindrical,type1,10.0,6.07,aluminum,0.51,467.851,926.364,0.505,2700,0.14,0.383,51.74,Aluminum,12.13,0.5,19145.4,1
40 mm,A,5.55,5.55,10.09,13.71,38.25,4.41,1715.05,1727.24,ogive,type2,7.91,10.62,aluminum,0.611,313.45,2363.299,0.133,2700,0.4885,0.45,78.46,Steel,9.96,23.9,14839.35,1
40 mm,A,12.92,12.92,20.11,22.94,68.57,6.87,1513.44,1418.38,ogive,type3,14.94,3.82,tungsten,0.846,602.186,2966.741,0.203,19300,0.4951,0.57,41.69,Aluminum,5.56,21.7,23030.98,1
40 mm,C,17.17,17.17,15.19,16.83,75.82,5.0,1215.82,1245.95,cylindrical,type1,13.22,8.82,aluminum,0.67,390.51,2871.259,0.136,2700,0.3243,0.095,70.56,Titanium,21.66,5.6,11227.07,0
29 mm,A,14.91,14.91,5.68,6.83,57.87,3.23,751.83,764.25,ogive,type1,8.84,3.51,steel,0.378,632.227,1896.073,0.333,7800,0.233,0.069,31.86,Aluminum,18.63,44.6,1605.31,0
29 mm,B,7.98,7.98,12.98,14.11,57.42,7.45,731.14,625.17,ogive,type1,12.51,7.79,aluminum,0.793,530.219,624.87,0.849,2700,0.1035,0.127,94.42,Aluminum,8.37,34.3,3469.33,0
29 mm,C,15.92,15.92,23.57,24.84,43.4,2.09,851.95,846.11,cylindrical,type3,4.14,10.01,aluminum,0.239,936.024,534.157,1.752,2700,0.1062,0.236,68.24,Titanium,9.99,8.2,8553.77,0
29 mm,C,15.79,15.79,12.48,15.22,20.75,3.29,1355.34,1314.91,ogive,type2,3.32,4.02,tungsten,0.391,703.016,947.099,0.742,19300,0.2552,0.339,57.46,Titanium,21.56,31.7,11462.55,0
40 mm,B,8.94,8.94,13.26,15.3,30.44,4.06,1577.91,1555.24,spherical,type1,10.2,4.89,tungsten,0.276,714.335,1883.676,0.379,19300,0.4132,0.052,84.92,Titanium,15.9,15.3,16507.37,1
40 mm,A,14.34,14.34,17.48,19.21,28.85,6.17,1743.31,1676.4,ogive,type1,11.45,12.57,steel,0.513,537.82,1281.432,0.42,7800,0.4769,0.431,83.77,Steel,10.83,28.5,26561.99,1
29 mm,C,14.16,14.16,21.03,22.69,26.95,6.85,892.9,913.71,spherical,type1,2.69,5.32,tungsten,0.646,372.831,2157.259,0.173,19300,0.1619,0.576,27.79,Titanium,20.15,21.2,8383.3,0
29 mm,A,17.6,17.6,18.37,22.22,59.24,1.41,1003.08,1091.17,ogive,type2,4.61,3.24,tungsten,0.572,382.567,2405.779,0.159,19300,0.2951,0.187,44.57,Steel,6.32,6.2,9241.67,1
29 mm,C,7.04,7.04,22.0,23.36,28.18,6.54,759.51,772.76,ogive,type3,8.98,6.3,aluminum,0.768,553.592,705.181,0.785,2700,0.3007,0.055,56.69,Steel,5.41,20.7,6345.41,1
29 mm,C,7.92,7.92,7.28,9.19,25.14,6.04,1787.95,1679.98,cylindrical,type2,2.82,14.16,aluminum,0.597,272.72,2734.824,0.1,2700,0.2521,0.464,47.24,Aluminum,11.52,43.3,11636.23,1
40 mm,A,12.29,12.29,23.49,25.9,42.95,7.26,1559.01,1573.29,spherical,type3,7.51,11.02,steel,0.363,219.184,369.604,0.593,7800,0.316,0.474,45.38,Aluminum,12.24,33.7,28546.37,1
40 mm,C,5.66,5.66,23.08,24.08,34.94,7.3,1228.79,1219.06,cylindrical,type3,8.27,9.48,tungsten,0.575,435.129,941.799,0.462,19300,0.47,0.074,48.18,Steel,7.61,28.2,17424.53,1
40 mm,A,11.23,11.23,15.38,19.14,28.75,6.44,1333.12,1278.07,cylindrical,type3,13.98,12.93,tungsten,0.715,217.428,2481.44,0.088,19300,0.2754,0.39,31.36,Aluminum,7.87,38.0,13666.74,1
40 mm,A,16.82,16.82,17.49,18.79,28.77,2.33,1318.39,1336.07,ogive,type1,6.1,10.58,aluminum,0.552,307.685,714.45,0.431,2700,0.1551,0.184,29.55,Titanium,9.2,37.3,15200.14,1
40 mm,C,7.23,7.23,9.26,12.31,35.37,3.2,979.8,1023.79,ogive,type3,4.19,12.54,tungsten,0.509,581.521,816.385,0.712,19300,0.3662,0.398,40.82,Aluminum,23.12,40.0,4444.84,0
40 mm,C,11.9,11.9,13.96,16.85,52.21,7.55,903.93,870.51,cylindrical,type1,2.1,10.54,tungsten,0.57,811.085,2931.838,0.277,19300,0.1125,0.45,25.61,Titanium,25.15,4.9,5703.28,0
40 mm,A,19.85,19.85,9.05,12.48,65.49,5.19,1026.67,944.48,ogive,type2,3.58,13.24,steel,0.584,302.294,2754.62,0.11,7800,0.476,0.173,60.82,Titanium,9.54,5.8,4769.58,0
40 mm,C,12.59,12.59,5.44,8.39,71.17,4.77,971.87,871.29,cylindrical,type3,11.76,10.11,steel,0.417,812.498,2475.726,0.328,7800,0.476,0.193,32.25,Titanium,21.42,36.0,2569.13,0
29 mm,C,12.47,12.47,24.62,27.93,65.09,7.41,1313.28,1280.0,cylindrical,type1,7.78,5.44,steel,0.798,113.987,686.643,0.166,7800,0.1369,0.386,25.41,Steel,10.84,44.8,21231.11,1
40 mm,C,13.38,13.38,10.18,12.44,57.69,7.12,1039.02,1031.24,ogive,type1,4.58,2.53,steel,0.345,997.32,914.387,1.091,7800,0.3204,0.37,86.97,Aluminum,27.0,25.3,5494.97,0
40 mm,A,7.79,7.79,16.86,19.33,74.46,6.09,1501.84,1476.04,ogive,type1,14.13,3.37,aluminum,0.223,565.245,858.47,0.658,2700,0.419,0.537,67.0,Steel,11.72,43.4,19014.06,1
40 mm,A,7.21,7.21,11.01,14.11,51.18,7.18,1324.73,1290.57,cylindrical,type1,12.24,8.66,steel,0.719,528.299,729.548,0.724,7800,0.2858,0.331,91.87,Titanium,8.24,29.8,9660.78,1
40 mm,C,15.16,15.16,12.41,15.12,58.0,1.8,1285.49,1313.88,cylindrical,type2,3.49,14.63,aluminum,0.79,685.5,2917.25,0.235,2700,0.2915,0.49,98.67,Titanium,15.98,3.8,10253.67,0
40 mm,C,10.94,10.94,12.96,15.49,44.7,6.3,1746.42,1769.56,ogive,type3,5.5,11.87,steel,0.65,527.658,664.879,0.794,7800,0.4881,0.453,67.48,Steel,8.86,41.7,19763.89,1
40 mm,C,9.35,9.35,11.7,13.32,39.64,7.76,1054.65,1064.63,ogive,type1,13.04,12.08,steel,0.528,467.22,2290.797,0.204,7800,0.1922,0.416,83.68,Aluminum,9.96,37.8,6506.88,0
29 mm,B,5.47,5.47,17.75,19.52,39.9,1.34,1398.8,1439.62,cylindrical,type2,11.0,10.63,steel,0.883,433.885,342.841,1.266,7800,0.3105,0.155,32.76,Steel,13.48,24.1,17365.19,1
40 mm,A,17.69,17.69,24.22,26.3,28.9,2.56,700.06,667.24,spherical,type3,14.29,13.75,aluminum,0.46,980.05,1722.658,0.569,2700,0.146,0.202,75.87,Aluminum,21.52,33.5,5934.92,0
40 mm,C,5.48,5.48,13.57,14.6,67.8,6.56,1510.62,1455.89,spherical,type3,2.99,11.56,aluminum,0.484,875.347,398.38,2.197,2700,0.221,0.362,63.96,Aluminum,7.92,15.8,15483.19,1
40 mm,A,16.25,16.25,24.47,26.72,23.32,4.64,1252.8,1226.68,spherical,type1,12.08,5.36,tungsten,0.614,552.17,372.91,1.481,19300,0.4404,0.086,74.11,Titanium,12.1,27.7,19202.93,1
29 mm,B,10.73,10.73,18.36,19.37,60.48,1.61,929.22,899.65,cylindrical,type2,2.99,8.49,aluminum,0.501,852.807,844.651,1.01,2700,0.3866,0.075,28.38,Steel,26.46,18.6,7926.47,0
40 mm,C,13.98,13.98,17.14,19.84,71.87,2.88,701.66,599.1,cylindrical,type1,6.38,7.26,aluminum,0.589,234.18,2791.69,0.084,2700,0.3448,0.077,94.87,Titanium,11.84,23.7,4219.24,0
29 mm,B,8.72,8.72,9.74,12.85,49.85,3.27,1477.64,1450.36,ogive,type1,11.76,4.15,aluminum,0.877,576.5,1988.724,0.29,2700,0.1456,0.557,53.4,Aluminum,9.21,28.6,10633.26,1
29 mm,A,7.33,7.33,6.26,8.95,24.21,3.25,1428.97,1484.21,spherical,type1,11.24,4.89,tungsten,0.366,505.154,2023.924,0.25,19300,0.4403,0.429,82.06,Titanium,18.34,2.4,6391.32,0
40 mm,A,13.0,13.0,22.04,25.12,45.71,7.14,1431.95,1471.99,ogive,type2,2.03,5.71,aluminum,0.304,392.394,1033.436,0.38,2700,0.2192,0.51,99.25,Titanium,5.83,4.3,22596.3,1
40 mm,B,15.43,15.43,16.48,17.48,40.59,5.63,1181.2,1207.46,cylindrical,type1,4.63,4.26,tungsten,0.496,926.596,2226.126,0.416,19300,0.314,0.58,89.86,Steel,25.1,3.7,11496.72,0
40 mm,C,7.93,7.93,13.29,14.47,79.13,6.14,1403.23,1409.81,spherical,type1,12.12,4.83,tungsten,0.553,849.244,2108.347,0.403,19300,0.1934,0.436,44.94,Steel,10.56,26.8,13084.37,1
29 mm,B,11.55,11.55,21.24,24.34,61.48,1.09,1328.47,1400.91,cylindrical,type1,3.64,13.91,aluminum,0.699,916.377,1492.719,0.614,2700,0.3083,0.333,52.16,Aluminum,8.32,18.6,18742.52,1
40 mm,C,11.67,11.67,11.21,14.62,63.28,3.99,962.78,909.77,spherical,type2,6.24,6.46,tungsten,0.869,671.695,2111.295,0.318,19300,0.3249,0.313,71.89,Steel,25.21,22.5,5195.53,0
40 mm,A,8.24,8.24,20.67,23.82,50.95,3.22,1270.64,1222.4,ogive,type2,4.39,12.76,aluminum,0.682,438.599,2627.979,0.167,2700,0.2362,0.46,63.04,Aluminum,26.07,22.5,16686.13,0
40 mm,C,13.48,13.48,11.56,14.55,62.56,6.96,1266.05,1322.26,ogive,type2,3.45,2.84,steel,0.891,781.131,2889.066,0.27,7800,0.3024,0.527,52.82,Aluminum,23.37,1.8,9264.66,0
40 mm,C,7.19,7.19,23.42,26.54,63.35,7.68,1605.99,1607.37,ogive,type1,12.88,14.76,tungsten,0.372,197.71,2990.463,0.066,19300,0.2624,0.506,72.27,Aluminum,10.86,35.8,30202.48,1
29 mm,B,12.65,12.65,10.36,13.58,23.98,3.96,1176.84,1143.28,cylindrical,type2,2.8,11.94,tungsten,0.346,867.772,1567.274,0.554,19300,0.379,0.321,92.76,Steel,18.17,31.5,7174.05,0
40 mm,C,6.7,6.7,7.75,10.92,33.36,7.81,1179.69,1207.29,cylindrical,type2,8.97,13.79,aluminum,0.415,125.901,291.709,0.432,2700,0.3176,0.475,44.76,Aluminum,29.23,31.0,5392.72,0
29 mm,B,12.28,12.28,18.96,22.17,20.78,1.1,1782.84,1760.92,spherical,type1,11.0,8.84,aluminum,0.751,836.391,841.699,0.994,2700,0.4512,0.312,30.27,Titanium,16.94,1.5,30132.36,1
40 mm,B,9.67,9.67,8.26,9.48,50.59,3.28,1683.91,1642.03,ogive,type3,2.75,10.25,steel,0.331,733.546,751.177,0.977,7800,0.1199,0.261,74.06,Steel,28.74,29.3,11710.83,0
29 mm,C,11.78,11.78,23.99,25.18,72.55,6.42,966.51,923.24,spherical,type3,10.23,6.69,aluminum,0.337,179.614,1041.509,0.172,2700,0.1107,0.214,67.17,Aluminum,21.91,22.5,11205.03,0
29 mm,C,11.51,11.51,18.11,20.19,56.57,3.52,1701.32,1717.4,spherical,type2,6.34,7.62,tungsten,0.488,232.298,1209.406,0.192,19300,0.1754,0.08,92.45,Aluminum,26.12,34.2,26209.6,1
40 mm,C,18.62,18.62,9.62,12.2,50.01,7.45,851.76,862.05,spherical,type2,12.84,11.76,steel,0.422,507.152,2072.296,0.245,7800,0.1474,0.161,79.41,Aluminum,9.81,4.4,3489.63,0
40 mm,A,12.35,12.35,9.18,12.47,75.56,2.53,1638.73,1714.57,cylindrical,type3,12.37,2.65,tungsten,0.653,369.887,1671.929,0.221,19300,0.3104,0.452,51.77,Aluminum,28.17,33.6,12326.15,0
40 mm,C,17.28,17.28,23.48,25.48,30.33,6.57,901.66,887.16,spherical,type2,12.32,2.48,steel,0.823,880.563,2019.285,0.436,7800,0.1801,0.144,70.67,Steel,26.33,43.3,9544.51,0
40 mm,A,8.38,8.38,17.16,18.99,24.48,2.41,1168.16,1152.8,spherical,type2,7.18,13.37,tungsten,0.297,273.55,2921.151,0.094,19300,0.1064,0.546,88.99,Aluminum,24.63,38.3,11708.25,0
40 mm,B,10.28,10.28,22.87,26.21,75.04,2.38,1782.31,1854.29,cylindrical,type2,12.69,3.43,steel,0.583,475.372,337.401,1.409,7800,0.213,0.093,47.8,Steel,28.53,40.2,36324.75,1
29 mm,B,6.13,6.13,7.2,8.95,74.17,4.12,806.75,856.03,ogive,type1,10.19,11.37,steel,0.262,334.424,240.316,1.392,7800,0.3037,0.078,21.11,Steel,24.72,3.4,2343.04,0
29 mm,B,11.31,11.31,23.51,26.97,60.98,7.61,1623.77,1631.01,cylindrical,type3,6.92,4.59,steel,0.355,214.464,2063.415,0.104,7800,0.3857,0.315,70.11,Aluminum,19.42,23.8,30993.57,1
29 mm,C,15.03,15.03,15.4,16.93,34.76,5.1,1244.21,1166.16,ogive,type1,3.05,6.76,steel,0.416,333.767,1729.511,0.193,7800,0.2754,0.172,22.07,Titanium,21.22,11.1,11920.05,0
29 mm,C,17.57,17.57,18.37,20.45,78.19,5.45,822.09,781.5,ogive,type1,2.87,5.82,steel,0.605,873.988,1551.698,0.563,7800,0.4851,0.107,95.0,Titanium,25.52,24.5,6207.52,0
29 mm,A,13.49,13.49,12.46,14.66,65.92,1.07,1747.74,1695.04,ogive,type3,5.27,8.37,steel,0.588,743.95,2589.317,0.287,7800,0.1798,0.083,33.46,Aluminum,23.73,31.8,19030.13,0
40 mm,A,14.6,14.6,6.18,8.08,60.43,1.4,1304.15,1305.97,cylindrical,type2,5.89,12.75,tungsten,0.65,922.816,644.852,1.431,19300,0.3056,0.34,49.94,Aluminum,19.79,33.6,5255.49,0
40 mm,A,7.66,7.66,24.16,25.17,33.37,1.47,1668.71,1643.29,ogive,type2,14.06,13.38,tungsten,0.773,464.751,1806.134,0.257,19300,0.2013,0.193,95.7,Aluminum,19.95,44.6,33637.88,1
40 mm,C,5.56,5.56,24.89,26.6,50.79,6.74,1656.02,1736.17,ogive,type1,15.0,4.89,steel,0.331,316.371,2809.396,0.113,7800,0.4227,0.356,26.39,Steel,27.01,43.1,34129.2,1
29 mm,B,16.88,16.88,12.29,14.3,69.35,2.66,716.1,637.53,ogive,type1,3.87,6.39,aluminum,0.72,123.686,1448.39,0.085,2700,0.1751,0.132,20.35,Aluminum,5.25,11.1,3151.15,0
40 mm,C,7.51,7.51,23.88,25.82,71.62,3.3,991.32,933.25,cylindrical,type3,14.26,12.88,aluminum,0.667,545.642,1823.764,0.299,2700,0.4846,0.063,28.29,Steel,22.95,41.2,11733.62,0
40 mm,C,6.37,6.37,8.35,11.71,53.69,5.27,1070.61,1082.84,spherical,type2,11.19,3.17,steel,0.256,135.756,395.998,0.343,7800,0.3866,0.065,98.88,Titanium,19.14,39.8,4785.41,0
40 mm,C,19.06,19.06,8.09,9.23,51.37,5.09,1288.35,1314.42,cylindrical,type1,8.48,3.52,aluminum,0.441,103.847,1177.713,0.088,2700,0.3227,0.112,97.74,Aluminum,25.96,32.6,6714.08,0
29 mm,A,19.45,19.45,6.46,8.63,61.86,3.87,779.05,649.69,ogive,type3,14.41,8.23,aluminum,0.219,644.237,315.915,2.039,2700,0.3129,0.488,50.77,Aluminum,10.14,11.6,1960.35,0
29 mm,A,14.24,14.24,12.83,13.94,51.69,1.03,1127.86,1041.09,ogive,type2,11.28,12.27,steel,0.263,248.343,1802.654,0.138,7800,0.245,0.297,79.43,Aluminum,18.13,8.5,8160.32,0
40 mm,B,10.68,10.68,6.05,9.84,45.06,4.15,1596.1,1582.92,cylindrical,type3,9.72,6.37,tungsten,0.399,603.801,1853.328,0.326,19300,0.1084,0.393,78.87,Steel,8.19,19.6,7706.29,1
29 mm,B,17.5,17.5,12.89,16.26,25.13,6.17,890.51,958.31,spherical,type2,4.72,2.9,steel,0.37,616.17,2862.353,0.215,7800,0.466,0.531,27.99,Steel,21.48,1.8,5110.94,0
29 mm,C,8.07,8.07,7.77,11.72,27.56,2.65,1471.4,1565.79,cylindrical,type2,5.18,14.58,steel,0.83,751.455,1987.537,0.378,7800,0.418,0.167,38.81,Steel,24.09,12.8,8411.09,0
29 mm,A,11.44,11.44,19.61,23.34,65.62,5.96,1206.36,1185.64,ogive,type3,13.85,14.21,tungsten,0.826,444.816,208.352,2.135,19300,0.1539,0.529,91.12,Titanium,20.59,3.3,14269.26,0
40 mm,B,10.36,10.36,21.67,23.62,21.48,1.11,777.78,769.25,cylindrical,type3,4.8,10.47,aluminum,0.605,734.64,2533.056,0.29,2700,0.1488,0.46,33.26,Steel,18.87,23.6,6554.54,0
40 mm,A,18.69,18.69,18.76,21.83,23.14,7.36,895.11,853.27,cylindrical,type1,2.42,10.86,aluminum,0.715,429.369,1123.038,0.382,2700,0.2232,0.451,61.67,Steel,13.58,27.7,7515.46,0
29 mm,A,18.8,18.8,9.01,10.93,74.28,7.65,855.13,886.79,cylindrical,type3,5.46,14.14,tungsten,0.9,188.008,2199.961,0.085,19300,0.4053,0.529,39.53,Steel,20.99,5.0,3294.27,0
29 mm,A,14.76,14.76,20.34,24.0,62.24,1.02,1381.69,1458.12,spherical,type3,8.25,10.37,steel,0.487,378.991,939.28,0.403,7800,0.3013,0.119,64.61,Aluminum,27.49,39.3,19415.21,0
40 mm,A,6.66,6.66,9.99,12.22,20.25,4.2,796.06,858.86,spherical,type2,6.97,12.25,tungsten,0.566,106.811,2328.63,0.046,19300,0.3617,0.347,35.72,Aluminum,23.04,4.4,3165.39,0
40 mm,B,12.23,12.23,20.19,22.32,38.72,3.9,1605.35,1603.9,ogive,type1,14.17,8.03,tungsten,0.656,516.215,2796.974,0.185,19300,0.1025,0.316,37.26,Aluminum,5.57,17.8,26016.32,1
40 mm,B,8.68,8.68,16.35,20.09,65.8,6.89,1587.33,1545.4,spherical,type1,7.44,4.96,tungsten,0.844,766.28,422.093,1.815,19300,0.4695,0.415,23.74,Aluminum,17.72,22.5,20597.87,1
29 mm,B,18.27,18.27,12.33,15.84,45.06,4.79,788.07,788.48,ogive,type1,13.56,12.82,steel,0.758,806.273,1724.213,0.468,7800,0.1663,0.181,99.21,Aluminum,23.41,26.2,3828.8,0
40 mm,B,7.08,7.08,6.67,10.57,48.13,5.28,1677.02,1746.06,spherical,type1,9.73,10.9,tungsten,0.245,308.887,1713.126,0.18,19300,0.2276,0.12,29.05,Steel,17.6,14.4,9379.34,0
29 mm,C,5.81,5.81,21.55,22.75,47.53,2.42,1755.08,1735.05,cylindrical,type3,8.81,5.76,tungsten,0.699,195.079,1002.026,0.195,19300,0.4789,0.585,53.25,Steel,19.78,32.1,33190.3,1
40 mm,C,15.57,15.57,23.79,25.52,32.13,1.54,747.81,657.04,cylindrical,type3,4.08,10.1,steel,0.376,266.887,1156.688,0.231,7800,0.3932,0.306,53.4,Titanium,27.79,15.4,6651.92,0
29 mm,B,11.8,11.8,18.32,20.22,63.28,5.85,1745.36,1727.36,ogive,type2,5.52,12.61,steel,0.378,985.342,2093.25,0.471,7800,0.3044,0.178,44.29,Titanium,26.85,11.4,27903.94,1
29 mm,B,17.58,17.58,24.29,26.56,26.18,5.34,1007.41,993.46,ogive,type2,13.27,5.51,tungsten,0.583,380.892,1019.311,0.374,19300,0.4452,0.121,83.52,Steel,7.03,20.4,12325.66,1
29 mm,C,6.12,6.12,23.68,26.1,50.44,6.83,1431.24,1340.18,cylindrical,type3,12.14,11.99,steel,0.687,486.356,285.756,1.702,7800,0.1245,0.376,47.02,Titanium,17.76,5.1,24253.62,1
29 mm,C,17.02,17.02,8.89,10.76,30.2,6.91,892.3,903.9,cylindrical,type2,7.82,2.94,tungsten,0.311,168.064,2353.721,0.071,19300,0.1305,0.131,70.04,Titanium,20.56,43.5,3539.11,0
40 mm,A,5.56,5.56,19.62,22.99,22.79,5.42,1599.2,1624.5,ogive,type2,13.82,10.12,aluminum,0.42,810.397,1950.54,0.415,2700,0.1621,0.151,63.44,Titanium,26.3,24.8,25088.49,1
29 mm,C,5.42,5.42,11.99,13.66,28.59,4.77,1626.1,1719.09,cylindrical,type2,12.65,14.99,steel,0.701,503.641,901.274,0.559,7800,0.2058,0.574,89.12,Aluminum,11.64,6.5,15851.99,1
29 mm,A,11.92,11.92,14.75,17.84,72.16,7.4,1776.18,1709.56,spherical,type1,3.46,13.26,aluminum,0.306,178.658,2892.315,0.062,2700,0.3836,0.066,85.56,Aluminum,8.5,35.8,23266.76,1
29 mm,B,8.32,8.32,8.14,11.7,30.57,6.61,1791.79,1828.32,cylindrical,type1,9.88,13.38,tungsten,0.795,525.648,2715.598,0.194,19300,0.313,0.153,37.44,Aluminum,19.93,32.4,13066.78,0
40 mm,B,13.91,13.91,24.5,27.31,36.7,7.18,783.44,831.78,spherical,type2,12.38,10.84,aluminum,0.519,741.947,2900.252,0.256,2700,0.2704,0.419,80.01,Steel,16.69,19.4,7518.78,0
40 mm,B,5.39,5.39,19.52,21.58,28.29,7.97,1423.76,1449.74,cylindrical,type3,12.51,8.0,steel,0.61,525.734,1634.262,0.322,7800,0.413,0.169,83.41,Steel,11.44,44.3,19784.42,1
40 mm,A,5.53,5.53,10.34,11.9,64.13,3.82,1000.35,950.01,cylindrical,type1,3.19,10.8,tungsten,0.256,971.769,858.466,1.132,19300,0.2269,0.15,93.53,Aluminum,28.57,22.5,5173.62,0
40 mm,C,15.91,15.91,12.43,13.83,46.73,6.02,838.14,784.89,spherical,type1,4.92,6.18,aluminum,0.868,884.497,686.722,1.288,2700,0.1342,0.356,97.06,Aluminum,12.94,9.6,4365.9,0
40 mm,A,8.15,8.15,13.45,16.68,76.62,5.82,863.67,868.53,spherical,type1,7.37,9.19,tungsten,0.835,563.326,2855.866,0.197,19300,0.2587,0.433,78.96,Steel,6.38,35.6,5016.35,0
40 mm,A,14.85,14.85,19.95,22.36,59.86,2.22,1730.08,1734.59,ogive,type3,5.27,9.02,tungsten,0.333,946.457,2694.32,0.351,19300,0.4066,0.287,55.99,Aluminum,6.47,41.8,29856.94,1
29 mm,C,16.25,16.25,23.51,24.65,51.88,5.46,1452.01,1424.04,cylindrical,type2,3.42,9.07,aluminum,0.664,830.249,2274.625,0.365,2700,0.2896,0.48,43.44,Titanium,10.03,11.8,24783.45,1
40 mm,C,5.89,5.89,11.43,15.38,59.4,4.0,755.51,820.09,spherical,type2,10.17,7.36,tungsten,0.755,431.443,1629.442,0.265,19300,0.4909,0.498,89.17,Titanium,7.92,0.3,3262.1,0
40 mm,A,16.55,16.55,14.45,17.46,22.43,4.15,1782.65,1762.61,ogive,type2,8.6,6.59,steel,0.285,794.269,1276.341,0.622,7800,0.4425,0.393,93.24,Titanium,14.87,27.4,22959.9,1
40 mm,C,9.03,9.03,16.86,20.39,77.04,2.26,1588.59,1493.9,ogive,type1,4.01,6.29,tungsten,0.604,555.267,2169.646,0.256,19300,0.4164,0.368,27.8,Steel,7.01,33.0,21274.1,1
29 mm,C,10.84,10.84,12.87,15.18,77.39,6.21,1040.1,1028.9,ogive,type3,9.62,4.92,tungsten,0.795,585.201,226.681,2.582,19300,0.4093,0.499,64.35,Aluminum,19.03,11.7,6961.43,0
40 mm,A,6.3,6.3,15.08,18.95,36.57,5.89,1217.95,1241.96,ogive,type1,2.81,7.7,tungsten,0.555,568.559,1667.977,0.341,19300,0.3324,0.058,30.34,Aluminum,15.21,43.4,11184.85,0
29 mm,B,17.58,17.58,7.11,8.71,57.7,4.73,1499.23,1516.33,ogive,type1,6.98,3.53,tungsten,0.847,823.311,2100.247,0.392,19300,0.4605,0.331,40.13,Aluminum,19.95,7.5,7990.54,0
29 mm,B,13.41,13.41,8.35,9.91,32.11,2.1,1443.64,1460.35,cylindrical,type3,12.3,13.72,steel,0.233,926.717,2310.528,0.401,7800,0.3359,0.121,50.66,Titanium,29.73,36.1,8701.1,0
40 mm,A,12.57,12.57,13.02,16.69,52.85,4.9,1209.39,1284.09,spherical,type2,13.57,2.91,steel,0.843,387.566,1463.027,0.265,7800,0.249,0.172,44.89,Steel,29.8,39.4,9521.68,0
29 mm,A,19.53,19.53,23.3,26.98,66.25,1.7,1263.63,1207.89,ogive,type1,5.19,12.89,tungsten,0.884,677.729,2286.39,0.296,19300,0.1784,0.572,77.28,Aluminum,15.43,7.7,18602.26,1
29 mm,A,10.02,10.02,11.99,14.49,76.39,3.38,747.53,726.34,spherical,type2,13.17,5.14,steel,0.309,665.568,468.357,1.421,7800,0.4252,0.052,26.32,Titanium,14.18,22.6,3350.01,0
40 mm,A,18.36,18.36,10.0,11.38,40.35,3.61,1250.7,1327.95,spherical,type1,13.59,13.09,tungsten,0.502,898.748,853.169,1.053,19300,0.2485,0.219,69.1,Aluminum,22.04,1.3,7821.25,0
29 mm,B,15.8,15.8,19.86,21.78,61.61,7.18,1074.27,975.9,ogive,type3,9.89,11.36,steel,0.635,502.491,604.916,0.831,7800,0.4164,0.135,66.51,Aluminum,14.19,28.9,11459.78,0
40 mm,B,18.93,18.93,23.98,27.24,62.99,3.91,1013.56,1010.88,ogive,type3,14.77,13.97,aluminum,0.825,271.144,1151.546,0.235,2700,0.4932,0.364,82.98,Titanium,24.46,24.6,12317.37,0
29 mm,A,18.62,18.62,14.18,17.72,33.27,5.19,996.58,1058.03,cylindrical,type1,5.2,13.31,aluminum,0.312,282.777,1163.74,0.243,2700,0.2595,0.514,27.73,Steel,20.04,35.0,7041.59,0
29 mm,A,19.87,19.87,5.17,7.21,57.74,7.12,1413.84,1474.54,ogive,type2,2.9,11.11,aluminum,0.434,146.149,1247.031,0.117,2700,0.2363,0.265,46.61,Aluminum,9.99,22.6,5167.27,0
40 mm,A,6.98,6.98,18.76,19.94,59.33,3.98,1172.18,1205.19,ogive,type1,12.96,3.97,tungsten,0.759,190.656,1504.31,0.127,19300,0.168,0.51,75.77,Aluminum,15.37,15.9,12888.18,0
40 mm,C,16.94,16.94,13.3,16.3,65.84,7.19,1168.38,1202.65,ogive,type2,8.38,9.14,tungsten,0.487,371.098,1421.734,0.261,19300,0.2901,0.292,76.93,Steel,26.59,6.2,9077.99,0
29 mm,A,17.07,17.07,18.47,21.69,80.0,1.96,875.11,823.06,spherical,type1,6.5,6.42,aluminum,0.623,192.307,1573.321,0.122,2700,0.3616,0.55,55.97,Aluminum,18.83,2.3,7072.32,0
40 mm,C,14.67,14.67,10.55,12.82,22.41,3.55,1758.05,1826.71,cylindrical,type1,2.72,13.52,tungsten,0.592,883.982,2307.271,0.383,19300,0.2251,0.516,56.94,Titanium,22.75,23.8,16303.65,0
40 mm,B,9.18,9.18,5.05,7.8,32.14,1.66,946.32,886.32,spherical,type2,2.84,13.34,aluminum,0.881,425.817,597.647,0.712,2700,0.2943,0.148,97.2,Titanium,22.75,41.3,2261.19,0
29 mm,C,19.48,19.48,11.89,15.85,28.7,4.93,1146.72,1089.7,ogive,type3,3.18,6.08,steel,0.299,431.621,1181.978,0.365,7800,0.3148,0.537,46.1,Steel,17.05,34.5,7817.48,0
40 mm,B,8.07,8.07,19.1,20.83,29.27,7.7,909.23,928.62,spherical,type3,4.39,10.73,tungsten,0.864,781.756,200.378,3.901,19300,0.2101,0.156,32.01,Titanium,12.39,17.7,7894.98,0
29 mm,A,12.49,12.49,12.86,15.58,47.25,5.6,1473.46,1448.81,ogive,type1,14.62,6.4,aluminum,0.595,371.204,279.042,1.33,2700,0.1094,0.32,96.23,Titanium,19.91,44.3,13960.07,0
40 mm,B,12.82,12.82,9.38,12.21,72.71,5.38,1179.74,1190.07,spherical,type3,5.66,10.82,steel,0.833,743.664,1897.979,0.392,7800,0.1862,0.158,84.77,Titanium,7.83,8.3,6527.48,0
40 mm,A,7.43,7.43,14.28,16.93,46.92,2.95,1155.01,1176.55,cylindrical,type1,12.62,9.98,aluminum,0.283,840.181,2652.804,0.317,2700,0.4213,0.263,38.97,Steel,19.93,44.9,9525.1,0
40 mm,A,15.84,15.84,20.05,23.66,60.11,7.52,1662.6,1751.51,spherical,type3,2.25,8.64,steel,0.649,424.16,1056.547,0.401,7800,0.2112,0.592,88.58,Titanium,7.57,10.4,27711.49,1
40 mm,A,6.33,6.33,7.39,10.21,42.59,4.3,1535.43,1557.12,ogive,type1,6.18,13.42,tungsten,0.788,530.031,1325.308,0.4,19300,0.1055,0.471,40.18,Steel,27.54,7.6,8711.13,0
29 mm,A,15.4,15.4,18.84,21.36,39.18,2.87,1271.86,1240.93,cylindrical,type2,13.78,5.2,aluminum,0.751,390.006,787.654,0.495,2700,0.27,0.355,86.2,Steel,23.6,38.6,15238.05,0
29 mm,A,17.73,17.73,18.35,19.72,70.05,7.91,1215.45,1249.27,ogive,type1,4.41,12.37,tungsten,0.207,480.848,599.839,0.802,19300,0.373,0.565,70.29,Aluminum,9.53,21.1,13554.4,1
29 mm,A,10.24,10.24,12.41,15.52,59.33,3.96,1755.89,1714.3,spherical,type3,5.69,10.96,steel,0.517,622.672,2675.475,0.233,7800,0.401,0.248,58.61,Titanium,24.62,40.1,19130.94,0
40 mm,C,15.64,15.64,24.41,25.81,41.05,3.6,1752.11,1797.77,cylindrical,type1,12.74,5.66,steel,0.281,414.676,1801.936,0.23,7800,0.2656,0.145,94.25,Titanium,23.15,33.7,37468.0,1
40 mm,B,7.35,7.35,22.89,23.97,74.85,1.24,1475.25,1478.48,ogive,type3,3.58,7.48,aluminum,0.307,517.72,2173.649,0.238,2700,0.3287,0.506,84.75,Aluminum,23.21,7.1,24908.47,1
29 mm,B,17.69,17.69,11.32,13.79,49.91,2.25,1536.16,1556.19,ogive,type1,2.69,2.9,aluminum,0.694,546.601,2669.296,0.205,2700,0.3982,0.057,30.39,Steel,13.38,5.5,13356.4,1
40 mm,C,19.28,19.28,5.62,8.34,31.3,6.66,1689.0,1599.97,spherical,type2,14.56,9.77,steel,0.87,122.053,1847.501,0.066,7800,0.4557,0.493,76.45,Titanium,18.07,20.1,8016.15,0
40 mm,A,7.29,7.29,11.17,15.17,48.99,4.38,1760.74,1648.2,cylindrical,type1,7.26,13.54,aluminum,0.644,247.284,704.796,0.351,2700,0.356,0.062,83.16,Steel,19.64,25.3,17314.65,0
40 mm,B,15.38,15.38,9.09,12.23,60.48,7.68,790.5,715.43,cylindrical,type3,10.55,3.53,tungsten,0.272,587.237,2197.287,0.267,19300,0.3763,0.206,63.29,Titanium,14.42,19.0,2840.13,0
29 mm,C,12.59,12.59,15.95,19.5,42.03,1.59,1797.07,1884.36,cylindrical,type2,3.65,3.72,tungsten,0.371,102.386,2293.857,0.045,19300,0.1395,0.246,42.09,Steel,19.01,9.5,25754.95,1
40 mm,B,12.97,12.97,23.37,25.41,70.63,5.31,1473.32,1415.91,cylindrical,type3,4.86,8.17,aluminum,0.465,733.774,1359.056,0.54,2700,0.2682,0.225,38.76,Aluminum,11.1,9.8,25364.3,1
40 mm,B,15.6,15.6,22.41,24.94,51.99,6.04,1352.02,1388.64,spherical,type3,7.98,5.66,steel,0.288,914.918,1927.079,0.475,7800,0.4556,0.184,97.93,Steel,26.87,22.9,20482.27,0
29 mm,A,12.33,12.33,11.12,15.04,48.07,5.35,1154.48,1122.38,ogive,type2,10.78,5.6,steel,0.794,779.112,1556.74,0.5,7800,0.1643,0.109,54.94,Titanium,29.01,0.6,7410.5,0
29 mm,A,14.0,14.0,13.57,15.82,71.52,4.71,1070.03,1058.03,spherical,type1,5.81,10.3,tungsten,0.336,382.736,1132.398,0.338,19300,0.224,0.052,61.51,Steel,13.17,19.8,7768.58,0
29 mm,A,8.46,8.46,5.73,9.15,47.78,5.05,1584.63,1582.39,spherical,type1,13.5,7.33,tungsten,0.291,504.857,2082.765,0.242,19300,0.3712,0.476,67.85,Titanium,13.56,1.5,7194.16,0
29 mm,A,10.68,10.68,15.88,18.46,44.86,5.83,1419.88,1502.07,ogive,type1,12.15,12.98,aluminum,0.708,685.645,892.867,0.768,2700,0.4608,0.301,28.05,Titanium,10.41,39.3,16007.51,1
40 mm,C,17.98,17.98,6.27,7.94,26.22,7.04,920.78,950.01,ogive,type3,9.17,7.58,aluminum,0.289,712.393,1116.918,0.638,2700,0.1236,0.139,26.5,Steel,26.62,27.9,2657.97,0
40 mm,B,6.65,6.65,23.77,26.51,41.75,3.35,1370.9,1390.15,cylindrical,type3,7.97,10.0,aluminum,0.487,979.747,1335.929,0.733,2700,0.4482,0.095,35.85,Titanium,9.08,7.2,22336.27,1
40 mm,B,13.96,13.96,22.34,23.99,43.82,4.22,855.28,920.11,ogive,type2,10.05,7.17,steel,0.561,543.683,1920.937,0.283,7800,0.1881,0.203,25.23,Aluminum,24.97,34.6,8170.9,0
29 mm,C,7.76,7.76,9.28,10.29,30.84,5.45,1246.56,1214.9,cylindrical,type3,11.51,5.33,steel,0.256,324.581,2586.171,0.126,7800,0.4443,0.245,91.88,Steel,25.81,22.2,7210.15,0
40 mm,A,17.7,17.7,18.99,20.7,55.27,3.2,1341.8,1395.22,cylindrical,type1,3.75,8.13,tungsten,0.589,425.973,1921.767,0.222,19300,0.4557,0.304,31.84,Steel,12.91,23.0,17095.06,1
29 mm,A,13.69,13.69,16.36,17.94,28.63,2.25,1399.25,1444.32,spherical,type3,13.08,11.37,tungsten,0.536,930.199,2233.028,0.417,19300,0.4102,0.106,38.13,Steel,24.42,11.5,16015.63,0
40 mm,B,11.05,11.05,21.03,23.14,33.42,7.76,859.79,904.28,spherical,type2,8.36,14.39,steel,0.668,669.439,1019.44,0.657,7800,0.4695,0.589,62.98,Titanium,16.32,17.7,7773.1,0
29 mm,C,8.75,8.75,14.51,18.18,53.67,2.36,805.16,797.41,cylindrical,type1,14.16,2.55,steel,0.353,877.826,1844.762,0.476,7800,0.4845,0.198,91.7,Steel,13.71,39.5,4703.29,0
29 mm,B,11.55,11.55,8.84,11.0,36.14,2.63,984.58,962.71,cylindrical,type1,14.42,8.91,tungsten,0.45,751.677,490.785,1.532,19300,0.4701,0.293,23.92,Aluminum,27.33,6.6,4284.74,0
40 mm,C,19.36,19.36,17.8,21.34,58.38,5.33,1367.73,1324.24,ogive,type2,2.4,10.27,steel,0.662,968.887,1497.162,0.647,7800,0.3053,0.44,37.28,Aluminum,16.34,28.1,16649.1,1
29 mm,A,12.64,12.64,6.61,9.28,61.43,1.54,1724.85,1684.49,cylindrical,type2,7.0,3.11,steel,0.225,551.107,2131.661,0.259,7800,0.2855,0.221,77.39,Aluminum,6.38,9.8,9832.73,1
40 mm,C,12.04,12.04,16.69,17.71,38.08,1.24,1557.04,1511.19,ogive,type1,8.84,12.78,aluminum,0.281,954.915,703.223,1.358,2700,0.1421,0.095,61.53,Steel,20.86,20.0,20231.4,1
40 mm,A,16.19,16.19,9.25,10.82,25.24,1.45,1520.28,1538.62,cylindrical,type2,9.01,5.59,aluminum,0.398,897.301,2725.872,0.329,2700,0.1864,0.257,67.56,Aluminum,21.45,24.0,10689.54,0
40 mm,A,10.69,10.69,18.7,22.49,49.37,1.86,1063.26,1051.84,spherical,type1,12.69,13.37,steel,0.274,858.785,1368.14,0.628,7800,0.3609,0.354,21.36,Titanium,20.87,5.5,10570.38,0
40 mm,B,11.41,11.41,21.56,24.37,25.57,4.0,822.88,844.45,ogive,type3,3.83,9.18,steel,0.228,945.184,2079.197,0.455,7800,0.1509,0.513,89.34,Titanium,14.01,3.5,7299.48,0
29 mm,A,10.05,10.05,7.19,10.98,50.91,6.8,1681.13,1705.52,cylindrical,type2,10.09,3.98,aluminum,0.891,572.984,1515.705,0.378,2700,0.477,0.252,66.3,Steel,21.97,21.8,10160.18,0
40 mm,C,7.26,7.26,13.01,14.94,63.57,3.39,1250.94,1197.95,cylindrical,type1,14.25,11.61,aluminum,0.519,768.546,2250.323,0.342,2700,0.1908,0.539,86.75,Titanium,12.28,18.4,10179.35,0
29 mm,C,15.71,15.71,19.67,22.82,57.22,3.99,810.56,756.07,cylindrical,type2,14.96,4.04,tungsten,0.574,599.802,1836.049,0.327,19300,0.1352,0.35,97.1,Aluminum,16.61,41.4,6461.67,0
40 mm,B,18.1,18.1,8.27,11.59,46.9,5.2,1288.47,1277.04,spherical,type3,2.13,11.36,aluminum,0.378,798.635,543.203,1.47,2700,0.1941,0.445,78.57,Steel,10.42,31.4,6864.74,0
29 mm,A,18.58,18.58,16.33,20.26,76.75,3.12,1442.95,1404.19,cylindrical,type2,14.64,12.51,tungsten,0.205,787.377,2789.201,0.282,19300,0.1196,0.067,22.48,Titanium,20.33,40.4,17000.38,0
29 mm,A,18.21,18.21,18.44,19.49,26.1,4.03,1051.89,1007.87,cylindrical,type3,3.59,9.48,steel,0.726,782.564,2048.17,0.382,7800,0.1664,0.543,76.92,Titanium,25.26,41.8,10201.68,0
40 mm,B,11.78,11.78,12.1,15.96,72.8,3.7,710.17,794.95,cylindrical,type2,8.98,5.52,tungsten,0.707,485.604,1521.803,0.319,19300,0.3351,0.167,65.08,Steel,7.44,0.9,3051.27,0
29 mm,B,9.26,9.26,21.64,23.81,68.01,3.39,1383.77,1307.1,spherical,type3,5.2,7.69,aluminum,0.881,816.659,2094.494,0.39,2700,0.2157,0.229,28.28,Steel,5.68,39.6,20718.35,1
40 mm,C,14.57,14.57,15.21,18.72,45.18,3.72,744.11,845.26,cylindrical,type1,9.88,8.86,tungsten,0.215,888.84,930.509,0.955,19300,0.4205,0.338,41.63,Titanium,24.03,43.1,4210.89,0
40 mm,B,19.32,19.32,17.54,20.17,29.17,1.08,1176.07,1190.51,cylindrical,type1,2.48,10.66,aluminum,0.296,672.63,2353.09,0.286,2700,0.2619,0.578,33.51,Aluminum,13.07,20.4,12130.14,1
40 mm,A,15.91,15.91,7.82,10.51,29.35,7.2,1607.25,1656.56,cylindrical,type2,5.1,10.24,tungsten,0.698,509.188,1351.431,0.377,19300,0.3856,0.24,93.99,Titanium,13.1,28.6,10100.52,0
40 mm,A,12.42,12.42,5.46,7.54,75.31,7.84,1798.73,1842.15,spherical,type3,5.91,7.21,tungsten,0.431,867.923,2454.095,0.354,19300,0.3833,0.171,83.62,Aluminum,19.12,15.6,8832.72,0
40 mm,C,15.33,15.33,6.01,9.5,34.02,7.04,1107.33,1138.18,cylindrical,type3,13.9,11.86,steel,0.245,800.605,967.349,0.828,7800,0.1543,0.578,76.07,Steel,17.17,4.4,3684.67,0
29 mm,A,16.59,16.59,23.08,24.87,72.45,1.04,722.14,805.23,spherical,type3,9.59,12.03,aluminum,0.411,522.64,2412.784,0.217,2700,0.1226,0.495,81.07,Aluminum,8.04,11.8,6017.95,0
29 mm,C,18.79,18.79,22.65,25.13,50.2,6.26,1242.19,1188.07,cylindrical,type3,11.21,11.05,tungsten,0.261,621.882,2738.737,0.227,19300,0.4368,0.415,68.1,Titanium,24.01,3.6,17474.88,0
29 mm,A,16.45,16.45,21.15,23.83,47.7,5.01,1003.9,996.08,spherical,type2,10.79,5.54,tungsten,0.786,717.243,2946.298,0.243,19300,0.3803,0.275,88.42,Titanium,9.41,21.9,10657.65,1
40 mm,C,11.5,11.5,8.99,12.22,57.17,1.66,1682.05,1639.41,cylindrical,type1,7.1,8.1,tungsten,0.814,719.489,2374.788,0.303,19300,0.17,0.281,38.29,Aluminum,25.65,29.4,12717.67,0
29 mm,C,9.1,9.1,15.51,17.92,32.9,7.53,1482.65,1397.85,ogive,type3,2.18,7.63,steel,0.646,379.933,2171.237,0.175,7800,0.372,0.573,40.04,Titanium,24.11,0.2,17047.44,0
29 mm,B,12.5,12.5,20.92,23.96,45.7,6.43,1144.76,1111.7,ogive,type2,3.39,12.62,tungsten,0.47,363.423,1655.838,0.219,19300,0.2318,0.088,67.34,Steel,9.18,10.3,13707.57,1
29 mm,A,9.92,9.92,18.49,20.95,76.31,2.02,1538.23,1631.86,ogive,type1,7.96,12.51,aluminum,0.738,898.612,496.056,1.812,2700,0.1227,0.467,84.81,Steel,23.96,3.3,21875.07,1
29 mm,C,19.14,19.14,7.31,10.29,34.3,7.75,1075.33,1066.66,ogive,type1,14.24,13.26,tungsten,0.642,943.31,1767.591,0.534,19300,0.1915,0.381,86.86,Titanium,21.52,43.5,4226.4,0
29 mm,A,12.62,12.62,22.91,25.93,75.3,1.88,1273.94,1373.12,spherical,type3,5.23,5.01,aluminum,0.754,461.859,1777.108,0.26,2700,0.4023,0.583,98.1,Steel,29.55,36.1,18590.58,0
29 mm,B,12.08,12.08,8.21,11.34,79.65,4.18,1715.06,1819.35,cylindrical,type1,11.08,11.73,aluminum,0.558,922.039,381.255,2.418,2700,0.2563,0.357,80.98,Titanium,22.8,1.4,12074.57,0
29 mm,C,10.22,10.22,8.44,11.91,23.11,2.11,920.17,1069.93,cylindrical,type1,12.75,13.32,aluminum,0.871,523.623,2133.753,0.245,2700,0.3179,0.204,38.62,Titanium,14.76,36.6,3573.13,0
29 mm,C,14.59,14.59,23.02,25.64,51.88,2.05,1044.36,1139.63,ogive,type3,13.79,4.16,aluminum,0.403,250.482,617.039,0.406,2700,0.1546,0.479,38.45,Steel,20.5,37.2,12553.82,0
29 mm,A,12.8,12.8,14.69,16.27,30.31,7.77,1674.15,1792.06,cylindrical,type1,5.82,2.52,aluminum,0.623,759.592,1870.513,0.406,2700,0.1371,0.592,55.65,Aluminum,21.55,36.2,20586.41,1
29 mm,C,6.94,6.94,12.46,15.5,57.3,5.0,1208.07,1224.33,ogive,type1,14.11,3.37,tungsten,0.766,141.297,1523.373,0.093,19300,0.1957,0.549,72.01,Aluminum,23.64,39.5,9092.27,0
40 mm,A,18.04,18.04,16.07,17.3,79.37,2.81,1049.68,1061.1,spherical,type3,9.9,9.88,steel,0.826,202.525,2650.152,0.076,7800,0.289,0.212,61.04,Aluminum,16.72,21.1,8853.19,0
29 mm,C,10.39,10.39,24.63,26.29,73.81,6.43,741.03,755.77,spherical,type2,8.61,7.48,aluminum,0.863,946.905,850.284,1.114,2700,0.4388,0.24,25.4,Titanium,25.69,10.8,6762.48,0
29 mm,B,11.49,11.49,7.39,10.77,75.49,7.13,1160.85,1160.85,spherical,type3,12.12,4.54,steel,0.477,565.86,679.38,0.833,7800,0.4054,0.465,58.55,Steel,12.17,39.2,4979.28,0
29 mm,A,8.09,8.09,20.14,22.45,32.8,7.42,1250.66,1258.14,cylindrical,type2,5.1,8.87,aluminum,0.69,339.739,1743.279,0.195,2700,0.164,0.379,85.37,Titanium,29.08,37.6,15750.99,0
40 mm,B,13.3,13.3,11.69,14.18,52.54,7.53,1146.97,1184.58,cylindrical,type1,12.56,12.21,aluminum,0.403,532.369,1488.68,0.358,2700,0.1286,0.056,39.23,Steel,12.76,12.4,7689.33,0
40 mm,A,15.53,15.53,7.34,11.3,34.09,7.34,1005.21,981.92,spherical,type1,10.45,13.13,aluminum,0.655,620.36,651.633,0.952,2700,0.1902,0.128,70.8,Aluminum,5.94,26.1,3708.34,0
40 mm,C,18.22,18.22,13.44,15.15,73.97,5.47,1106.04,1037.16,ogive,type3,12.39,11.77,tungsten,0.329,675.024,1918.394,0.352,19300,0.4409,0.097,41.58,Aluminum,10.0,25.1,8220.74,0
29 mm,A,5.77,5.77,15.98,17.04,31.47,3.4,1406.69,1424.87,ogive,type1,13.12,13.51,steel,0.495,413.4,2736.289,0.151,7800,0.3063,0.148,64.45,Aluminum,28.19,21.9,15810.43,0
29 mm,A,19.6,19.6,9.12,10.45,29.24,7.48,1680.41,1645.77,cylindrical,type2,10.03,9.85,tungsten,0.844,448.663,2272.711,0.197,19300,0.4228,0.218,76.08,Titanium,24.75,27.4,12876.43,0
29 mm,B,15.56,15.56,13.11,14.84,20.73,1.86,1414.64,1385.18,spherical,type2,2.48,12.88,tungsten,0.768,594.787,786.76,0.756,19300,0.2478,0.582,36.58,Aluminum,15.98,3.8,13117.91,0
40 mm,C,9.26,9.26,17.71,20.89,30.92,2.18,1410.78,1403.64,ogive,type2,5.87,7.42,tungsten,0.548,663.998,867.537,0.765,19300,0.3362,0.422,79.16,Aluminum,27.63,20.5,17624.11,0
40 mm,B,8.07,8.07,16.53,19.86,31.39,4.04,1598.56,1579.95,ogive,type3,13.41,13.08,steel,0.303,929.221,1761.171,0.528,7800,0.3379,0.08,74.12,Aluminum,11.17,12.6,21120.33,1
40 mm,B,9.44,9.44,19.46,22.16,24.65,2.99,881.66,937.16,spherical,type2,10.15,13.65,steel,0.479,453.049,2097.048,0.216,7800,0.3507,0.384,45.02,Aluminum,10.84,0.1,7563.37,0
40 mm,B,18.14,18.14,21.73,23.5,72.06,5.31,1031.21,1022.87,spherical,type2,13.57,10.92,aluminum,0.297,887.218,2941.187,0.302,2700,0.2881,0.29,91.6,Steel,8.22,23.4,11553.78,1
40 mm,C,9.37,9.37,13.18,15.75,66.8,7.34,755.65,813.67,cylindrical,type2,7.0,7.6,aluminum,0.248,993.896,493.495,2.014,2700,0.1957,0.465,82.44,Aluminum,16.06,16.4,3762.94,0
40 mm,B,11.94,11.94,13.46,14.5,35.27,4.44,1084.6,1094.9,cylindrical,type2,8.56,5.66,aluminum,0.835,405.103,1729.766,0.234,2700,0.2714,0.536,61.69,Aluminum,17.85,19.4,7916.88,0
40 mm,C,15.59,15.59,14.93,17.98,67.0,4.88,1798.71,1794.28,spherical,type3,13.21,6.23,tungsten,0.544,124.556,2964.648,0.042,19300,0.4899,0.086,26.61,Steel,8.63,5.0,24151.94,1
29 mm,C,18.08,18.08,16.33,19.17,45.33,3.96,1062.24,1070.15,ogive,type1,11.91,3.72,steel,0.263,643.934,510.511,1.261,7800,0.2088,0.589,55.25,Aluminum,7.87,22.8,9213.01,1
29 mm,C,14.88,14.88,7.17,8.24,66.53,5.95,1645.75,1581.17,cylindrical,type1,6.91,2.61,aluminum,0.702,913.283,2923.192,0.312,2700,0.3899,0.082,46.39,Aluminum,14.76,12.2,9709.95,0
40 mm,C,16.3,16.3,11.25,14.7,39.38,1.7,794.36,811.26,cylindrical,type2,2.29,7.39,tungsten,0.252,148.05,1494.098,0.099,19300,0.4779,0.453,41.0,Titanium,10.82,0.0,3549.42,0
29 mm,C,7.6,7.6,8.44,11.73,53.88,1.34,1205.68,1248.14,spherical,type2,13.44,2.55,steel,0.477,277.435,2208.691,0.126,7800,0.3265,0.547,71.49,Aluminum,19.36,35.1,6134.46,0
29 mm,A,18.16,18.16,12.72,14.64,42.9,5.49,1086.61,1136.15,ogive,type1,12.22,13.45,aluminum,0.361,708.535,1390.76,0.509,2700,0.2957,0.463,93.74,Titanium,18.11,28.3,7509.39,0
40 mm,C,9.14,9.14,24.47,27.38,31.26,4.74,921.74,854.13,spherical,type3,7.84,10.45,aluminum,0.315,828.688,2554.924,0.324,2700,0.1483,0.133,31.72,Steel,9.06,23.8,10394.91,1
29 mm,C,6.93,6.93,16.65,19.45,55.14,3.85,1109.76,1033.81,ogive,type2,9.1,12.97,aluminum,0.573,177.976,2743.85,0.065,2700,0.4013,0.164,79.33,Aluminum,5.33,28.0,10252.8,1
40 mm,A,19.64,19.64,13.59,15.02,65.05,3.34,1416.41,1389.57,cylindrical,type1,4.66,7.78,steel,0.704,427.364,666.663,0.641,7800,0.4646,0.073,69.74,Titanium,21.12,14.6,13632.25,0
40 mm,C,8.02,8.02,16.32,17.9,65.19,1.36,1239.34,1308.57,ogive,type3,7.36,4.91,steel,0.541,314.865,2292.279,0.137,7800,0.4923,0.122,73.36,Aluminum,24.32,5.5,12533.46,0
29 mm,A,7.05,7.05,18.38,21.43,41.38,5.76,1628.77,1639.82,spherical,type3,4.12,5.77,steel,0.775,968.389,258.071,3.752,7800,0.1807,0.084,87.61,Titanium,17.21,16.1,24380.07,1
40 mm,B,14.39,14.39,13.7,17.5,51.12,3.95,1695.44,1656.71,spherical,type2,4.74,13.11,aluminum,0.842,714.222,975.208,0.732,2700,0.468,0.08,50.04,Aluminum,19.39,35.5,19690.44,1
40 mm,C,9.78,9.78,13.95,16.68,65.83,4.12,1230.08,1157.43,ogive,type1,13.0,3.58,steel,0.765,528.075,1746.559,0.302,7800,0.2481,0.359,66.36,Titanium,29.04,27.4,10553.85,0
40 mm,A,7.0,7.0,19.03,21.73,23.27,7.25,1779.9,1745.7,ogive,type1,6.71,11.08,steel,0.87,876.117,1888.974,0.464,7800,0.3477,0.092,42.15,Titanium,24.19,35.6,30143.94,1
29 mm,B,14.02,14.02,6.22,9.16,24.31,6.16,779.22,741.64,cylindrical,type2,12.59,4.93,tungsten,0.85,583.896,1222.746,0.478,19300,0.1895,0.284,42.74,Titanium,13.35,40.6,1888.34,0
40 mm,C,16.38,16.38,15.8,18.12,42.57,2.54,1003.97,1050.75,spherical,type1,8.16,6.59,steel,0.783,920.201,957.227,0.961,7800,0.1994,0.44,61.06,Titanium,26.26,11.2,7962.85,0
40 mm,B,16.9,16.9,15.95,17.11,33.41,5.6,1158.38,1209.01,ogive,type2,2.92,2.04,tungsten,0.405,314.928,680.62,0.463,19300,0.3476,0.058,20.58,Steel,18.71,41.1,10701.21,0
40 mm,C,7.33,7.33,20.14,22.33,42.48,1.93,1340.97,1288.47,cylindrical,type1,6.7,8.23,steel,0.322,124.605,871.195,0.143,7800,0.2939,0.401,39.85,Titanium,18.05,29.8,18107.88,1
29 mm,A,13.35,13.35,24.65,28.35,25.63,2.36,1300.52,1338.18,ogive,type1,4.06,3.67,aluminum,0.709,485.865,564.636,0.86,2700,0.4858,0.466,32.13,Aluminum,22.3,25.2,20845.92,1
29 mm,C,17.21,17.21,20.92,24.33,55.52,6.0,1324.77,1357.31,ogive,type2,11.02,13.18,aluminum,0.792,283.85,931.265,0.305,2700,0.2058,0.345,29.59,Titanium,15.74,22.6,18357.46,1
40 mm,C,7.42,7.42,15.08,18.86,60.3,1.88,1685.88,1626.9,ogive,type3,13.85,3.27,steel,0.776,852.158,2499.582,0.341,7800,0.4512,0.312,50.77,Steel,27.02,21.1,21430.12,0
29 mm,C,8.12,8.12,8.39,9.85,67.51,2.96,1005.32,1001.13,ogive,type3,11.92,5.25,aluminum,0.651,579.631,1005.062,0.577,2700,0.2842,0.452,28.35,Titanium,9.18,3.3,4239.75,0
29 mm,A,5.04,5.04,16.77,19.29,59.03,7.29,1598.54,1615.58,ogive,type1,12.12,2.19,aluminum,0.781,359.797,2741.529,0.131,2700,0.1538,0.341,32.34,Steel,15.55,2.5,21426.44,1
29 mm,C,12.87,12.87,21.69,24.44,43.78,6.17,1313.8,1321.96,cylindrical,type1,13.2,14.91,steel,0.695,796.217,886.642,0.898,7800,0.1957,0.33,73.5,Steel,6.62,14.9,18719.23,1
29 mm,B,7.92,7.92,23.65,25.28,76.1,7.51,1239.54,1154.01,spherical,type2,12.1,10.34,aluminum,0.666,574.197,1577.499,0.364,2700,0.4023,0.491,72.11,Aluminum,22.63,9.2,18168.63,0
29 mm,B,15.86,15.86,21.51,23.11,63.58,7.17,1029.35,1035.91,cylindrical,type2,9.39,10.37,steel,0.233,552.515,669.196,0.826,7800,0.4307,0.511,95.6,Aluminum,11.76,3.9,11395.58,1
29 mm,B,19.43,19.43,8.78,12.13,51.66,3.19,1034.48,1066.29,ogive,type3,11.29,8.75,aluminum,0.522,262.711,247.865,1.06,2700,0.1158,0.253,93.62,Steel,15.64,1.1,4697.95,0
40 mm,B,8.13,8.13,19.25,22.27,32.41,5.43,1127.33,1206.31,ogive,type3,7.41,13.28,steel,0.224,995.694,1951.513,0.51,7800,0.264,0.279,89.92,Aluminum,27.16,44.0,12232.15,0
29 mm,B,14.74,14.74,22.6,25.54,58.94,3.65,1539.86,1506.42,cylindrical,type2,2.92,3.87,tungsten,0.265,693.116,1145.744,0.605,19300,0.2977,0.49,75.28,Titanium,9.66,9.5,26794.21,1
29 mm,B,8.18,8.18,18.62,20.42,55.5,5.88,1224.41,1197.14,ogive,type1,11.17,12.31,tungsten,0.579,869.341,1166.21,0.745,19300,0.346,0.35,41.33,Aluminum,5.06,44.3,13957.36,1
29 mm,A,5.27,5.27,18.72,21.24,61.0,3.44,869.22,858.78,spherical,type1,11.38,12.49,aluminum,0.233,783.759,1341.706,0.584,2700,0.3602,0.428,34.25,Aluminum,19.45,24.5,7071.89,0
40 mm,C,16.38,16.38,15.0,16.07,66.87,1.01,1535.85,1550.41,cylindrical,type1,4.91,2.47,tungsten,0.839,552.64,2377.727,0.232,19300,0.4322,0.091,95.95,Titanium,15.94,8.6,17691.26,1
29 mm,A,11.51,11.51,17.74,19.13,74.9,1.66,1429.72,1434.57,cylindrical,type2,14.4,3.72,aluminum,0.515,108.758,1319.276,0.082,2700,0.2094,0.102,96.77,Steel,6.37,6.5,18131.16,1
40 mm,A,19.2,19.2,10.89,13.44,76.94,6.4,1744.16,1774.38,ogive,type1,2.68,9.11,tungsten,0.69,700.003,441.939,1.584,19300,0.1448,0.342,60.35,Steel,12.41,9.0,16564.2,1
40 mm,B,13.01,13.01,6.78,8.71,57.81,1.59,1282.36,1226.1,spherical,type1,11.57,3.17,steel,0.303,190.67,980.51,0.194,7800,0.1746,0.501,63.87,Titanium,10.98,16.4,5574.68,0
40 mm,B,7.36,7.36,21.55,25.45,77.96,5.2,1419.86,1439.7,spherical,type3,14.59,5.67,steel,0.793,965.319,1813.162,0.532,7800,0.4747,0.224,20.43,Steel,11.52,9.2,21722.43,1
40 mm,B,11.75,11.75,23.86,26.27,74.69,7.0,1227.26,1190.15,cylindrical,type3,6.02,7.25,steel,0.535,324.338,2981.763,0.109,7800,0.3187,0.578,31.89,Steel,24.74,37.3,17968.57,0
29 mm,C,8.04,8.04,22.14,23.39,20.16,6.19,1448.86,1441.69,spherical,type2,13.86,4.04,tungsten,0.591,430.6,600.812,0.717,19300,0.1876,0.468,63.68,Steel,12.62,16.5,23238.09,1
40 mm,A,18.17,18.17,11.68,12.73,58.26,3.89,1179.73,1265.13,cylindrical,type3,12.74,11.15,tungsten,0.654,596.403,1105.664,0.539,19300,0.4143,0.48,34.54,Titanium,17.24,23.7,8127.9,0
29 mm,A,15.36,15.36,6.87,10.05,30.71,2.46,851.64,781.73,cylindrical,type3,11.67,8.44,steel,0.578,552.353,1559.661,0.354,7800,0.3348,0.509,58.3,Steel,11.64,22.6,2491.37,0
40 mm,B,10.12,10.12,10.6,12.11,37.71,7.46,1785.35,1771.38,ogive,type3,14.4,10.32,steel,0.594,689.633,2845.002,0.242,7800,0.2469,0.19,83.59,Aluminum,28.76,29.7,16893.62,0
40 mm,C,12.92,12.92,21.86,23.42,37.85,4.96,1492.4,1428.67,ogive,type3,10.5,8.17,aluminum,0.721,805.103,503.581,1.599,2700,0.1073,0.232,84.06,Aluminum,24.36,44.9,24343.93,1
40 mm,B,15.04,15.04,18.12,20.39,48.99,3.84,1369.49,1377.14,spherical,type1,8.43,7.36,steel,0.765,781.88,2422.701,0.323,7800,0.4131,0.115,88.93,Steel,15.58,20.0,16992.06,1
40 mm,B,16.74,16.74,24.33,26.12,20.65,7.59,1229.56,1281.97,spherical,type3,10.78,8.4,tungsten,0.414,917.277,2224.273,0.412,19300,0.387,0.259,38.86,Steel,23.17,14.5,18391.26,0
29 mm,B,6.2,6.2,11.85,14.7,34.15,2.51,1482.57,1491.05,spherical,type3,7.35,13.69,tungsten,0.845,522.925,1058.026,0.494,19300,0.2048,0.07,54.55,Aluminum,12.87,43.8,13023.23,1
40 mm,C,5.34,5.34,16.03,18.49,21.75,4.1,839.45,833.61,spherical,type3,6.22,7.15,steel,0.448,580.755,2366.51,0.245,7800,0.2062,0.463,70.15,Steel,7.06,44.9,5647.98,0
40 mm,B,6.72,6.72,20.8,22.13,59.03,1.76,1058.72,1125.14,ogive,type2,3.07,10.35,steel,0.391,886.669,1809.647,0.49,7800,0.2086,0.491,66.49,Titanium,15.76,35.1,11657.24,0
40 mm,C,10.92,10.92,9.68,13.03,73.36,1.87,837.17,853.7,spherical,type3,6.91,12.84,aluminum,0.418,354.098,679.809,0.521,2700,0.3682,0.167,99.93,Aluminum,19.11,35.9,3392.13,0
29 mm,C,12.0,12.0,24.28,26.56,79.87,3.79,838.63,879.61,spherical,type3,12.44,10.07,steel,0.451,321.328,1000.071,0.321,7800,0.2177,0.319,42.1,Steel,13.73,18.3,8538.07,0
40 mm,A,7.05,7.05,16.85,19.68,46.91,5.9,723.48,759.24,ogive,type3,14.29,4.94,steel,0.422,108.211,1119.353,0.097,7800,0.2241,0.42,25.71,Aluminum,15.04,24.3,4409.84,0
29 mm,A,11.17,11.17,5.16,6.17,35.61,3.37,1531.48,1387.67,ogive,type3,14.68,3.59,tungsten,0.791,764.632,1104.482,0.692,19300,0.2506,0.458,51.03,Titanium,22.86,15.8,6051.21,0
29 mm,C,11.62,11.62,5.5,8.38,71.19,5.83,950.04,946.21,spherical,type3,4.68,9.68,tungsten,0.593,718.827,2289.823,0.314,19300,0.4921,0.583,61.44,Aluminum,27.39,27.8,2482.08,0
29 mm,A,6.64,6.64,22.64,24.49,26.79,6.64,1615.21,1561.31,spherical,type2,9.43,11.46,aluminum,0.877,349.048,2048.826,0.17,2700,0.284,0.16,50.98,Aluminum,27.35,37.2,29532.79,1
40 mm,B,18.75,18.75,17.91,20.39,78.45,7.14,1694.88,1653.41,cylindrical,type3,9.48,11.99,steel,0.259,216.924,2495.594,0.087,7800,0.251,0.186,45.55,Steel,19.39,16.8,25724.3,1
29 mm,A,13.99,13.99,20.26,22.15,62.89,1.31,885.42,959.15,cylindrical,type2,4.29,11.02,steel,0.63,138.278,1630.228,0.085,7800,0.288,0.52,40.58,Titanium,20.74,24.1,7941.6,0
29 mm,B,10.83,10.83,20.68,24.67,50.24,6.42,1479.75,1461.01,ogive,type3,9.56,2.04,steel,0.267,539.077,1181.489,0.456,7800,0.3877,0.103,54.2,Titanium,18.32,34.9,22641.09,1
29 mm,A,12.6,12.6,13.41,15.1,25.8,2.03,1206.34,1300.97,cylindrical,type3,6.72,12.06,tungsten,0.521,274.134,389.704,0.703,19300,0.4535,0.482,75.14,Aluminum,14.28,9.4,9757.49,0
40 mm,B,9.71,9.71,20.97,24.71,21.09,5.89,1710.86,1640.48,spherical,type3,14.25,9.86,steel,0.468,814.057,2424.299,0.336,7800,0.4963,0.123,31.91,Steel,23.45,27.5,30690.03,1
29 mm,C,17.81,17.81,23.75,27.5,52.67,3.6,1232.86,1178.68,cylindrical,type2,5.32,14.85,steel,0.677,955.03,409.353,2.333,7800,0.2944,0.305,89.24,Steel,7.78,34.9,18049.33,1
40 mm,C,13.63,13.63,8.44,10.7,44.83,5.95,1116.76,1154.88,cylindrical,type2,12.85,11.94,tungsten,0.722,799.173,1044.101,0.765,19300,0.2841,0.376,71.29,Aluminum,27.35,2.3,5262.99,0
40 mm,C,12.42,12.42,20.28,22.19,70.56,2.5,1024.02,1006.95,cylindrical,type1,13.66,7.59,steel,0.367,866.436,2072.874,0.418,7800,0.2321,0.472,28.59,Aluminum,12.09,11.4,10632.98,0
40 mm,A,18.66,18.66,11.16,13.3,58.54,5.51,1693.98,1709.35,cylindrical,type2,11.57,10.79,steel,0.336,991.713,2339.677,0.424,7800,0.4116,0.113,21.88,Titanium,10.47,1.1,16012.19,1
40 mm,B,17.57,17.57,11.43,15.4,45.91,1.88,948.8,943.18,ogive,type2,4.79,10.01,tungsten,0.494,766.729,391.836,1.957,19300,0.3622,0.503,24.11,Aluminum,11.85,0.3,5144.77,0
29 mm,A,17.19,17.19,13.26,16.12,33.56,2.19,1610.49,1603.36,ogive,type2,5.38,6.39,steel,0.369,610.591,1901.33,0.321,7800,0.2453,0.518,27.23,Titanium,25.29,21.5,17196.09,0
29 mm,C,8.38,8.38,22.27,24.9,48.83,5.3,913.61,898.4,spherical,type3,14.62,8.94,aluminum,0.674,829.01,583.989,1.42,2700,0.3074,0.486,71.48,Steel,11.72,31.5,9294.2,0
29 mm,C,7.3,7.3,5.44,6.55,29.78,3.36,1407.74,1416.71,cylindrical,type3,2.99,4.66,tungsten,0.562,607.466,2320.272,0.262,19300,0.1823,0.566,95.27,Aluminum,20.24,17.2,5390.31,0
40 mm,A,15.35,15.35,13.68,17.22,60.02,5.93,1196.17,1228.25,ogive,type1,3.52,3.14,aluminum,0.779,489.264,2243.588,0.218,2700,0.3776,0.53,30.66,Aluminum,13.58,27.9,9786.83,0
40 mm,B,12.03,12.03,18.6,19.85,56.34,5.8,815.07,895.79,cylindrical,type2,14.72,11.53,steel,0.887,129.254,2294.561,0.056,7800,0.2008,0.472,42.75,Steel,21.41,8.6,6178.35,0
40 mm,B,15.26,15.26,7.21,8.35,68.6,5.35,838.53,828.4,cylindrical,type3,12.1,6.99,aluminum,0.465,678.682,378.521,1.793,2700,0.2398,0.369,89.27,Aluminum,19.79,37.6,2534.79,0
29 mm,B,16.41,16.41,20.85,22.67,46.97,6.11,1009.66,989.98,spherical,type3,11.7,11.82,tungsten,0.838,907.766,1766.391,0.514,19300,0.1272,0.495,60.45,Titanium,29.94,16.3,10627.38,0
29 mm,B,9.43,9.43,23.84,26.27,36.72,6.56,1543.32,1517.2,spherical,type3,4.08,8.35,aluminum,0.744,723.836,874.379,0.828,2700,0.1879,0.586,54.17,Aluminum,12.77,31.8,28391.49,1
29 mm,A,9.27,9.27,6.82,10.51,70.18,7.38,1501.83,1575.32,ogive,type3,8.36,12.53,steel,0.304,463.732,1588.262,0.292,7800,0.178,0.401,57.86,Aluminum,13.75,5.8,7691.23,0
29 mm,B,12.36,12.36,8.06,11.43,61.46,1.56,925.63,960.15,ogive,type3,12.93,11.61,aluminum,0.785,655.209,2970.352,0.221,2700,0.3941,0.183,28.09,Aluminum,9.97,36.8,3452.87,0
29 mm,B,9.1,9.1,24.48,26.07,62.4,5.0,1223.82,1128.87,ogive,type3,6.28,11.93,aluminum,0.537,831.661,453.324,1.835,2700,0.3778,0.186,37.57,Titanium,16.6,23.3,18332.28,1
40 mm,C,15.01,15.01,8.96,11.08,51.69,6.24,806.69,709.53,spherical,type2,4.51,7.58,tungsten,0.696,787.816,1863.346,0.423,19300,0.3153,0.488,96.96,Titanium,25.93,43.7,2915.35,0
29 mm,C,16.2,16.2,6.58,9.92,72.56,2.52,1487.54,1446.04,spherical,type1,2.14,14.5,tungsten,0.692,542.061,661.999,0.819,19300,0.2548,0.594,71.47,Aluminum,10.27,18.2,7280.03,0
40 mm,C,12.08,12.08,24.04,26.62,33.67,2.85,1572.63,1584.14,spherical,type2,10.09,7.27,tungsten,0.82,425.509,1628.143,0.261,19300,0.4558,0.166,42.9,Aluminum,29.04,39.3,29727.44,1
29 mm,A,15.86,15.86,22.85,24.37,44.1,2.87,1682.86,1681.19,cylindrical,type3,5.82,12.31,steel,0.733,457.177,1658.52,0.276,7800,0.4536,0.584,95.76,Titanium,5.33,18.5,32355.8,1
29 mm,C,12.66,12.66,18.11,20.3,67.77,5.01,1674.32,1700.06,cylindrical,type1,13.23,8.36,aluminum,0.777,917.118,1477.432,0.621,2700,0.3411,0.198,51.8,Aluminum,25.13,4.9,25384.31,1
40 mm,B,15.69,15.69,16.03,18.91,27.98,3.56,1071.68,1062.91,ogive,type3,5.69,5.06,steel,0.425,252.868,1990.923,0.127,7800,0.3632,0.277,31.27,Titanium,22.29,30.9,9205.21,0
40 mm,B,8.37,8.37,23.38,27.3,68.49,5.66,979.99,1049.86,ogive,type2,3.97,10.18,tungsten,0.881,876.682,2927.74,0.299,19300,0.4186,0.549,97.23,Titanium,27.63,8.2,11226.85,0
29 mm,C,16.08,16.08,18.11,21.1,41.16,5.27,1686.25,1724.86,spherical,type3,14.49,8.1,tungsten,0.663,275.755,2454.612,0.112,19300,0.3891,0.579,73.27,Titanium,18.05,36.0,25747.34,1
29 mm,C,15.73,15.73,18.17,19.22,27.53,5.6,860.61,864.49,ogive,type1,14.54,5.43,steel,0.742,982.801,2883.866,0.341,7800,0.19,0.362,80.23,Titanium,22.02,15.1,6728.8,0
29 mm,A,9.0,9.0,21.87,24.99,24.75,2.77,765.28,822.55,spherical,type3,10.91,6.97,aluminum,0.801,503.509,730.468,0.689,2700,0.3013,0.573,21.8,Titanium,6.24,34.0,6404.12,1
40 mm,B,13.34,13.34,18.06,19.81,70.58,6.37,1045.67,963.22,spherical,type2,14.07,4.08,tungsten,0.287,760.087,2981.042,0.255,19300,0.1608,0.513,42.65,Steel,14.86,21.7,9873.63,0
29 mm,C,17.83,17.83,15.07,18.66,66.72,5.65,1536.33,1532.08,cylindrical,type2,4.1,14.83,steel,0.435,756.437,1054.459,0.717,7800,0.4238,0.527,95.63,Aluminum,24.27,24.2,17784.93,0
40 mm,B,8.74,8.74,12.79,14.94,37.28,1.91,1463.62,1470.5,spherical,type2,7.98,10.36,steel,0.785,795.278,295.664,2.69,7800,0.3614,0.528,32.44,Aluminum,7.72,33.1,13699.26,1
29 mm,A,16.04,16.04,15.06,16.66,26.98,2.4,1785.76,1815.86,cylindrical,type2,4.65,4.26,tungsten,0.845,810.456,1421.461,0.57,19300,0.4916,0.262,89.88,Steel,24.56,29.9,24012.71,1
40 mm,B,19.31,19.31,15.45,17.85,34.83,3.11,1095.49,1009.73,cylindrical,type3,8.22,11.94,aluminum,0.729,135.167,889.352,0.152,2700,0.1546,0.067,81.64,Aluminum,12.71,29.9,9270.76,0
29 mm,C,17.99,17.99,12.22,13.99,32.78,7.55,1003.43,990.41,spherical,type1,12.29,9.82,aluminum,0.538,346.001,2333.938,0.148,2700,0.3041,0.141,50.28,Aluminum,13.82,29.7,6151.99,0
40 mm,A,11.02,11.02,13.96,15.67,63.98,3.28,1116.03,1136.05,cylindrical,type3,12.98,11.39,steel,0.376,306.739,443.436,0.692,7800,0.3896,0.091,90.94,Aluminum,21.18,26.3,8693.75,0
40 mm,C,14.11,14.11,21.04,23.76,32.93,1.14,1560.48,1584.34,cylindrical,type3,2.05,9.6,aluminum,0.568,728.734,1734.409,0.42,2700,0.4469,0.183,93.82,Aluminum,6.95,36.3,25617.23,1
29 mm,C,19.88,19.88,13.33,16.63,32.97,1.99,935.73,995.04,ogive,type1,7.06,2.79,aluminum,0.478,714.986,1010.311,0.708,2700,0.4414,0.08,89.35,Steel,20.62,13.5,5835.81,0
29 mm,C,13.53,13.53,5.51,9.01,21.94,1.23,1742.52,1780.6,spherical,type1,14.92,4.64,aluminum,0.82,367.33,778.853,0.472,2700,0.1808,0.202,52.6,Aluminum,27.84,8.2,8365.22,0
40 mm,A,6.73,6.73,10.66,12.85,55.81,3.82,1263.8,1260.76,spherical,type2,9.66,11.99,tungsten,0.597,814.188,2651.788,0.307,19300,0.4929,0.374,66.97,Titanium,7.34,33.1,8513.03,1
29 mm,A,5.68,5.68,9.63,10.83,61.34,6.58,1561.46,1595.21,cylindrical,type3,5.85,11.81,tungsten,0.474,380.459,1643.415,0.232,19300,0.4925,0.128,44.49,Steel,11.32,24.3,11739.73,1
29 mm,B,16.85,16.85,20.87,23.32,59.21,4.15,1609.99,1599.92,spherical,type3,7.06,11.8,steel,0.549,408.642,1111.245,0.368,7800,0.4876,0.224,30.4,Aluminum,5.34,40.5,27048.23,1
29 mm,B,11.35,11.35,13.99,16.29,54.12,6.87,1226.7,1234.04,ogive,type3,6.19,2.2,tungsten,0.853,458.966,2289.13,0.2,19300,0.3454,0.173,92.17,Aluminum,17.95,43.4,10526.03,0
29 mm,B,8.7,8.7,10.61,12.2,77.96,1.33,1515.51,1555.25,spherical,type3,7.82,12.47,tungsten,0.629,770.131,2588.933,0.297,19300,0.4328,0.102,98.49,Aluminum,23.27,39.0,12184.37,0
29 mm,C,10.22,10.22,21.21,24.9,48.36,4.29,1101.16,1098.89,cylindrical,type2,7.78,7.71,steel,0.36,110.6,1437.846,0.077,7800,0.1304,0.422,24.69,Steel,28.16,24.6,12859.13,0
29 mm,C,16.36,16.36,5.38,9.3,71.61,6.51,1592.02,1610.12,ogive,type2,8.59,11.02,steel,0.55,915.819,709.947,1.29,7800,0.2022,0.541,75.02,Steel,14.2,33.9,6817.88,0
29 mm,A,11.98,11.98,8.49,9.65,58.76,5.72,1606.29,1654.36,spherical,type1,8.04,5.54,tungsten,0.526,722.849,2984.146,0.242,19300,0.1368,0.444,95.94,Titanium,8.72,15.0,10952.81,1
29 mm,C,18.03,18.03,21.54,24.93,25.05,6.97,1322.83,1358.44,spherical,type2,8.71,12.0,tungsten,0.417,627.939,1205.133,0.521,19300,0.3022,0.426,68.63,Aluminum,5.73,0.7,18846.2,1
29 mm,A,16.02,16.02,16.01,18.95,68.61,2.92,939.96,1001.63,ogive,type1,2.36,14.77,tungsten,0.715,313.598,775.412,0.404,19300,0.4859,0.591,23.77,Titanium,13.13,35.1,7072.62,0
29 mm,B,19.61,19.61,20.47,22.25,55.06,4.51,1767.25,1883.67,cylindrical,type1,2.71,5.3,steel,0.388,806.962,489.265,1.649,7800,0.3597,0.452,21.19,Titanium,17.81,35.2,31965.67,1
40 mm,A,18.33,18.33,21.76,24.67,59.21,5.74,1741.68,1776.83,spherical,type3,6.82,12.19,aluminum,0.545,885.509,546.791,1.619,2700,0.2845,0.076,60.33,Steel,27.52,0.4,33003.93,1
29 mm,B,8.82,8.82,23.84,25.23,30.81,2.18,1381.8,1358.74,spherical,type3,13.5,9.86,steel,0.509,551.392,2840.52,0.194,7800,0.4171,0.17,95.2,Aluminum,10.41,38.9,22759.71,1
29 mm,C,14.89,14.89,6.27,7.48,46.25,6.71,1782.27,1807.86,ogive,type2,12.28,5.55,tungsten,0.527,363.215,2850.649,0.127,19300,0.3201,0.401,42.31,Titanium,24.53,39.7,9958.28,0
29 mm,B,5.31,5.31,20.98,24.96,72.83,3.18,1253.08,1276.52,ogive,type1,3.43,5.83,steel,0.597,442.498,1622.212,0.273,7800,0.2831,0.401,48.03,Steel,17.02,14.4,16471.5,1
40 mm,C,19.87,19.87,19.18,22.09,32.93,1.65,1113.03,1143.71,cylindrical,type1,8.43,11.51,tungsten,0.678,474.626,2137.979,0.222,19300,0.3517,0.508,83.68,Steel,26.69,0.8,11880.44,0
29 mm,A,8.92,8.92,9.14,10.9,20.01,6.36,1206.55,1281.3,cylindrical,type1,9.86,5.7,tungsten,0.3,375.324,2531.396,0.148,19300,0.3047,0.137,84.13,Steel,26.58,39.4,6652.84,0
29 mm,B,14.97,14.97,23.63,25.98,35.45,5.94,750.5,666.29,ogive,type3,8.26,2.62,tungsten,0.402,740.97,1760.873,0.421,19300,0.3566,0.59,95.49,Aluminum,26.44,3.2,6654.8,0
29 mm,B,17.74,17.74,13.08,16.93,49.25,7.19,1304.03,1379.72,spherical,type1,11.07,13.36,steel,0.741,407.957,2067.547,0.197,7800,0.4211,0.334,87.09,Aluminum,15.03,10.4,11121.23,0
29 mm,C,7.41,7.41,22.75,25.07,69.28,7.24,1432.86,1525.38,spherical,type1,14.96,9.66,steel,0.835,839.095,2907.527,0.289,7800,0.285,0.556,67.51,Titanium,13.66,24.4,23353.87,1
29 mm,C,17.72,17.72,17.1,20.8,58.6,2.95,820.47,848.87,ogive,type3,3.25,11.86,steel,0.231,517.322,683.102,0.757,7800,0.266,0.341,95.1,Titanium,10.18,36.7,5755.61,0
29 mm,B,5.18,5.18,15.53,19.14,75.14,5.49,981.16,1010.77,spherical,type3,8.7,9.84,steel,0.251,666.064,588.594,1.132,7800,0.3235,0.153,69.15,Steel,10.71,35.2,7475.17,0
40 mm,A,11.63,11.63,8.19,10.22,47.33,7.99,1493.3,1481.22,ogive,type3,8.66,8.71,steel,0.854,953.157,2308.489,0.413,7800,0.4619,0.243,68.13,Titanium,20.41,30.7,9131.62,0
40 mm,B,12.08,12.08,23.29,26.38,43.45,2.71,1572.95,1573.27,cylindrical,type1,9.31,12.01,aluminum,0.304,501.448,2169.32,0.231,2700,0.2692,0.172,21.24,Steel,29.05,37.3,28811.73,1
29 mm,A,10.61,10.61,16.13,19.11,33.89,4.31,1784.45,1819.35,ogive,type2,4.17,2.42,aluminum,0.886,253.312,720.666,0.351,2700,0.4391,0.195,56.44,Titanium,20.15,30.8,25681.07,1
40 mm,B,13.8,13.8,5.12,8.43,33.08,7.37,978.55,1010.23,spherical,type1,10.3,6.05,tungsten,0.78,594.93,1046.761,0.568,19300,0.3469,0.54,23.44,Titanium,15.31,28.7,2451.35,0
40 mm,A,18.72,18.72,5.37,7.47,64.17,1.72,1625.58,1661.62,ogive,type3,2.58,10.16,aluminum,0.284,547.008,2118.714,0.258,2700,0.105,0.258,91.9,Aluminum,11.06,7.5,7095.14,0
29 mm,B,9.9,9.9,20.55,21.71,24.82,7.5,889.31,920.64,spherical,type1,11.63,14.27,tungsten,0.272,804.325,1584.223,0.508,19300,0.2905,0.15,20.84,Steel,21.3,19.8,8126.21,0
29 mm,A,13.69,13.69,8.24,9.75,34.56,4.42,843.97,888.89,spherical,type3,10.62,7.12,tungsten,0.884,874.18,2701.73,0.324,19300,0.1842,0.25,44.56,Steel,10.27,20.3,2934.62,0
29 mm,A,18.16,18.16,16.97,19.82,73.15,7.25,1502.12,1541.45,ogive,type2,6.3,14.68,steel,0.378,741.358,2544.033,0.291,7800,0.1601,0.389,99.61,Aluminum,7.33,0.8,19145.25,1
40 mm,A,16.59,16.59,18.62,21.95,54.62,5.35,1190.46,1139.24,cylindrical,type3,14.86,11.82,tungsten,0.577,974.309,1563.935,0.623,19300,0.1938,0.16,83.61,Titanium,7.34,18.2,13194.09,1
29 mm,C,5.61,5.61,10.59,13.86,22.8,5.7,1573.32,1614.93,ogive,type2,12.77,8.3,steel,0.365,342.275,2067.221,0.166,7800,0.385,0.078,80.61,Aluminum,26.26,10.2,13106.9,0
40 mm,C,19.14,19.14,16.39,19.14,62.26,6.41,1010.82,1103.75,spherical,type1,9.01,7.58,tungsten,0.62,315.276,2001.691,0.158,19300,0.351,0.53,77.03,Aluminum,14.56,4.0,8373.3,0
29 mm,C,5.7,5.7,9.81,11.06,50.4,1.47,934.51,933.18,spherical,type3,14.88,3.68,steel,0.788,362.158,457.82,0.791,7800,0.3147,0.182,24.1,Steel,28.51,24.6,4283.58,0
40 mm,A,13.83,13.83,23.93,24.98,71.27,5.39,1303.68,1378.65,cylindrical,type2,12.79,10.0,aluminum,0.66,703.817,1391.657,0.506,2700,0.2981,0.565,43.06,Aluminum,17.42,10.7,20335.49,1
40 mm,B,13.63,13.63,22.2,25.55,60.95,7.47,826.84,780.98,ogive,type2,3.79,2.68,aluminum,0.233,309.287,1431.668,0.216,2700,0.2557,0.076,83.88,Steel,22.29,8.6,7588.67,0
29 mm,C,16.8,16.8,10.76,13.41,20.27,7.69,1006.62,1005.13,cylindrical,type2,9.68,7.58,tungsten,0.617,179.576,2712.628,0.066,19300,0.4546,0.408,91.64,Titanium,25.67,35.4,5451.47,0
29 mm,B,7.23,7.23,15.58,18.93,32.34,7.78,882.86,850.8,ogive,type2,9.55,5.09,steel,0.663,979.95,2678.786,0.366,7800,0.473,0.416,48.0,Titanium,26.86,36.5,6071.85,0
40 mm,A,7.69,7.69,15.01,16.5,35.48,5.52,1052.05,1121.01,ogive,type2,10.49,14.43,steel,0.341,383.15,361.379,1.06,7800,0.4058,0.136,40.75,Titanium,9.06,29.7,8306.6,1
29 mm,A,16.28,16.28,24.2,26.42,62.13,5.43,1542.05,1624.07,ogive,type1,14.23,6.72,steel,0.733,300.155,2566.473,0.117,7800,0.2153,0.416,38.87,Aluminum,10.42,8.5,28772.81,1
29 mm,A,7.24,7.24,12.88,16.64,50.56,4.87,832.82,827.86,cylindrical,type1,8.4,8.36,steel,0.639,422.874,1912.711,0.221,7800,0.4655,0.263,63.85,Aluminum,8.75,28.5,4466.71,0
40 mm,C,12.04,12.04,16.24,17.75,64.85,5.25,1373.06,1431.61,ogive,type1,3.01,6.88,aluminum,0.207,242.583,245.433,0.988,2700,0.4277,0.26,43.32,Aluminum,16.14,32.1,15308.59,1
29 mm,A,15.97,15.97,23.57,24.75,50.77,5.28,1343.24,1425.77,cylindrical,type1,8.23,3.78,steel,0.865,132.191,1268.627,0.104,7800,0.1496,0.533,21.71,Titanium,8.88,10.5,21263.6,1
29 mm,C,14.77,14.77,8.26,11.22,39.64,1.3,1291.94,1290.29,ogive,type3,12.24,6.58,tungsten,0.512,374.845,2686.653,0.14,19300,0.2367,0.574,51.26,Titanium,21.27,6.0,6893.42,0
29 mm,C,8.16,8.16,16.01,18.79,26.22,1.62,1232.67,1239.16,cylindrical,type1,6.66,12.13,aluminum,0.363,404.077,1203.054,0.336,2700,0.231,0.144,64.3,Steel,14.07,19.5,12163.4,0
29 mm,C,9.56,9.56,7.11,10.97,32.16,5.34,1430.25,1466.93,cylindrical,type1,2.35,10.08,aluminum,0.26,829.915,2094.05,0.396,2700,0.392,0.426,70.74,Steel,29.1,19.1,7272.16,0
40 mm,C,19.53,19.53,17.35,21.07,44.05,3.2,1636.99,1594.86,cylindrical,type1,5.94,7.69,tungsten,0.462,492.073,1783.858,0.276,19300,0.3096,0.135,47.44,Titanium,25.41,6.9,23246.71,1
40 mm,A,11.73,11.73,12.31,15.56,53.09,3.11,878.24,883.74,cylindrical,type3,10.87,12.67,steel,0.415,763.077,1851.608,0.412,7800,0.2068,0.069,45.11,Aluminum,23.11,8.6,4747.39,0
29 mm,C,5.67,5.67,24.35,25.41,76.32,2.35,1595.54,1702.68,ogive,type2,3.12,2.05,aluminum,0.409,762.141,1546.241,0.493,2700,0.1923,0.132,42.71,Steel,22.22,22.5,30994.48,1
29 mm,A,8.29,8.29,13.31,15.75,34.38,6.61,767.62,742.62,ogive,type1,6.89,12.75,steel,0.755,810.093,1550.557,0.522,7800,0.283,0.399,69.87,Titanium,5.99,23.7,3921.4,0
40 mm,A,10.14,10.14,7.72,11.41,59.97,7.75,1230.34,1273.03,cylindrical,type2,3.73,2.77,steel,0.652,926.658,2727.407,0.34,7800,0.3664,0.45,42.69,Titanium,7.09,24.2,5843.02,0
29 mm,A,19.99,19.99,21.68,23.98,29.15,5.39,1262.61,1288.8,spherical,type1,8.19,13.31,aluminum,0.293,548.768,1358.685,0.404,2700,0.3035,0.329,93.35,Titanium,15.8,44.2,17280.95,1
29 mm,A,9.54,9.54,21.42,25.31,62.83,7.62,917.34,909.15,cylindrical,type1,3.84,14.32,aluminum,0.696,193.558,735.954,0.263,2700,0.2044,0.573,42.53,Aluminum,27.87,1.8,9012.6,0
29 mm,A,5.4,5.4,18.9,21.86,20.68,7.19,798.64,809.72,spherical,type1,3.42,12.65,steel,0.706,134.797,1375.246,0.098,7800,0.348,0.47,83.27,Aluminum,7.35,35.4,6027.45,0
29 mm,A,12.69,12.69,19.98,21.31,59.36,2.53,782.4,870.03,spherical,type3,11.07,2.25,tungsten,0.56,268.219,2252.156,0.119,19300,0.4996,0.139,45.58,Titanium,15.5,15.8,6115.38,0
40 mm,A,6.25,6.25,10.29,12.82,29.79,2.07,740.96,768.64,spherical,type1,4.05,8.84,steel,0.897,846.29,1530.678,0.553,7800,0.1707,0.164,70.78,Aluminum,24.85,33.9,2824.72,0
29 mm,B,9.11,9.11,17.84,20.93,30.82,2.48,1330.95,1366.44,cylindrical,type2,4.01,12.77,aluminum,0.398,616.915,2249.871,0.274,2700,0.3114,0.378,75.92,Titanium,12.99,33.1,15801.14,1
29 mm,A,19.89,19.89,5.76,6.96,53.53,1.67,871.02,951.06,ogive,type3,9.7,9.09,tungsten,0.241,226.106,871.395,0.259,19300,0.2503,0.233,33.95,Titanium,28.23,27.9,2184.99,0
40 mm,A,15.57,15.57,8.94,10.97,42.52,5.08,1589.58,1575.11,cylindrical,type3,2.57,6.68,steel,0.22,219.373,1831.731,0.12,7800,0.1874,0.05,50.4,Titanium,28.37,28.4,11294.64,0
29 mm,C,5.76,5.76,23.65,26.8,48.28,2.98,1688.85,1636.5,cylindrical,type2,2.43,8.12,steel,0.424,902.353,2620.112,0.344,7800,0.4502,0.063,30.21,Aluminum,6.42,29.9,33727.43,1
40 mm,A,11.73,11.73,19.78,21.25,38.53,7.39,1021.65,1110.07,spherical,type1,7.61,3.05,tungsten,0.549,568.027,1682.039,0.338,19300,0.4831,0.274,60.85,Aluminum,20.41,33.6,10322.87,0
29 mm,A,7.57,7.57,9.61,11.66,77.21,5.29,880.91,887.74,ogive,type2,6.75,8.45,steel,0.255,254.708,1983.094,0.128,7800,0.2401,0.338,92.75,Aluminum,8.64,5.9,3728.69,0
29 mm,A,6.84,6.84,7.23,10.3,37.44,3.52,1150.57,1195.25,spherical,type1,9.08,2.36,aluminum,0.596,907.073,2100.659,0.432,2700,0.2389,0.409,67.7,Titanium,16.03,16.2,4785.58,0
29 mm,A,13.81,13.81,23.98,27.31,52.52,7.89,1669.73,1631.61,ogive,type2,14.92,10.37,tungsten,0.831,748.654,2271.103,0.33,19300,0.1367,0.47,76.13,Aluminum,27.45,37.9,33428.1,1
40 mm,B,12.58,12.58,7.24,9.8,71.26,7.67,1139.8,1159.23,ogive,type1,7.65,7.08,steel,0.758,529.992,1180.811,0.449,7800,0.3471,0.583,42.64,Steel,6.83,24.7,4702.9,0
40 mm,C,16.14,16.14,10.14,14.01,59.85,6.45,819.17,764.32,ogive,type2,9.49,4.49,aluminum,0.671,518.559,1955.171,0.265,2700,0.1106,0.511,57.46,Steel,28.43,6.2,3402.17,0
29 mm,C,18.38,18.38,8.65,12.43,39.37,6.54,1783.13,1786.32,spherical,type2,13.95,2.23,tungsten,0.663,705.387,1365.272,0.517,19300,0.2985,0.246,79.26,Aluminum,29.86,43.3,13751.56,0
29 mm,B,8.7,8.7,5.15,7.57,53.15,7.84,1249.64,1217.24,spherical,type3,8.28,13.99,steel,0.711,404.478,1294.685,0.312,7800,0.1611,0.344,30.5,Titanium,21.76,44.5,4021.12,0
29 mm,A,18.84,18.84,11.28,12.76,24.98,5.2,1076.61,1032.73,spherical,type2,12.15,9.23,tungsten,0.546,999.919,1530.564,0.653,19300,0.3689,0.169,29.74,Aluminum,13.91,23.1,6537.26,0
40 mm,C,12.77,12.77,24.48,27.8,52.74,7.16,1682.98,1667.82,ogive,type3,9.13,10.41,steel,0.481,806.099,1341.88,0.601,7800,0.4716,0.583,37.95,Aluminum,11.28,24.0,34668.84,1
29 mm,A,8.88,8.88,11.84,13.57,45.88,1.45,1720.14,1605.47,spherical,type2,10.28,12.13,steel,0.415,676.864,272.432,2.485,7800,0.1355,0.344,38.94,Steel,15.82,13.1,17516.58,1
40 mm,B,17.69,17.69,15.09,18.62,65.48,4.88,1246.48,1188.48,ogive,type3,14.12,10.15,tungsten,0.27,718.707,2277.586,0.316,19300,0.4111,0.187,96.99,Aluminum,9.5,23.2,11722.76,1
40 mm,B,5.53,5.53,19.92,22.68,70.87,4.52,1037.39,1076.51,spherical,type2,2.01,7.37,tungsten,0.594,996.475,1836.148,0.543,19300,0.4322,0.448,32.69,Aluminum,5.5,43.6,10718.73,1
40 mm,C,13.39,13.39,16.02,18.2,31.98,1.26,1230.9,1248.28,spherical,type3,13.71,10.16,steel,0.531,109.703,585.223,0.187,7800,0.1705,0.318,28.41,Aluminum,6.57,11.5,12136.07,1
29 mm,A,15.82,15.82,19.87,22.54,24.89,1.61,941.21,887.5,spherical,type2,8.47,5.28,aluminum,0.283,120.542,931.662,0.129,2700,0.4691,0.598,31.01,Titanium,21.59,13.7,8801.18,0
29 mm,B,9.2,9.2,18.23,20.83,43.43,1.15,1226.06,1253.45,ogive,type3,9.89,9.3,tungsten,0.388,806.525,1910.897,0.422,19300,0.3484,0.091,36.23,Titanium,5.52,40.4,13701.88,1
29 mm,B,17.95,17.95,17.17,20.94,52.05,3.06,952.37,908.46,cylindrical,type2,7.85,4.67,aluminum,0.751,288.453,1650.447,0.175,2700,0.314,0.235,49.5,Steel,12.54,17.3,7786.67,0
40 mm,B,8.6,8.6,17.99,19.63,42.61,1.37,1384.42,1420.52,cylindrical,type2,5.39,13.93,tungsten,0.379,716.65,2225.58,0.322,19300,0.3686,0.568,35.77,Aluminum,21.91,43.8,17239.99,0
40 mm,C,17.6,17.6,20.98,24.76,57.71,3.96,1535.88,1530.1,cylindrical,type2,2.86,8.62,steel,0.498,553.006,1569.849,0.352,7800,0.2152,0.304,27.02,Steel,9.37,15.7,24745.15,1
40 mm,C,6.18,6.18,19.2,20.29,50.34,6.69,1766.37,1750.11,cylindrical,type3,14.29,5.04,steel,0.313,386.803,2564.981,0.151,7800,0.1102,0.221,30.93,Titanium,13.31,0.2,29952.6,1
29 mm,B,7.4,7.4,20.84,24.15,76.2,5.3,1626.83,1622.28,cylindrical,type2,10.11,10.32,steel,0.319,308.206,416.874,0.739,7800,0.2768,0.383,83.17,Titanium,5.79,42.9,27577.32,1
29 mm,B,10.71,10.71,7.91,11.67,44.56,5.72,794.75,922.73,cylindrical,type1,13.36,3.17,tungsten,0.729,799.071,1916.927,0.417,19300,0.3973,0.415,61.61,Titanium,7.81,10.7,2498.09,0
40 mm,C,17.81,17.81,18.55,20.73,24.95,1.22,932.68,894.74,spherical,type3,5.78,7.64,aluminum,0.247,253.884,1240.341,0.205,2700,0.4675,0.101,79.67,Aluminum,10.65,31.2,8068.25,0
40 mm,B,7.17,7.17,19.74,20.96,38.12,6.88,1284.86,1296.19,spherical,type3,5.61,13.26,tungsten,0.4,242.849,1059.16,0.229,19300,0.272,0.193,34.14,Titanium,8.15,2.1,16294.04,1
40 mm,A,18.13,18.13,11.0,14.41,56.35,2.02,983.35,1022.42,cylindrical,type1,6.37,11.98,aluminum,0.887,497.739,2842.197,0.175,2700,0.2055,0.22,44.41,Steel,16.8,33.7,5318.37,0
40 mm,B,8.45,8.45,22.49,26.02,35.36,3.12,715.8,667.68,spherical,type3,5.0,11.14,steel,0.533,207.349,2618.661,0.079,7800,0.1525,0.185,98.58,Aluminum,8.17,9.9,5761.6,0
29 mm,A,11.79,11.79,11.09,13.1,36.14,4.62,1530.27,1450.56,cylindrical,type2,8.47,8.12,steel,0.624,677.361,714.405,0.948,7800,0.4742,0.261,26.85,Aluminum,12.63,36.0,12984.87,1
29 mm,A,10.29,10.29,9.88,12.44,40.37,7.51,1093.55,1063.5,spherical,type1,14.17,7.81,tungsten,0.649,992.774,360.824,2.751,19300,0.1924,0.234,55.09,Titanium,23.09,43.5,5907.51,0
29 mm,B,6.77,6.77,22.34,25.77,64.77,7.99,772.71,810.68,ogive,type2,13.39,2.15,steel,0.337,773.122,2628.314,0.294,7800,0.4644,0.452,43.66,Steel,21.35,2.0,6669.39,0
40 mm,C,19.16,19.16,9.94,11.52,76.41,6.48,1259.72,1242.62,spherical,type3,8.44,9.8,aluminum,0.459,642.911,674.032,0.954,2700,0.1735,0.379,20.59,Steel,14.57,16.6,7886.87,0
40 mm,C,11.57,11.57,13.31,16.2,41.02,6.11,1774.93,1763.37,spherical,type1,6.53,9.5,aluminum,0.48,455.175,2799.1,0.163,2700,0.1073,0.286,64.2,Steel,28.28,32.2,20965.76,0
29 mm,A,15.35,15.35,12.36,14.65,31.73,4.69,1446.39,1491.93,cylindrical,type3,9.95,2.07,aluminum,0.361,989.191,976.496,1.013,2700,0.1897,0.16,64.0,Titanium,24.68,44.8,12928.83,0
40 mm,B,13.63,13.63,22.96,24.48,45.24,5.66,874.64,834.32,spherical,type2,9.96,3.78,tungsten,0.364,891.949,1352.631,0.659,19300,0.2971,0.281,45.64,Aluminum,20.18,16.3,8782.14,0
40 mm,A,12.53,12.53,14.1,17.59,41.11,2.01,1265.73,1261.29,cylindrical,type1,10.89,2.16,steel,0.626,838.532,325.955,2.573,7800,0.2395,0.149,57.78,Steel,15.92,44.8,11294.61,0
40 mm,C,14.25,14.25,18.89,20.86,79.4,2.88,1691.89,1616.2,spherical,type2,8.96,5.29,steel,0.276,307.006,1705.088,0.18,7800,0.4631,0.574,51.36,Steel,6.5,40.5,27036.23,1
40 mm,A,18.48,18.48,20.88,24.68,47.83,7.89,759.67,775.71,spherical,type2,2.35,2.05,aluminum,0.29,211.223,728.461,0.29,2700,0.318,0.146,57.14,Aluminum,15.32,32.4,6024.91,0
29 mm,C,15.49,15.49,17.56,20.27,60.76,7.86,1401.68,1413.16,ogive,type3,2.99,7.43,aluminum,0.601,260.147,1407.013,0.185,2700,0.1471,0.522,87.84,Aluminum,18.63,17.2,17250.13,1
29 mm,C,12.99,12.99,23.87,26.41,74.83,3.26,1493.4,1533.18,ogive,type3,14.66,8.19,aluminum,0.515,332.82,2774.336,0.12,2700,0.3501,0.389,77.12,Aluminum,29.78,24.2,26617.96,0
40 mm,C,14.68,14.68,21.05,23.32,57.74,2.69,1474.41,1417.15,spherical,type1,11.7,7.68,tungsten,0.628,173.529,907.204,0.191,19300,0.2556,0.496,42.42,Steel,28.79,32.4,22880.14,0
40 mm,A,14.1,14.1,13.0,15.2,34.96,2.61,865.19,855.6,ogive,type3,14.33,4.59,tungsten,0.219,899.58,1977.773,0.455,19300,0.3716,0.539,39.16,Titanium,7.81,30.9,4865.6,0
29 mm,C,11.5,11.5,24.02,27.47,56.44,4.39,1698.01,1634.09,ogive,type2,6.41,8.81,aluminum,0.693,266.681,765.571,0.348,2700,0.4145,0.492,78.02,Titanium,29.48,13.0,34627.69,1
29 mm,C,14.37,14.37,15.49,18.52,44.11,2.57,1054.5,1042.19,cylindrical,type1,8.95,12.58,aluminum,0.795,303.949,1907.571,0.159,2700,0.4942,0.374,37.96,Steel,23.87,25.1,8612.21,0
40 mm,B,11.65,11.65,5.45,8.77,45.34,5.54,756.92,831.01,cylindrical,type3,6.19,5.79,steel,0.567,899.343,1009.632,0.891,7800,0.3307,0.197,92.61,Aluminum,22.05,37.6,1561.23,0
40 mm,C,16.36,16.36,10.2,12.46,78.76,1.52,791.54,775.5,ogive,type2,13.82,6.06,tungsten,0.789,962.329,2108.378,0.456,19300,0.2467,0.413,86.63,Steel,27.59,21.4,3195.33,0
29 mm,C,19.53,19.53,17.43,19.21,36.72,1.73,1203.34,1135.04,cylindrical,type2,5.74,9.06,tungsten,0.48,299.603,2357.743,0.127,19300,0.2734,0.053,40.2,Steel,13.13,25.5,12619.56,1
40 mm,A,19.4,19.4,8.14,9.4,48.14,2.94,743.98,709.99,cylindrical,type3,11.02,5.04,aluminum,0.255,364.766,2665.893,0.137,2700,0.261,0.258,84.12,Titanium,14.98,14.7,2252.77,0
29 mm,C,17.31,17.31,16.68,20.01,29.59,6.44,1557.51,1476.96,cylindrical,type1,4.28,6.39,steel,0.464,820.093,2772.066,0.296,7800,0.2802,0.522,35.31,Steel,26.77,7.2,20231.48,0
29 mm,C,14.03,14.03,12.23,14.48,30.71,3.26,1652.41,1587.62,ogive,type1,3.37,7.88,steel,0.512,973.237,875.645,1.111,7800,0.112,0.369,21.99,Aluminum,7.6,3.0,16696.76,1
40 mm,A,16.24,16.24,15.69,18.22,56.21,4.3,714.71,748.26,ogive,type3,4.02,7.02,aluminum,0.806,684.708,561.183,1.22,2700,0.1989,0.193,96.89,Titanium,22.73,18.3,4007.31,0
29 mm,A,7.67,7.67,5.04,7.45,65.06,5.6,1591.01,1518.7,spherical,type1,8.88,12.64,tungsten,0.434,498.326,335.848,1.484,19300,0.4951,0.541,80.91,Steel,25.25,28.4,6378.91,0
40 mm,C,12.19,12.19,21.97,24.26,58.19,6.52,1779.33,1794.95,cylindrical,type1,12.98,13.04,aluminum,0.421,707.122,2217.002,0.319,2700,0.4712,0.058,59.12,Titanium,27.13,34.2,34778.68,1
29 mm,A,8.86,8.86,12.24,15.29,39.76,3.15,733.4,734.69,ogive,type1,14.99,7.24,tungsten,0.822,802.255,723.299,1.109,19300,0.1193,0.536,87.46,Steel,10.48,3.8,3291.8,0
40 mm,B,5.05,5.05,7.8,10.63,23.58,6.12,1497.46,1470.88,spherical,type3,10.09,7.82,aluminum,0.376,201.39,2440.466,0.083,2700,0.4918,0.468,26.07,Titanium,21.98,14.3,8745.31,0
29 mm,C,19.5,19.5,13.76,17.68,48.22,3.0,1799.0,1810.37,ogive,type1,8.94,14.44,aluminum,0.65,491.769,2901.491,0.169,2700,0.4168,0.131,79.17,Titanium,7.14,36.4,22266.44,1
40 mm,B,17.96,17.96,14.72,16.14,50.26,5.51,1576.83,1529.95,ogive,type1,12.23,8.54,steel,0.429,871.572,614.301,1.419,7800,0.1011,0.085,96.51,Titanium,26.52,5.1,18299.85,0
29 mm,C,12.71,12.71,17.75,20.47,66.24,4.16,1255.89,1297.93,ogive,type2,2.83,14.91,tungsten,0.866,734.882,993.326,0.74,19300,0.4654,0.573,85.49,Aluminum,17.04,44.7,13998.18,0
40 mm,A,8.81,8.81,15.49,16.68,58.42,7.49,1673.31,1638.39,spherical,type1,12.52,11.92,tungsten,0.333,238.397,1667.381,0.143,19300,0.4841,0.087,54.53,Titanium,20.6,28.5,21685.74,1
29 mm,A,15.39,15.39,5.87,9.29,72.28,7.87,1478.73,1459.41,cylindrical,type2,11.86,5.44,tungsten,0.707,779.692,1405.538,0.555,19300,0.3515,0.586,47.7,Titanium,26.28,42.3,6417.8,0
29 mm,C,11.52,11.52,22.43,25.28,66.98,6.42,1021.7,996.43,cylindrical,type2,8.88,4.98,aluminum,0.585,700.697,1392.637,0.503,2700,0.4153,0.281,91.39,Aluminum,17.65,32.9,11707.01,0
29 mm,B,17.05,17.05,14.13,16.42,41.95,7.41,946.75,981.22,cylindrical,type2,2.3,4.07,tungsten,0.885,338.184,807.896,0.419,19300,0.233,0.244,43.32,Titanium,17.72,43.4,6332.61,0
40 mm,A,19.99,19.99,6.54,9.95,57.93,1.96,1263.8,1291.02,ogive,type2,4.63,12.48,steel,0.896,409.603,2689.802,0.152,7800,0.3289,0.408,95.0,Steel,16.62,29.9,5222.81,0
29 mm,A,10.24,10.24,20.46,22.83,64.84,5.58,1110.29,979.2,cylindrical,type3,6.81,5.99,steel,0.756,382.966,2108.45,0.182,7800,0.3926,0.323,45.59,Titanium,20.02,12.1,12610.97,0
40 mm,B,8.67,8.67,18.2,19.88,77.41,2.39,1062.41,1075.12,cylindrical,type2,14.24,10.79,aluminum,0.272,993.924,630.831,1.576,2700,0.3245,0.265,30.0,Titanium,22.93,36.0,10271.31,0
40 mm,B,9.01,9.01,17.99,20.41,45.34,2.94,895.72,808.49,ogive,type2,10.3,9.02,aluminum,0.528,265.349,212.429,1.249,2700,0.2218,0.402,38.87,Aluminum,25.13,10.2,7216.82,0
40 mm,A,6.4,6.4,13.54,14.75,58.9,4.66,1629.81,1612.74,ogive,type1,8.63,12.74,steel,0.798,846.474,2335.512,0.362,7800,0.3597,0.243,61.56,Steel,5.75,25.4,17983.02,1
40 mm,B,10.91,10.91,13.21,16.9,43.56,6.19,1475.52,1470.11,ogive,type1,8.35,11.76,aluminum,0.647,577.572,244.401,2.363,2700,0.4354,0.069,30.49,Steel,13.7,16.8,14380.14,1
29 mm,B,5.26,5.26,15.73,18.92,64.27,6.05,1064.45,1046.85,cylindrical,type1,12.14,2.83,steel,0.815,892.47,2665.166,0.335,7800,0.4344,0.504,50.4,Aluminum,15.81,36.0,8911.47,0
40 mm,B,6.72,6.72,6.01,9.29,74.72,7.09,961.43,986.47,ogive,type1,6.21,6.4,steel,0.76,983.675,1682.394,0.585,7800,0.1529,0.333,92.47,Titanium,7.47,34.2,2777.66,0
40 mm,A,9.08,9.08,10.98,14.6,75.15,4.91,840.95,876.95,spherical,type1,3.23,8.76,tungsten,0.419,964.975,2804.24,0.344,19300,0.2782,0.428,27.51,Aluminum,23.79,38.9,3882.51,0
29 mm,B,7.4,7.4,24.76,28.13,29.43,7.48,823.76,785.09,cylindrical,type1,10.8,12.45,tungsten,0.337,868.828,2361.198,0.368,19300,0.1155,0.366,69.16,Aluminum,18.07,11.1,8400.83,0
29 mm,C,15.98,15.98,18.24,20.54,32.25,7.22,1388.03,1347.54,cylindrical,type1,6.28,11.28,steel,0.426,472.215,2704.162,0.175,7800,0.3531,0.388,52.3,Steel,5.05,44.9,17570.84,1
40 mm,A,6.58,6.58,13.38,14.74,65.3,6.94,819.7,817.9,spherical,type1,6.23,9.14,tungsten,0.687,344.145,2282.69,0.151,19300,0.1969,0.17,71.8,Steel,20.78,36.2,4495.07,0
29 mm,A,17.99,17.99,9.45,11.57,57.86,2.61,1756.23,1679.04,cylindrical,type2,7.91,12.51,tungsten,0.537,387.548,1814.527,0.214,19300,0.4721,0.564,59.17,Steel,13.48,17.4,14573.52,1
40 mm,C,8.32,8.32,19.9,23.7,74.31,4.72,1007.05,983.2,cylindrical,type1,5.16,7.65,steel,0.231,687.824,684.569,1.005,7800,0.3473,0.296,90.14,Titanium,23.17,5.7,10090.79,0
29 mm,B,6.63,6.63,10.21,14.06,38.83,6.15,728.39,795.79,cylindrical,type1,13.98,2.72,steel,0.72,407.675,2237.41,0.182,7800,0.2602,0.556,52.2,Aluminum,9.49,15.7,2708.47,0
29 mm,C,5.15,5.15,8.25,11.55,70.88,7.83,1640.86,1565.54,spherical,type1,13.01,13.32,aluminum,0.231,491.4,1858.461,0.264,2700,0.3926,0.494,60.67,Aluminum,5.03,4.8,11106.24,1
40 mm,B,15.73,15.73,8.09,9.7,61.03,1.08,1104.35,1087.34,spherical,type1,14.88,8.85,aluminum,0.487,171.763,1473.043,0.117,2700,0.183,0.446,30.41,Aluminum,7.17,27.7,4933.24,0
29 mm,C,8.85,8.85,19.59,21.17,31.73,3.29,1077.26,1047.64,spherical,type1,14.54,12.51,aluminum,0.524,793.91,1764.056,0.45,2700,0.1366,0.303,59.22,Aluminum,16.01,5.1,11366.99,0
40 mm,B,12.64,12.64,17.86,21.5,27.59,3.4,830.48,930.74,cylindrical,type2,6.09,7.1,tungsten,0.552,200.322,850.318,0.236,19300,0.135,0.062,29.18,Steel,23.7,19.4,6158.99,0
40 mm,A,6.67,6.67,6.4,7.83,62.16,3.02,1426.46,1399.57,spherical,type2,6.95,9.65,steel,0.297,403.324,1332.396,0.303,7800,0.3331,0.223,66.65,Aluminum,20.1,30.0,6511.32,0
29 mm,C,19.78,19.78,7.3,10.05,29.51,6.72,1094.67,1070.68,cylindrical,type3,11.08,6.3,aluminum,0.723,631.391,547.753,1.153,2700,0.4555,0.416,54.19,Titanium,5.37,20.4,4373.8,0
29 mm,B,6.88,6.88,17.68,19.81,67.66,1.32,1605.29,1553.75,ogive,type2,2.21,7.32,steel,0.795,578.057,1347.355,0.429,7800,0.1891,0.232,82.67,Titanium,19.79,39.7,22780.29,1
40 mm,A,11.18,11.18,16.42,18.33,53.43,3.52,1393.68,1394.15,ogive,type2,14.92,3.92,steel,0.689,903.818,1507.411,0.6,7800,0.404,0.105,53.48,Aluminum,17.05,10.8,15946.64,1
40 mm,B,17.77,17.77,18.72,21.75,48.61,5.98,1667.9,1681.41,spherical,type3,2.14,11.64,steel,0.866,692.819,2601.762,0.266,7800,0.115,0.335,70.45,Steel,24.91,23.6,26038.49,1
29 mm,B,8.67,8.67,8.56,12.44,36.53,3.85,1384.82,1340.53,ogive,type1,8.91,5.64,steel,0.38,810.14,1676.104,0.483,7800,0.2413,0.135,24.72,Titanium,11.42,41.1,8207.87,0
40 mm,A,9.0,9.0,19.53,22.86,79.03,2.01,1557.21,1606.65,spherical,type3,10.69,5.92,steel,0.313,373.101,2744.832,0.136,7800,0.3615,0.218,76.8,Aluminum,22.97,15.9,23679.18,1
29 mm,C,17.13,17.13,23.72,26.18,63.33,5.28,1466.19,1479.74,spherical,type3,13.88,6.6,tungsten,0.247,219.032,2910.17,0.075,19300,0.4305,0.326,96.59,Steel,20.79,21.3,25495.6,1
29 mm,A,9.1,9.1,17.02,19.34,66.68,4.66,1208.85,1251.44,spherical,type2,10.37,7.62,steel,0.705,768.997,337.165,2.281,7800,0.4773,0.114,55.82,Aluminum,20.57,42.0,12435.82,0
40 mm,A,5.04,5.04,8.92,12.64,66.12,7.87,1457.54,1441.13,spherical,type3,9.76,9.49,tungsten,0.313,238.221,1872.002,0.127,19300,0.353,0.112,20.79,Steel,15.14,22.5,9474.93,0
29 mm,B,11.42,11.42,18.59,21.32,55.04,6.24,1429.98,1442.14,ogive,type1,5.9,10.88,aluminum,0.857,850.75,1037.854,0.82,2700,0.2851,0.166,68.29,Titanium,5.32,38.9,19006.81,1
40 mm,C,5.19,5.19,11.86,14.35,76.38,7.9,707.37,696.72,spherical,type3,9.68,10.78,aluminum,0.619,948.716,2583.712,0.367,2700,0.1243,0.375,31.61,Titanium,9.69,42.3,2967.21,0
40 mm,C,18.65,18.65,5.99,9.04,55.03,2.3,1468.5,1541.38,ogive,type2,11.75,7.51,steel,0.763,354.635,1583.418,0.224,7800,0.2103,0.563,57.44,Aluminum,26.11,11.5,6458.69,0
40 mm,C,14.63,14.63,11.05,12.76,51.2,6.33,988.38,994.19,cylindrical,type1,8.7,8.26,steel,0.504,784.905,418.639,1.875,7800,0.4692,0.181,22.6,Aluminum,20.42,35.4,5397.35,0
40 mm,A,13.75,13.75,23.11,24.3,36.42,4.86,1296.01,1296.45,spherical,type1,12.14,3.82,aluminum,0.714,493.604,802.019,0.615,2700,0.3332,0.446,55.42,Aluminum,19.45,29.4,19408.26,1
29 mm,C,8.02,8.02,13.22,16.79,36.9,5.99,822.47,799.56,cylindrical,type3,2.9,8.78,steel,0.511,369.098,2086.887,0.177,7800,0.2371,0.154,89.96,Aluminum,18.14,44.4,4471.38,0
29 mm,C,15.5,15.5,22.29,25.11,64.21,4.27,725.32,699.52,spherical,type2,6.36,13.4,steel,0.577,488.029,422.922,1.154,7800,0.1995,0.4,30.83,Titanium,6.92,26.4,5863.26,0
40 mm,B,15.16,15.16,15.17,16.66,40.09,2.49,716.63,728.52,cylindrical,type1,14.48,7.99,tungsten,0.742,682.091,1261.42,0.541,19300,0.1455,0.126,59.87,Titanium,13.69,35.7,3895.34,0
40 mm,B,5.91,5.91,15.34,17.23,63.72,1.32,874.01,914.99,cylindrical,type2,6.2,14.19,tungsten,0.367,989.261,2640.541,0.375,19300,0.4006,0.515,40.31,Aluminum,20.48,15.6,5859.06,0
29 mm,A,18.21,18.21,5.1,9.07,77.16,6.87,721.88,687.65,cylindrical,type3,10.08,4.03,tungsten,0.819,370.039,281.764,1.313,19300,0.265,0.458,40.88,Titanium,8.14,27.3,1328.83,0
40 mm,C,13.69,13.69,17.74,20.64,46.36,6.7,845.64,851.97,spherical,type2,8.76,11.58,tungsten,0.701,735.349,2149.361,0.342,19300,0.4746,0.424,71.46,Steel,28.02,35.0,6343.0,0
29 mm,C,16.89,16.89,7.16,10.07,25.84,2.14,1315.09,1324.3,ogive,type1,14.18,11.2,aluminum,0.723,401.383,2091.356,0.192,2700,0.2818,0.058,79.86,Titanium,6.82,43.5,6191.47,1
40 mm,B,8.94,8.94,14.57,15.79,59.99,5.52,1140.3,1158.22,cylindrical,type1,4.12,10.86,steel,0.367,326.255,1098.063,0.297,7800,0.4274,0.51,89.86,Steel,21.99,11.3,9472.57,0
29 mm,B,6.83,6.83,10.21,14.12,20.57,6.16,1778.82,1693.45,spherical,type1,5.89,10.62,aluminum,0.263,668.658,515.607,1.297,2700,0.1521,0.133,42.26,Steel,12.53,3.6,16153.24,1
40 mm,B,15.54,15.54,12.85,16.53,67.22,4.9,1589.56,1543.32,cylindrical,type3,13.21,2.29,steel,0.251,785.159,486.74,1.613,7800,0.1604,0.343,25.66,Aluminum,26.59,43.9,16234.05,0
29 mm,A,16.91,16.91,15.74,18.38,51.54,3.22,861.45,793.16,spherical,type3,10.66,11.65,aluminum,0.653,745.647,2913.839,0.256,2700,0.2093,0.477,55.38,Steel,25.67,27.1,5840.3,0
29 mm,B,10.79,10.79,5.29,7.22,49.38,7.17,1158.47,1160.11,ogive,type3,9.06,8.5,steel,0.305,948.327,2095.366,0.453,7800,0.1765,0.397,66.77,Aluminum,13.33,0.8,3549.73,0
40 mm,C,5.36,5.36,10.69,13.78,54.17,5.5,1174.07,1129.02,ogive,type2,7.13,8.81,steel,0.899,196.632,1252.775,0.157,7800,0.4907,0.5,79.17,Aluminum,16.55,23.4,7367.76,0
29 mm,C,17.27,17.27,24.79,28.29,50.98,6.04,1098.33,1073.52,spherical,type3,7.35,2.66,aluminum,0.873,586.597,2533.927,0.231,2700,0.4233,0.44,80.49,Steel,28.98,42.1,14952.45,0
29 mm,C,8.09,8.09,6.15,9.51,39.43,5.56,1245.15,1185.44,ogive,type2,14.15,4.45,steel,0.22,361.759,489.341,0.739,7800,0.2394,0.466,89.09,Steel,20.2,44.3,4767.48,0
40 mm,B,10.09,10.09,11.39,15.32,36.89,6.05,1436.86,1416.7,ogive,type2,10.72,13.84,tungsten,0.708,835.261,555.398,1.504,19300,0.3079,0.214,22.49,Aluminum,5.15,14.7,11757.71,1
29 mm,C,14.42,14.42,11.43,14.34,44.92,2.02,1404.98,1348.77,cylindrical,type1,14.08,6.1,steel,0.383,155.824,753.176,0.207,7800,0.3133,0.259,98.48,Steel,24.43,35.2,11281.23,0
29 mm,B,6.5,6.5,12.59,14.55,73.69,7.46,1092.81,1130.71,spherical,type2,14.64,7.12,steel,0.439,258.223,2337.975,0.11,7800,0.3429,0.326,97.35,Titanium,14.03,20.6,7517.7,0
29 mm,B,6.08,6.08,18.7,21.19,28.12,3.0,1475.55,1499.51,ogive,type2,9.11,4.46,steel,0.368,794.826,1344.908,0.591,7800,0.1414,0.372,22.84,Aluminum,11.9,17.9,20357.27,1
40 mm,B,5.39,5.39,9.95,13.4,39.49,6.86,1018.43,1025.94,ogive,type1,9.93,10.22,aluminum,0.781,419.177,1999.214,0.21,2700,0.2396,0.43,45.06,Titanium,25.8,34.1,5160.07,0
40 mm,C,18.75,18.75,14.21,16.01,31.54,7.25,1619.01,1603.91,ogive,type2,10.53,11.63,aluminum,0.826,713.62,850.863,0.839,2700,0.1344,0.356,81.24,Steel,29.19,12.1,18623.58,0
40 mm,C,9.67,9.67,17.9,19.59,45.63,5.56,1760.81,1658.93,ogive,type3,12.91,13.98,steel,0.228,998.655,2376.435,0.42,7800,0.4676,0.441,58.28,Aluminum,6.55,19.2,27749.04,1
29 mm,A,14.91,14.91,11.45,14.62,28.01,5.19,1024.21,1001.3,ogive,type2,10.57,9.31,tungsten,0.389,513.864,2444.663,0.21,19300,0.2614,0.133,20.37,Steel,14.76,11.1,6005.56,0
29 mm,A,19.84,19.84,23.98,26.31,65.65,1.76,1563.16,1525.09,ogive,type2,3.49,5.58,steel,0.514,579.686,1357.122,0.427,7800,0.3908,0.267,48.38,Steel,11.99,6.4,29297.2,1
29 mm,B,15.04,15.04,24.59,28.04,26.21,4.05,1594.77,1607.13,spherical,type1,14.25,2.92,aluminum,0.565,977.795,785.99,1.244,2700,0.4683,0.552,66.32,Titanium,27.44,17.1,31269.77,1
40 mm,B,12.88,12.88,7.39,8.82,59.92,5.28,1239.84,1270.83,cylindrical,type1,10.59,5.46,tungsten,0.261,771.754,1964.141,0.393,19300,0.2238,0.169,90.37,Aluminum,26.69,43.2,5679.97,0
29 mm,C,12.81,12.81,11.88,13.89,36.06,1.57,796.52,812.75,spherical,type1,13.31,10.04,aluminum,0.781,277.081,917.179,0.302,2700,0.1351,0.129,86.34,Titanium,27.53,18.8,3768.6,0
29 mm,B,10.65,10.65,9.16,10.96,48.33,1.78,1564.8,1627.95,spherical,type1,7.52,14.66,steel,0.854,823.87,615.221,1.339,7800,0.2345,0.46,95.71,Titanium,6.07,30.7,11214.58,1
40 mm,B,14.0,14.0,8.74,11.83,32.0,7.95,1148.23,1119.81,ogive,type3,8.17,3.03,aluminum,0.482,564.273,1924.233,0.293,2700,0.3684,0.157,57.43,Steel,6.25,12.8,5761.55,1
40 mm,C,19.38,19.38,14.82,18.1,63.81,3.33,928.88,898.39,ogive,type3,10.96,7.05,aluminum,0.8,808.632,1636.145,0.494,2700,0.2999,0.302,83.86,Aluminum,18.79,38.9,6393.48,0
40 mm,B,16.82,16.82,16.28,18.65,76.9,3.45,1389.32,1441.21,cylindrical,type2,12.09,10.67,aluminum,0.673,638.697,2393.68,0.267,2700,0.13,0.442,28.06,Titanium,9.17,28.1,15711.91,1
29 mm,B,11.36,11.36,13.51,15.94,33.3,2.76,1180.63,1188.94,ogive,type2,3.02,9.47,aluminum,0.614,304.598,1018.467,0.299,2700,0.1281,0.317,61.48,Steel,7.82,42.8,9415.71,1
40 mm,B,9.99,9.99,10.45,11.85,77.19,5.52,796.33,783.98,spherical,type2,7.3,10.47,tungsten,0.773,832.996,830.847,1.003,19300,0.3798,0.546,93.33,Titanium,11.51,14.7,3313.39,0
40 mm,B,18.25,18.25,10.57,13.68,39.52,4.31,1782.04,1874.37,spherical,type2,12.01,8.02,steel,0.531,101.824,1993.464,0.051,7800,0.3946,0.533,87.11,Titanium,22.74,24.2,16783.4,0
29 mm,C,7.04,7.04,24.84,28.82,53.47,6.53,969.13,998.02,ogive,type2,14.9,5.47,tungsten,0.583,899.227,2162.968,0.416,19300,0.1438,0.327,72.45,Steel,21.79,8.6,11665.02,0
40 mm,C,17.74,17.74,23.47,26.8,62.1,4.59,1262.06,1252.53,cylindrical,type2,2.15,8.28,tungsten,0.392,836.748,1357.418,0.616,19300,0.4179,0.578,31.94,Steel,24.63,6.1,18691.45,0
40 mm,B,8.83,8.83,6.52,8.19,31.96,1.11,1434.02,1399.72,cylindrical,type3,5.44,6.96,tungsten,0.699,973.126,1438.607,0.676,19300,0.2382,0.21,34.57,Aluminum,6.57,26.3,6703.91,1
29 mm,B,15.73,15.73,18.13,21.0,46.69,4.38,826.6,892.93,cylindrical,type2,8.04,11.22,aluminum,0.311,131.984,545.926,0.242,2700,0.1273,0.179,74.29,Aluminum,24.16,36.2,6193.82,0
40 mm,B,17.09,17.09,14.14,16.02,24.07,1.39,1513.35,1523.7,spherical,type2,4.9,4.23,steel,0.37,493.871,1514.374,0.326,7800,0.2335,0.419,46.05,Aluminum,17.27,9.0,16191.91,1
40 mm,A,12.15,12.15,18.78,19.87,61.82,6.79,1413.12,1414.35,ogive,type2,2.35,8.45,aluminum,0.536,252.218,2891.718,0.087,2700,0.3922,0.365,46.36,Steel,12.82,31.6,18750.97,1
40 mm,B,7.88,7.88,16.94,18.48,45.0,1.8,1243.13,1276.94,ogive,type1,9.01,14.47,tungsten,0.47,436.591,518.354,0.842,19300,0.3623,0.188,87.81,Steel,20.26,30.2,13089.3,0
40 mm,A,17.67,17.67,22.79,24.1,73.5,2.52,1281.16,1325.16,ogive,type1,10.44,8.91,tungsten,0.368,423.812,1790.31,0.237,19300,0.2926,0.254,21.64,Titanium,24.99,21.7,18703.42,0
40 mm,A,10.51,10.51,6.34,7.93,36.44,4.22,1750.27,1777.76,cylindrical,type1,7.41,5.08,aluminum,0.334,637.805,251.494,2.536,2700,0.2119,0.178,51.4,Titanium,7.6,34.5,9711.12,1
40 mm,A,9.81,9.81,11.99,15.38,75.42,2.37,1701.99,1746.19,cylindrical,type2,6.81,14.17,aluminum,0.803,493.687,1111.047,0.444,2700,0.2672,0.18,39.06,Titanium,25.18,26.7,17366.14,0
29 mm,B,12.65,12.65,24.71,26.59,28.46,4.77,823.18,845.75,ogive,type3,14.81,5.17,aluminum,0.614,969.016,2331.204,0.416,2700,0.2526,0.252,22.17,Aluminum,19.24,42.6,8372.06,0
40 mm,A,11.53,11.53,8.65,11.92,56.42,4.22,1105.63,1133.37,cylindrical,type3,8.21,11.77,tungsten,0.464,349.996,1788.052,0.196,19300,0.256,0.558,37.33,Aluminum,20.5,34.4,5286.96,0
40 mm,B,15.25,15.25,7.55,11.4,38.47,7.67,1268.45,1231.87,cylindrical,type3,12.37,3.42,steel,0.792,476.875,427.171,1.116,7800,0.2959,0.509,34.74,Steel,26.97,39.9,6073.84,0
40 mm,B,7.06,7.06,19.58,22.3,30.91,1.62,1711.97,1802.49,spherical,type1,5.73,13.08,tungsten,0.778,730.589,1465.128,0.499,19300,0.2821,0.332,60.36,Aluminum,22.75,16.3,28692.94,1
29 mm,B,11.54,11.54,20.55,23.01,25.64,5.04,1598.22,1536.54,cylindrical,type3,12.79,4.35,aluminum,0.278,348.889,421.412,0.828,2700,0.141,0.313,54.82,Aluminum,19.59,36.5,26245.51,1
29 mm,C,18.38,18.38,18.45,21.7,59.34,6.04,1125.13,1140.6,cylindrical,type3,12.71,7.12,tungsten,0.597,751.43,1245.882,0.603,19300,0.2161,0.067,57.74,Titanium,13.4,44.6,11678.09,0
40 mm,B,5.54,5.54,20.52,21.81,33.99,1.89,1674.83,1607.99,cylindrical,type2,5.48,14.55,aluminum,0.414,737.841,2353.072,0.314,2700,0.1516,0.304,90.23,Titanium,17.76,7.4,28779.87,1
40 mm,C,11.86,11.86,18.87,21.15,54.37,5.46,1115.97,1111.06,spherical,type1,10.53,9.53,tungsten,0.579,741.014,923.099,0.803,19300,0.3408,0.393,59.55,Steel,25.91,23.0,11750.25,0
40 mm,C,14.91,14.91,7.72,10.22,78.77,7.05,998.31,969.75,spherical,type2,10.87,5.43,tungsten,0.703,707.569,1469.49,0.482,19300,0.2691,0.478,71.12,Titanium,29.89,38.8,3846.96,0
29 mm,A,18.32,18.32,17.16,20.65,38.96,6.51,1370.88,1377.67,ogive,type3,7.75,2.01,aluminum,0.206,835.714,1600.95,0.522,2700,0.3688,0.246,71.8,Steel,23.9,17.8,16124.5,0
29 mm,A,13.91,13.91,20.54,23.98,22.1,7.55,1091.49,1108.58,cylindrical,type3,12.06,2.09,steel,0.559,995.439,2589.172,0.384,7800,0.135,0.556,61.35,Steel,24.75,22.9,12235.17,0
40 mm,B,17.37,17.37,22.31,25.85,28.57,6.04,1384.65,1336.83,cylindrical,type2,5.99,5.57,steel,0.404,149.803,540.209,0.277,7800,0.238,0.512,44.38,Titanium,22.49,33.6,21386.99,1
29 mm,C,8.34,8.34,9.92,13.01,27.16,3.76,1150.65,1149.18,cylindrical,type2,8.3,8.85,steel,0.574,547.432,1741.172,0.314,7800,0.1721,0.095,92.25,Steel,24.17,37.1,6567.02,0
40 mm,A,10.29,10.29,7.55,10.14,47.8,7.44,1575.35,1645.03,cylindrical,type2,14.87,8.3,tungsten,0.277,831.773,286.212,2.906,19300,0.1368,0.547,55.05,Titanium,11.08,9.0,9368.52,0
29 mm,A,19.13,19.13,20.62,24.1,64.68,2.58,1749.74,1684.13,ogive,type1,4.32,13.98,aluminum,0.772,100.042,461.344,0.217,2700,0.4094,0.173,65.69,Steel,15.6,17.6,31564.99,1
29 mm,C,18.29,18.29,10.13,13.75,37.79,5.09,997.34,954.64,spherical,type2,3.92,11.93,steel,0.581,590.638,818.024,0.722,7800,0.1524,0.558,64.73,Steel,18.9,17.8,5038.09,0
40 mm,C,13.37,13.37,5.64,8.08,28.75,6.36,1261.01,1304.05,ogive,type1,3.85,14.02,tungsten,0.348,693.818,2215.2,0.313,19300,0.17,0.397,86.21,Titanium,18.74,6.9,4484.21,0
29 mm,A,12.13,12.13,21.5,25.46,58.45,7.11,1496.88,1500.76,spherical,type3,14.98,8.65,steel,0.739,272.568,315.105,0.865,7800,0.2467,0.277,62.77,Steel,19.93,4.1,24086.98,1
40 mm,B,11.77,11.77,15.12,18.74,38.07,7.42,874.37,881.93,cylindrical,type3,4.08,7.81,tungsten,0.226,460.738,2846.194,0.162,19300,0.2171,0.29,56.55,Aluminum,29.34,33.5,5779.79,0
40 mm,B,5.88,5.88,11.53,14.06,54.51,1.59,1575.5,1626.62,cylindrical,type2,4.47,9.36,tungsten,0.615,810.506,1397.47,0.58,19300,0.4679,0.36,56.8,Titanium,26.38,38.3,14309.88,0
40 mm,A,18.39,18.39,5.23,6.44,76.03,6.08,1341.27,1301.57,ogive,type2,11.03,6.84,steel,0.551,160.014,2548.225,0.063,7800,0.4955,0.514,82.4,Aluminum,25.7,42.8,4704.4,0
29 mm,A,17.27,17.27,5.71,7.38,37.48,2.43,864.71,838.74,spherical,type3,11.87,4.74,tungsten,0.228,221.38,821.252,0.27,19300,0.269,0.51,46.4,Steel,25.76,43.0,2134.75,0
29 mm,B,11.84,11.84,20.85,24.18,50.75,6.45,1655.05,1622.92,cylindrical,type2,8.85,12.88,tungsten,0.375,836.263,1145.87,0.73,19300,0.1805,0.278,94.79,Titanium,24.83,44.8,28556.06,1
40 mm,B,9.19,9.19,14.79,16.12,68.41,5.9,1169.37,1151.96,spherical,type3,14.77,10.85,steel,0.254,828.285,2235.644,0.37,7800,0.2992,0.517,87.73,Aluminum,21.98,3.7,10112.12,0
29 mm,A,10.14,10.14,7.99,10.4,61.5,2.27,894.28,961.26,spherical,type2,2.51,6.23,steel,0.713,631.363,1261.752,0.5,7800,0.2983,0.31,31.07,Titanium,11.41,17.9,3194.95,0
29 mm,B,6.85,6.85,12.17,14.98,65.09,6.83,914.94,829.89,ogive,type1,10.07,7.8,tungsten,0.694,474.568,1620.966,0.293,19300,0.2864,0.28,45.38,Titanium,26.39,3.7,5093.85,0
29 mm,A,15.83,15.83,8.31,11.95,66.35,4.23,1564.06,1504.35,ogive,type1,9.88,4.93,aluminum,0.263,195.087,2465.906,0.079,2700,0.1081,0.184,92.45,Titanium,11.99,30.5,10164.31,0
40 mm,C,13.35,13.35,7.26,10.8,52.39,4.81,1729.29,1661.01,cylindrical,type1,6.18,9.32,aluminum,0.276,830.294,2023.066,0.41,2700,0.1514,0.505,42.27,Aluminum,23.12,43.8,10855.31,0
29 mm,A,8.51,8.51,10.53,13.82,52.16,7.8,1116.07,1186.15,cylindrical,type2,13.69,6.66,tungsten,0.816,317.571,2540.453,0.125,19300,0.1564,0.391,45.41,Titanium,7.77,1.7,6558.15,0
29 mm,A,14.35,14.35,15.99,18.21,63.13,5.6,786.71,755.99,cylindrical,type2,9.19,13.38,tungsten,0.341,921.872,442.161,2.085,19300,0.2407,0.287,37.4,Aluminum,18.68,23.7,4948.21,0
40 mm,A,19.69,19.69,9.2,10.63,61.86,5.12,810.91,794.58,spherical,type2,5.2,8.87,steel,0.413,798.254,1902.597,0.42,7800,0.3323,0.414,24.35,Titanium,12.97,24.0,3024.85,0
29 mm,C,6.84,6.84,11.87,14.88,60.2,1.12,1419.93,1339.2,cylindrical,type1,3.15,7.35,aluminum,0.679,172.842,1883.372,0.092,2700,0.4511,0.524,58.28,Titanium,22.61,7.3,11966.15,0
40 mm,C,11.88,11.88,14.56,16.1,42.93,2.39,1107.83,1094.71,spherical,type3,3.39,11.75,tungsten,0.243,671.944,1899.876,0.354,19300,0.1893,0.159,80.39,Steel,26.38,37.5,8934.65,0
40 mm,B,12.41,12.41,13.4,16.08,69.71,1.19,1168.74,1212.07,ogive,type2,13.67,13.77,aluminum,0.863,928.563,1848.669,0.502,2700,0.4085,0.266,72.8,Titanium,5.39,17.8,9151.89,1
40 mm,A,7.5,7.5,7.57,11.51,34.17,3.33,1070.75,1083.4,cylindrical,type3,5.25,12.63,tungsten,0.216,891.251,2226.747,0.4,19300,0.1905,0.259,22.21,Steel,7.86,18.9,4339.52,0
40 mm,C,12.97,12.97,5.78,8.43,29.34,3.41,1212.09,1206.7,spherical,type2,13.79,8.43,tungsten,0.794,652.018,2563.302,0.254,19300,0.113,0.092,61.87,Titanium,28.14,43.3,4245.88,0
29 mm,B,14.09,14.09,5.71,8.65,40.71,4.71,1407.9,1329.66,cylindrical,type2,3.56,6.63,aluminum,0.453,254.763,842.874,0.302,2700,0.3599,0.234,46.42,Titanium,10.98,11.1,5659.13,0
29 mm,C,7.36,7.36,12.0,15.03,35.23,5.83,1295.25,1278.85,ogive,type2,14.79,10.61,tungsten,0.305,712.218,492.779,1.445,19300,0.1859,0.469,71.34,Aluminum,23.27,17.3,10066.04,0
29 mm,B,7.32,7.32,19.38,22.87,59.79,2.26,880.67,888.02,spherical,type1,12.83,12.62,tungsten,0.464,699.528,407.131,1.718,19300,0.4679,0.189,52.41,Steel,25.31,34.7,7515.37,0
29 mm,C,17.85,17.85,7.63,9.93,33.86,5.21,1240.42,1190.83,ogive,type1,3.51,14.72,aluminum,0.881,629.861,643.598,0.979,2700,0.4734,0.496,98.44,Titanium,23.51,21.6,5869.92,0
40 mm,C,9.67,9.67,20.74,23.23,59.39,7.42,1206.67,1239.41,cylindrical,type2,3.12,7.94,steel,0.57,339.169,2036.668,0.167,7800,0.142,0.575,86.28,Titanium,5.8,27.2,15099.26,1
40 mm,A,14.46,14.46,19.31,20.84,50.79,2.3,1300.31,1344.56,cylindrical,type3,12.44,10.69,steel,0.241,910.267,1366.195,0.666,7800,0.1779,0.173,76.03,Aluminum,23.39,21.5,16324.73,0
40 mm,C,14.4,14.4,5.08,7.92,29.15,5.61,821.74,795.31,ogive,type1,3.01,5.81,aluminum,0.859,552.319,1178.571,0.469,2700,0.1842,0.275,61.25,Titanium,29.04,12.7,1715.15,0
40 mm,A,17.59,17.59,5.53,7.42,35.5,1.32,868.88,905.17,cylindrical,type2,5.41,3.14,steel,0.3,367.404,2747.863,0.134,7800,0.4646,0.122,67.29,Steel,14.22,7.3,2087.44,0
40 mm,B,16.1,16.1,8.9,11.42,51.3,4.72,1283.27,1277.78,spherical,type3,12.42,5.29,steel,0.238,329.7,2720.492,0.121,7800,0.1312,0.431,55.37,Aluminum,22.76,38.3,7328.18,0
29 mm,A,17.61,17.61,6.12,9.42,63.99,6.19,1002.98,1060.34,ogive,type3,13.8,2.19,tungsten,0.232,352.916,1708.896,0.207,19300,0.4005,0.315,83.57,Steel,11.91,12.4,3078.26,0
29 mm,C,14.38,14.38,15.63,16.68,43.9,1.24,1391.93,1493.64,spherical,type2,11.98,8.62,steel,0.778,514.985,1483.801,0.347,7800,0.2151,0.374,92.66,Steel,29.94,44.9,15141.32,0
40 mm,A,11.74,11.74,5.79,8.48,33.97,3.34,1110.03,1055.35,cylindrical,type1,13.57,6.85,tungsten,0.307,307.766,957.234,0.322,19300,0.333,0.478,99.93,Aluminum,10.21,0.5,3567.12,0
29 mm,B,10.9,10.9,21.05,22.57,37.7,7.15,942.81,981.28,ogive,type1,9.28,10.82,aluminum,0.325,565.673,1487.726,0.38,2700,0.1709,0.477,67.91,Aluminum,12.64,39.7,9355.57,0
40 mm,B,10.69,10.69,14.86,16.7,25.71,2.58,1422.03,1487.28,cylindrical,type2,12.13,10.0,steel,0.861,272.821,1350.574,0.202,7800,0.4226,0.334,74.55,Steel,9.2,42.6,15024.72,1
40 mm,C,11.28,11.28,19.56,20.66,21.51,6.06,1133.3,1084.77,ogive,type3,6.47,4.18,tungsten,0.628,343.857,219.465,1.567,19300,0.3683,0.535,51.99,Aluminum,28.88,2.6,12561.13,0
40 mm,C,6.94,6.94,20.01,21.52,78.39,5.29,873.37,844.61,cylindrical,type1,12.21,10.76,aluminum,0.4,207.699,2324.015,0.089,2700,0.1085,0.563,20.68,Titanium,19.29,28.2,7631.57,0
40 mm,A,11.36,11.36,15.14,19.1,25.78,2.15,1589.69,1560.37,spherical,type3,10.84,4.44,tungsten,0.611,421.655,1428.005,0.295,19300,0.1949,0.397,76.26,Steel,11.17,35.2,19130.26,1
40 mm,C,10.84,10.84,23.51,27.51,27.49,6.19,1174.93,1168.29,spherical,type3,9.47,2.08,tungsten,0.37,465.373,823.978,0.565,19300,0.2865,0.071,94.72,Steel,8.36,27.7,16227.31,1
40 mm,A,5.52,5.52,24.8,27.96,72.26,4.72,1706.58,1688.76,cylindrical,type1,14.9,14.61,aluminum,0.546,463.346,2065.533,0.224,2700,0.3125,0.477,88.77,Titanium,26.87,39.6,36113.95,1
40 mm,B,9.13,9.13,12.18,15.02,59.81,1.78,912.74,902.83,spherical,type2,8.11,2.35,aluminum,0.434,752.399,1453.471,0.518,2700,0.4309,0.541,90.29,Aluminum,6.57,6.0,5073.54,0
29 mm,B,16.28,16.28,7.52,10.85,46.16,7.65,1663.99,1705.89,cylindrical,type1,10.05,6.44,aluminum,0.636,535.025,1078.444,0.496,2700,0.2548,0.356,52.17,Steel,21.08,42.7,10410.92,0
29 mm,B,13.67,13.67,12.26,15.95,58.94,4.44,1597.5,1502.71,cylindrical,type3,8.63,10.29,steel,0.731,723.705,846.27,0.855,7800,0.4707,0.435,77.08,Titanium,20.25,24.8,15643.8,0
40 mm,C,17.09,17.09,9.47,12.03,76.1,6.22,814.31,765.62,ogive,type2,5.39,6.81,aluminum,0.444,129.826,365.597,0.355,2700,0.1776,0.246,71.07,Aluminum,24.29,15.5,3139.78,0
40 mm,C,13.14,13.14,15.62,16.73,25.96,2.52,1284.85,1318.35,spherical,type1,6.29,6.96,tungsten,0.301,492.93,1608.462,0.306,19300,0.4431,0.326,63.27,Steel,22.05,23.6,12893.06,0
40 mm,B,17.81,17.81,12.57,15.7,34.62,1.96,1419.05,1446.69,ogive,type1,14.72,11.4,steel,0.449,180.818,1251.244,0.145,7800,0.4617,0.489,32.13,Steel,25.91,15.3,12656.12,0
40 mm,C,16.94,16.94,14.61,18.56,71.62,6.19,1245.03,1192.1,cylindrical,type2,7.1,9.83,tungsten,0.731,515.892,312.922,1.649,19300,0.3507,0.532,66.04,Aluminum,5.95,20.5,11323.48,1
40 mm,A,6.47,6.47,20.26,22.03,66.84,5.72,1129.29,1157.28,cylindrical,type1,10.83,8.74,steel,0.751,653.68,2474.739,0.264,7800,0.487,0.113,43.89,Steel,15.76,7.0,12918.75,0
40 mm,A,19.66,19.66,10.48,12.87,79.66,2.92,1738.23,1804.57,cylindrical,type1,9.37,13.52,tungsten,0.75,817.065,2463.196,0.332,19300,0.2642,0.059,76.29,Titanium,7.02,38.0,15832.36,1
40 mm,B,5.22,5.22,15.75,17.83,38.83,6.22,1470.9,1468.45,spherical,type1,13.57,3.41,tungsten,0.882,595.197,1572.072,0.379,19300,0.3797,0.255,95.59,Aluminum,15.13,17.5,17037.93,1
29 mm,B,13.95,13.95,11.7,13.87,76.69,4.53,1762.46,1712.06,ogive,type2,11.85,8.11,steel,0.777,441.552,2548.921,0.173,7800,0.104,0.265,78.21,Steel,19.02,21.0,18171.65,1
29 mm,C,16.89,16.89,20.7,23.86,40.62,3.44,1630.85,1674.6,spherical,type3,3.05,5.11,aluminum,0.878,338.016,1546.815,0.219,2700,0.2099,0.475,40.76,Aluminum,19.84,40.9,27527.6,1
29 mm,C,9.98,9.98,17.79,19.93,62.91,6.51,1598.84,1684.99,spherical,type2,6.62,2.48,steel,0.639,961.699,672.928,1.429,7800,0.3265,0.055,57.22,Aluminum,28.12,40.8,22738.19,0
29 mm,A,13.98,13.98,5.17,8.99,72.96,5.32,1498.2,1453.89,ogive,type1,11.25,14.73,steel,0.361,278.457,1649.275,0.169,7800,0.4504,0.47,65.19,Steel,28.04,35.5,5802.3,0
40 mm,A,10.43,10.43,18.2,21.57,30.25,4.55,1410.69,1412.65,cylindrical,type2,4.1,11.54,steel,0.626,138.175,1075.187,0.129,7800,0.4812,0.345,78.09,Steel,12.74,1.4,18109.42,1
29 mm,C,5.91,5.91,8.4,9.48,32.34,6.41,1675.55,1730.06,ogive,type3,8.54,4.81,steel,0.338,213.291,1466.621,0.145,7800,0.3318,0.434,31.83,Steel,22.48,40.8,11791.36,0
29 mm,B,5.13,5.13,19.49,22.95,54.86,4.81,1374.75,1380.52,cylindrical,type1,6.13,7.23,tungsten,0.26,997.755,2917.876,0.342,19300,0.4423,0.33,62.05,Titanium,22.82,8.5,18417.44,0
29 mm,A,6.42,6.42,16.35,19.67,70.63,7.57,782.82,695.46,spherical,type1,2.84,4.94,steel,0.411,915.508,1195.486,0.766,7800,0.4197,0.485,88.81,Steel,28.93,19.7,5009.7,0
40 mm,C,6.48,6.48,13.03,15.58,24.74,6.73,1340.82,1362.99,spherical,type1,14.96,10.9,aluminum,0.454,388.232,804.492,0.483,2700,0.4095,0.29,22.21,Aluminum,7.1,40.6,11712.66,1
40 mm,B,14.16,14.16,18.88,21.37,71.05,3.51,813.12,764.18,cylindrical,type3,14.08,6.56,tungsten,0.696,103.464,559.944,0.185,19300,0.1446,0.24,78.21,Steel,20.43,4.3,6241.39,0
29 mm,C,12.89,12.89,22.13,25.64,40.59,4.25,1744.23,1680.69,spherical,type1,11.72,13.96,steel,0.454,790.485,2674.998,0.296,7800,0.2915,0.4,90.43,Titanium,15.18,6.0,33663.47,1
40 mm,C,11.83,11.83,20.57,22.84,44.37,7.7,1411.34,1324.95,ogive,type2,4.61,4.7,aluminum,0.202,370.483,241.828,1.532,2700,0.2945,0.294,83.66,Titanium,13.68,25.9,20486.49,1
40 mm,C,15.38,15.38,15.91,17.39,40.39,7.27,1311.21,1370.73,spherical,type3,14.85,6.55,steel,0.842,119.934,2740.87,0.044,7800,0.415,0.217,94.55,Titanium,20.44,21.0,13676.81,0
40 mm,B,5.25,5.25,19.45,21.39,74.69,2.34,917.6,875.86,ogive,type2,10.2,14.11,tungsten,0.613,510.944,372.962,1.37,19300,0.3344,0.552,82.62,Steel,11.99,17.5,8188.35,0
40 mm,C,9.06,9.06,13.28,15.08,27.85,2.92,1267.34,1284.01,spherical,type2,14.56,13.5,steel,0.348,481.74,2307.446,0.209,7800,0.4279,0.448,61.44,Aluminum,5.9,36.4,10664.84,1
40 mm,C,16.66,16.66,20.78,23.82,54.46,3.55,1076.78,1105.73,spherical,type1,2.55,5.81,aluminum,0.377,425.583,1022.223,0.416,2700,0.4826,0.158,58.15,Aluminum,24.44,40.3,12046.74,0
29 mm,A,18.65,18.65,21.58,23.12,28.89,7.16,1442.92,1451.01,spherical,type1,4.26,8.28,tungsten,0.287,688.031,899.741,0.765,19300,0.3219,0.457,22.55,Titanium,7.17,44.6,22464.98,1
40 mm,A,11.58,11.58,7.75,10.68,75.72,7.49,1364.85,1379.68,spherical,type1,10.8,13.49,steel,0.835,753.413,703.819,1.07,7800,0.4167,0.189,21.49,Aluminum,13.2,5.5,7218.41,0
29 mm,A,6.22,6.22,9.76,12.16,67.88,6.62,1249.24,1268.29,cylindrical,type3,13.79,10.72,aluminum,0.361,603.265,576.642,1.046,2700,0.3242,0.287,71.16,Steel,19.87,30.4,7615.73,0
29 mm,B,16.98,16.98,10.4,13.92,34.03,2.93,978.02,984.92,spherical,type1,4.29,10.28,tungsten,0.858,112.588,385.457,0.292,19300,0.3503,0.17,42.03,Steel,20.59,39.2,4973.92,0
40 mm,B,18.28,18.28,8.32,10.77,37.87,7.21,1278.32,1240.31,cylindrical,type1,6.12,10.59,steel,0.385,120.174,634.125,0.19,7800,0.2904,0.112,44.57,Titanium,21.66,10.8,6797.86,0
40 mm,A,11.2,11.2,12.85,16.64,42.89,1.23,1207.87,1165.4,cylindrical,type3,9.65,13.97,aluminum,0.759,893.569,1847.736,0.484,2700,0.4838,0.269,84.57,Titanium,29.86,21.6,9373.75,0
40 mm,B,8.65,8.65,8.86,12.56,44.33,3.96,1636.39,1631.14,spherical,type2,15.0,8.72,steel,0.207,267.798,1795.1,0.149,7800,0.427,0.355,28.9,Titanium,15.03,0.3,11862.53,0
29 mm,A,5.66,5.66,16.91,18.47,69.04,3.64,1683.77,1677.46,spherical,type2,12.4,4.36,steel,0.538,458.258,987.009,0.464,7800,0.4008,0.216,42.71,Steel,8.44,6.1,23970.61,1
29 mm,B,13.87,13.87,7.03,10.09,53.87,4.75,1535.17,1556.64,spherical,type3,14.01,8.15,tungsten,0.458,193.175,2103.669,0.092,19300,0.2318,0.091,74.8,Titanium,8.45,5.7,8283.97,1
29 mm,B,18.65,18.65,10.4,12.04,45.68,4.92,1051.6,1106.68,spherical,type2,10.78,11.48,aluminum,0.434,306.371,2354.961,0.13,2700,0.2942,0.187,22.45,Steel,17.76,31.8,5750.49,0
40 mm,B,15.17,15.17,18.31,21.78,63.17,2.58,741.9,759.1,spherical,type3,13.41,8.4,steel,0.895,536.818,2944.49,0.182,7800,0.4452,0.185,61.58,Aluminum,14.59,28.0,5039.05,0
40 mm,B,9.76,9.76,12.97,15.88,47.47,2.43,1717.87,1677.33,spherical,type2,8.59,6.07,aluminum,0.705,311.992,1431.354,0.218,2700,0.4746,0.375,26.84,Steel,27.83,1.7,19137.74,0
40 mm,B,14.64,14.64,13.43,15.31,27.69,6.62,1791.21,1682.15,cylindrical,type3,3.61,10.66,steel,0.379,693.174,1248.849,0.555,7800,0.499,0.205,80.93,Steel,17.77,26.8,21544.63,1
40 mm,C,17.48,17.48,20.96,22.71,26.45,1.53,839.72,801.27,spherical,type3,11.22,7.85,steel,0.727,430.578,2924.89,0.147,7800,0.3938,0.344,70.77,Titanium,16.3,3.1,7389.76,0
29 mm,C,12.14,12.14,24.69,26.98,39.56,4.45,1454.18,1386.96,spherical,type2,9.82,14.52,steel,0.291,809.62,2838.027,0.285,7800,0.3923,0.309,68.68,Titanium,26.56,9.1,26105.22,1
29 mm,C,17.3,17.3,16.3,19.7,56.17,2.34,1167.66,1131.14,cylindrical,type1,8.31,6.58,aluminum,0.848,641.755,2795.454,0.23,2700,0.1376,0.196,37.7,Titanium,24.9,40.6,11111.95,0
29 mm,B,10.88,10.88,6.58,9.97,28.09,3.24,863.37,875.48,cylindrical,type3,5.57,11.33,aluminum,0.498,328.569,1904.6,0.173,2700,0.4006,0.458,77.98,Aluminum,22.85,20.1,2452.39,0
29 mm,B,10.23,10.23,7.06,8.16,53.01,2.94,1797.91,1802.13,spherical,type1,12.19,9.22,tungsten,0.333,827.545,1929.649,0.429,19300,0.2387,0.417,44.13,Aluminum,18.18,35.2,11410.66,0
29 mm,A,13.74,13.74,24.37,26.28,36.18,5.96,1726.55,1819.46,spherical,type1,12.67,3.01,aluminum,0.391,938.878,2798.345,0.336,2700,0.4458,0.424,65.67,Titanium,10.87,14.1,36323.18,1
29 mm,B,11.97,11.97,18.58,20.85,61.72,4.19,1780.87,1805.02,cylindrical,type2,6.73,8.11,aluminum,0.309,208.04,1543.493,0.135,2700,0.1045,0.288,27.36,Aluminum,19.19,5.0,29463.22,1
29 mm,A,19.66,19.66,20.05,22.81,21.7,3.1,858.29,953.75,spherical,type3,14.06,2.38,tungsten,0.851,702.697,797.731,0.881,19300,0.4738,0.224,27.69,Titanium,7.89,40.0,7385.03,1
40 mm,B,12.75,12.75,18.52,19.97,48.14,6.82,1241.12,1276.88,cylindrical,type1,6.81,12.27,tungsten,0.414,667.716,2958.724,0.226,19300,0.2936,0.375,35.52,Titanium,18.42,7.4,14263.91,0
29 mm,A,10.78,10.78,8.59,10.6,23.14,1.6,1685.35,1739.64,ogive,type3,3.4,11.55,aluminum,0.3,702.741,2557.795,0.275,2700,0.1512,0.577,37.28,Aluminum,26.29,15.7,12199.54,0
29 mm,B,10.92,10.92,13.97,17.63,39.83,6.36,1442.67,1424.72,cylindrical,type3,4.16,2.66,aluminum,0.769,128.067,356.951,0.359,2700,0.3404,0.289,30.11,Aluminum,17.88,31.6,14537.86,0
29 mm,C,13.22,13.22,20.96,23.39,20.93,2.74,1178.06,1124.33,spherical,type3,8.43,8.5,steel,0.349,125.313,514.902,0.243,7800,0.3768,0.416,29.46,Titanium,6.71,26.6,14544.41,1
29 mm,C,10.32,10.32,22.33,25.56,48.15,7.43,1268.36,1245.91,ogive,type2,3.04,14.5,steel,0.266,365.33,2669.929,0.137,7800,0.4119,0.293,90.32,Aluminum,5.78,41.8,17961.55,1
40 mm,B,15.84,15.84,9.75,12.2,66.02,1.04,742.46,741.87,spherical,type1,11.34,5.7,aluminum,0.668,172.21,1043.043,0.165,2700,0.3807,0.563,64.37,Steel,26.51,44.4,2687.33,0
29 mm,A,10.71,10.71,16.92,19.31,26.01,4.9,1372.67,1341.26,spherical,type2,12.34,13.76,tungsten,0.205,429.47,2149.88,0.2,19300,0.3214,0.196,69.77,Titanium,10.61,6.6,15940.53,1
29 mm,A,10.76,10.76,8.14,11.01,64.11,5.36,1645.69,1595.63,spherical,type1,9.14,3.96,tungsten,0.783,885.179,529.901,1.67,19300,0.1328,0.302,43.03,Steel,18.14,10.2,11022.76,0
29 mm,A,14.25,14.25,24.17,25.95,55.05,5.04,703.07,723.91,ogive,type3,13.61,2.09,aluminum,0.594,418.993,677.494,0.618,2700,0.4452,0.322,24.44,Steel,24.42,28.8,5973.71,0
40 mm,C,5.91,5.91,10.04,11.79,50.28,6.71,875.96,825.69,ogive,type2,14.41,8.9,tungsten,0.373,453.562,2292.627,0.198,19300,0.4934,0.451,97.46,Steel,11.33,6.6,3851.88,0
40 mm,C,14.83,14.83,19.53,23.5,55.97,1.79,1269.79,1193.12,cylindrical,type2,7.82,5.11,steel,0.532,340.77,2942.017,0.116,7800,0.4112,0.447,24.32,Steel,23.44,24.4,15744.76,0
29 mm,B,12.57,12.57,9.62,13.23,40.15,3.91,1317.06,1260.96,cylindrical,type2,3.16,13.43,steel,0.384,479.443,1606.157,0.299,7800,0.1139,0.457,85.81,Steel,6.88,16.8,8343.65,1
29 mm,A,11.8,11.8,17.32,20.53,62.62,7.05,1077.69,1065.97,cylindrical,type3,5.01,10.76,steel,0.573,817.761,320.165,2.554,7800,0.4023,0.453,73.21,Steel,23.72,40.0,10057.86,0
29 mm,A,15.79,15.79,18.19,19.6,66.78,7.22,730.73,681.18,cylindrical,type2,10.55,10.93,tungsten,0.6,847.802,856.088,0.99,19300,0.2079,0.308,52.6,Aluminum,6.6,41.3,4856.42,0
29 mm,C,16.37,16.37,11.57,12.66,66.69,4.49,1517.96,1506.56,cylindrical,type3,7.28,10.75,aluminum,0.74,478.953,795.563,0.602,2700,0.4848,0.136,79.73,Titanium,11.93,11.6,13329.81,1
40 mm,A,17.69,17.69,21.38,22.91,36.17,4.91,967.22,997.24,ogive,type3,10.91,10.83,aluminum,0.526,457.175,2818.762,0.162,2700,0.1254,0.529,81.18,Steel,11.42,4.3,10000.65,0
40 mm,A,10.62,10.62,22.71,26.52,59.23,6.35,1409.04,1437.76,ogive,type3,10.67,11.71,tungsten,0.751,275.559,1373.62,0.201,19300,0.1369,0.229,90.26,Aluminum,27.29,44.6,22544.15,0
40 mm,A,9.91,9.91,22.1,25.55,28.89,6.46,1315.06,1282.02,spherical,type2,9.87,10.71,steel,0.248,978.041,2853.484,0.343,7800,0.1725,0.111,63.59,Titanium,18.36,6.7,19109.68,1
29 mm,A,15.72,15.72,11.62,14.19,49.73,7.22,1173.92,1108.72,cylindrical,type3,4.05,12.85,tungsten,0.845,379.896,2606.837,0.146,19300,0.4013,0.121,37.1,Titanium,26.08,7.8,8006.69,0
29 mm,B,13.73,13.73,19.89,23.8,20.16,6.91,1349.32,1320.54,ogive,type1,5.72,9.26,tungsten,0.33,408.378,1462.258,0.279,19300,0.3606,0.322,65.81,Titanium,19.56,11.3,18106.51,1
29 mm,C,14.48,14.48,16.19,17.63,31.62,3.9,1464.54,1497.32,cylindrical,type1,6.91,6.56,aluminum,0.786,486.871,269.608,1.806,2700,0.3909,0.284,27.95,Aluminum,25.17,15.3,17362.78,0
29 mm,A,13.33,13.33,16.85,19.53,57.9,5.55,1329.47,1373.93,spherical,type2,12.72,8.07,steel,0.546,172.39,2924.261,0.059,7800,0.2416,0.415,50.1,Titanium,18.78,6.7,14891.11,0
40 mm,C,16.59,16.59,14.55,16.1,72.46,4.38,1313.28,1330.92,ogive,type3,10.87,7.72,steel,0.273,395.684,228.2,1.734,7800,0.4518,0.387,68.83,Titanium,16.25,14.5,12547.22,0
29 mm,A,7.85,7.85,17.01,18.93,22.94,1.83,1179.69,1239.76,cylindrical,type1,10.38,6.32,aluminum,0.452,937.526,2597.163,0.361,2700,0.2785,0.109,40.15,Aluminum,21.45,1.0,11836.14,0
29 mm,A,13.34,13.34,7.71,11.53,53.51,6.75,1173.04,1259.5,cylindrical,type2,10.74,7.4,aluminum,0.843,166.989,1357.049,0.123,2700,0.1536,0.213,89.21,Titanium,12.16,36.0,5304.57,0
40 mm,A,7.37,7.37,13.18,16.78,58.21,5.21,1240.06,1215.9,cylindrical,type1,8.54,7.0,aluminum,0.784,316.437,1043.665,0.303,2700,0.407,0.543,98.08,Titanium,27.97,11.9,10133.76,0
29 mm,C,11.11,11.11,8.55,9.86,75.94,1.41,1197.29,1271.62,spherical,type2,2.52,3.44,aluminum,0.706,295.976,1343.242,0.22,2700,0.3118,0.472,26.07,Steel,27.7,36.8,6128.23,0
29 mm,B,14.96,14.96,10.6,12.35,59.31,5.74,1182.93,1169.9,cylindrical,type1,4.61,12.8,steel,0.466,311.563,1199.346,0.26,7800,0.3374,0.529,36.47,Titanium,6.82,29.1,7416.41,1
29 mm,C,12.4,12.4,7.56,10.34,26.18,2.98,931.41,982.4,cylindrical,type3,3.82,11.83,steel,0.612,959.154,2129.534,0.45,7800,0.254,0.062,57.84,Aluminum,27.92,21.6,3279.24,0
29 mm,A,10.69,10.69,9.25,10.43,28.8,1.48,1497.32,1532.75,ogive,type3,2.83,6.39,tungsten,0.362,737.7,1803.625,0.409,19300,0.3843,0.552,23.04,Titanium,9.55,43.8,10369.1,1
29 mm,A,18.27,18.27,20.64,23.29,58.15,5.25,846.25,747.4,spherical,type3,6.15,14.29,aluminum,0.653,927.813,919.334,1.009,2700,0.1142,0.524,27.43,Aluminum,22.03,17.4,7390.56,0
29 mm,C,16.59,16.59,16.0,18.75,32.94,6.13,1699.58,1651.27,spherical,type3,12.24,14.34,tungsten,0.383,871.85,1677.003,0.52,19300,0.2965,0.299,92.05,Steel,25.58,8.0,23108.58,1
29 mm,A,12.89,12.89,5.47,7.34,75.7,4.62,1387.33,1326.27,cylindrical,type1,3.5,13.14,aluminum,0.78,662.271,1333.86,0.497,2700,0.2709,0.42,23.64,Aluminum,11.03,26.0,5264.01,0
29 mm,A,19.25,19.25,20.77,22.65,75.24,1.04,753.79,664.69,ogive,type2,3.45,2.38,aluminum,0.693,603.828,2777.81,0.217,2700,0.3986,0.2,39.8,Titanium,7.82,6.3,5900.75,0
29 mm,B,11.37,11.37,23.19,24.88,76.92,5.04,1424.9,1468.87,cylindrical,type1,3.62,6.83,tungsten,0.47,558.19,2698.659,0.207,19300,0.2063,0.412,53.89,Titanium,23.9,12.5,23541.79,1
40 mm,B,16.82,16.82,22.61,26.42,37.58,1.05,1097.67,1201.11,cylindrical,type2,5.51,7.95,aluminum,0.662,720.58,1928.569,0.374,2700,0.1935,0.489,21.64,Steel,16.06,40.8,13621.16,0
29 mm,A,7.52,7.52,21.46,23.63,63.02,7.48,1722.74,1709.86,ogive,type2,4.63,11.34,aluminum,0.428,731.642,2903.03,0.252,2700,0.2279,0.316,84.85,Steel,17.17,40.1,31844.85,1
40 mm,B,9.29,9.29,24.84,27.6,59.78,2.87,1729.68,1772.39,cylindrical,type3,2.18,10.25,steel,0.309,639.512,1250.356,0.511,7800,0.2922,0.066,86.4,Steel,24.05,21.0,37158.07,1
40 mm,C,10.07,10.07,16.73,18.63,22.14,7.1,1630.52,1704.75,spherical,type1,5.59,10.82,steel,0.365,504.047,446.317,1.129,7800,0.184,0.279,51.57,Aluminum,11.34,21.5,22239.15,1
29 mm,B,6.59,6.59,24.25,27.36,35.93,1.08,1324.63,1335.05,ogive,type3,14.95,11.97,aluminum,0.39,707.827,333.426,2.123,2700,0.3737,0.449,36.14,Steel,7.43,25.5,21275.07,1
40 mm,B,12.53,12.53,23.98,25.28,32.41,1.68,1711.1,1709.83,cylindrical,type2,6.37,14.33,steel,0.359,241.016,2533.647,0.095,7800,0.2326,0.437,91.39,Titanium,28.94,3.8,35105.08,1
29 mm,A,7.88,7.88,11.26,12.47,42.25,4.16,1414.79,1402.51,spherical,type3,4.75,9.17,tungsten,0.675,596.38,1273.774,0.468,19300,0.2686,0.317,74.28,Titanium,22.49,11.4,11269.18,0
29 mm,B,14.51,14.51,22.27,25.5,77.18,6.31,1662.64,1689.52,cylindrical,type2,8.44,13.75,tungsten,0.718,567.37,2608.767,0.217,19300,0.323,0.592,61.91,Titanium,21.3,26.1,30781.28,1
29 mm,C,7.85,7.85,20.85,24.03,70.74,7.6,876.06,919.79,ogive,type2,4.98,12.59,aluminum,0.52,581.207,1484.459,0.392,2700,0.2508,0.114,51.39,Steel,13.32,14.5,8000.99,0
29 mm,B,6.85,6.85,20.52,22.32,37.61,4.65,1694.6,1717.69,cylindrical,type3,9.28,6.39,steel,0.891,559.737,231.286,2.42,7800,0.3805,0.137,63.14,Steel,29.89,9.6,29463.33,1
29 mm,C,19.54,19.54,22.93,25.0,51.8,3.49,1427.75,1449.12,cylindrical,type3,7.21,12.58,tungsten,0.824,775.237,1680.216,0.461,19300,0.3625,0.192,39.96,Aluminum,10.56,29.1,23371.06,1
29 mm,A,14.87,14.87,12.68,16.55,31.54,1.31,1033.6,1031.04,cylindrical,type1,13.66,3.53,aluminum,0.261,781.744,1864.729,0.419,2700,0.4027,0.492,55.97,Titanium,9.45,25.5,6773.21,0
40 mm,A,19.05,19.05,13.0,14.31,36.65,5.09,1797.59,1717.94,ogive,type2,14.06,4.06,tungsten,0.522,396.624,1464.225,0.271,19300,0.3092,0.47,74.87,Aluminum,12.96,14.7,21003.64,1
29 mm,B,12.35,12.35,17.8,19.35,23.9,3.66,1455.57,1500.46,ogive,type1,11.27,14.9,tungsten,0.836,415.678,2546.496,0.163,19300,0.247,0.475,52.91,Aluminum,23.47,42.2,18856.29,0
40 mm,A,5.5,5.5,19.76,22.05,58.56,7.36,1699.26,1635.03,spherical,type2,4.8,7.57,steel,0.354,114.837,2003.223,0.057,7800,0.1805,0.534,74.8,Steel,10.93,35.0,28528.35,1
40 mm,B,13.62,13.62,22.59,24.44,59.42,4.36,706.14,737.11,cylindrical,type3,8.16,7.99,tungsten,0.465,201.966,1221.27,0.165,19300,0.2748,0.294,79.1,Steel,12.82,26.8,5632.07,0
40 mm,C,13.37,13.37,22.52,25.47,70.31,6.36,1307.57,1345.36,cylindrical,type3,5.97,14.36,steel,0.863,336.093,2213.207,0.152,7800,0.4492,0.225,80.3,Aluminum,18.24,9.4,19251.66,1
29 mm,B,5.22,5.22,19.43,22.5,72.29,6.94,1483.79,1426.77,spherical,type1,12.38,6.7,aluminum,0.743,789.139,1094.918,0.721,2700,0.1484,0.38,65.53,Titanium,21.25,29.2,21388.86,1
40 mm,B,17.92,17.92,24.14,26.72,29.6,1.69,715.11,684.72,ogive,type2,2.38,5.08,aluminum,0.783,818.1,2547.933,0.321,2700,0.1862,0.275,34.75,Titanium,8.73,30.9,6172.38,0
40 mm,C,14.3,14.3,8.57,11.4,64.58,4.09,1538.82,1644.89,spherical,type2,10.61,3.01,aluminum,0.816,323.214,984.29,0.328,2700,0.3661,0.338,76.04,Aluminum,21.37,26.2,10146.74,0
40 mm,A,16.17,16.17,24.01,26.31,28.08,7.26,1416.59,1412.62,cylindrical,type2,6.2,8.79,tungsten,0.32,882.78,2066.511,0.427,19300,0.33,0.127,85.54,Titanium,14.53,28.7,24090.76,1
29 mm,C,12.41,12.41,6.28,9.56,42.42,3.97,1002.24,941.23,spherical,type1,8.25,4.6,tungsten,0.689,438.128,1362.258,0.322,19300,0.4665,0.268,27.54,Steel,13.65,7.3,3154.08,0
40 mm,A,14.28,14.28,16.11,17.24,50.93,4.96,1457.84,1497.88,spherical,type1,6.2,2.84,aluminum,0.762,818.247,483.313,1.693,2700,0.1116,0.31,91.68,Titanium,6.98,15.1,17119.27,1
40 mm,C,8.86,8.86,6.8,8.74,22.97,7.11,843.99,805.36,ogive,type2,6.74,12.57,steel,0.359,520.168,1963.173,0.265,7800,0.4514,0.098,95.3,Steel,29.35,40.1,2421.89,0
29 mm,B,19.61,19.61,16.36,19.41,29.41,2.63,1606.44,1510.41,spherical,type2,10.77,6.27,aluminum,0.23,741.341,1272.551,0.583,2700,0.3902,0.597,73.46,Titanium,22.33,6.2,21109.71,1
29 mm,A,11.01,11.01,12.8,14.79,36.27,7.26,1652.85,1678.84,spherical,type3,9.74,9.53,tungsten,0.325,420.682,1975.938,0.213,19300,0.4102,0.071,28.89,Titanium,7.5,26.5,17484.24,1
29 mm,C,7.43,7.43,6.63,7.87,27.65,3.78,1234.02,1188.19,ogive,type2,5.17,3.36,aluminum,0.719,163.546,1711.73,0.096,2700,0.2515,0.556,72.3,Steel,14.16,40.4,5048.1,0
40 mm,A,5.84,5.84,17.96,20.0,76.05,5.15,1258.19,1274.25,ogive,type2,2.57,8.57,steel,0.686,328.646,316.466,1.038,7800,0.2229,0.094,48.49,Titanium,7.0,0.6,14215.72,1
29 mm,B,14.54,14.54,19.62,22.75,37.3,3.3,1142.26,1101.63,spherical,type2,13.13,10.21,aluminum,0.824,727.38,773.939,0.94,2700,0.1058,0.523,44.29,Steel,18.54,43.5,12799.68,0
29 mm,C,19.75,19.75,8.48,9.85,50.07,4.69,1079.87,1115.23,spherical,type3,8.4,7.85,tungsten,0.422,926.161,2161.179,0.429,19300,0.415,0.352,22.94,Titanium,22.5,39.8,4944.35,0
40 mm,C,18.44,18.44,18.89,22.06,79.79,1.35,1660.19,1669.36,ogive,type2,10.04,6.39,steel,0.635,665.462,1509.436,0.441,7800,0.1646,0.158,77.99,Aluminum,6.41,32.2,26032.6,1
29 mm,C,15.53,15.53,8.58,11.91,54.0,1.46,1035.36,905.9,ogive,type2,8.35,6.04,aluminum,0.219,792.058,1506.114,0.526,2700,0.1905,0.177,65.33,Aluminum,28.05,31.9,4598.75,0
29 mm,B,19.86,19.86,7.75,10.66,44.69,3.9,1143.14,1162.24,ogive,type1,10.05,3.42,steel,0.855,112.711,206.716,0.545,7800,0.2106,0.243,56.06,Titanium,14.35,39.0,5063.73,0
40 mm,B,15.84,15.84,7.95,9.68,75.79,3.34,1029.91,1015.42,cylindrical,type3,10.15,3.5,steel,0.588,784.057,1047.835,0.748,7800,0.4479,0.487,51.1,Titanium,10.87,7.7,4216.34,0
40 mm,A,10.09,10.09,16.98,20.4,33.35,5.31,1422.38,1493.22,spherical,type3,2.2,8.44,tungsten,0.724,851.984,2074.505,0.411,19300,0.2152,0.131,52.95,Steel,8.25,31.5,17176.67,1
40 mm,C,14.02,14.02,20.58,22.22,30.77,1.27,1595.64,1615.4,ogive,type1,8.93,3.8,aluminum,0.399,471.386,2683.567,0.176,2700,0.2703,0.183,56.25,Titanium,8.64,15.5,26199.03,1
40 mm,B,6.2,6.2,16.94,20.66,52.12,2.17,880.77,918.58,spherical,type2,8.53,4.9,tungsten,0.257,544.502,1807.22,0.301,19300,0.3989,0.431,58.2,Steel,26.24,39.4,6570.65,0
29 mm,C,8.33,8.33,21.19,24.31,45.64,2.47,980.22,944.69,spherical,type1,3.25,4.14,steel,0.244,147.136,1713.807,0.086,7800,0.4569,0.388,27.81,Titanium,17.0,24.0,10180.01,0
40 mm,B,11.26,11.26,16.83,17.99,67.82,4.08,814.52,775.02,ogive,type3,11.7,12.43,aluminum,0.77,257.172,1516.881,0.17,2700,0.4165,0.281,50.43,Titanium,24.96,34.5,5582.87,0
40 mm,C,8.03,8.03,20.95,24.35,22.52,2.73,876.2,874.92,cylindrical,type1,5.07,7.85,steel,0.306,150.829,2099.747,0.072,7800,0.3142,0.083,25.12,Aluminum,10.68,7.5,8041.93,0
29 mm,A,19.3,19.3,24.53,27.05,57.06,1.96,1147.57,1129.54,spherical,type1,2.71,9.18,steel,0.777,758.232,2434.767,0.311,7800,0.1009,0.357,82.07,Aluminum,12.95,10.9,16151.99,1
29 mm,C,19.93,19.93,12.82,15.18,62.64,5.18,1553.46,1620.36,spherical,type1,12.44,9.58,tungsten,0.386,819.878,817.914,1.002,19300,0.1631,0.176,61.78,Aluminum,15.32,37.7,15468.86,1
29 mm,A,10.56,10.56,8.0,10.26,78.32,6.21,1295.78,1288.11,cylindrical,type2,13.25,7.15,steel,0.579,197.8,2199.134,0.09,7800,0.2014,0.387,83.96,Aluminum,16.36,17.8,6716.18,0
29 mm,A,15.64,15.64,7.71,10.53,28.75,5.8,758.6,697.36,spherical,type1,5.13,5.88,aluminum,0.383,929.436,882.793,1.053,2700,0.2655,0.201,54.35,Aluminum,7.44,23.8,2218.45,0
29 mm,B,11.12,11.12,16.95,20.12,34.77,2.93,1387.6,1346.22,ogive,type2,10.94,6.97,tungsten,0.235,855.574,289.018,2.96,19300,0.2449,0.589,32.25,Titanium,6.13,32.6,16318.05,1
29 mm,B,7.09,7.09,15.94,19.63,75.95,6.98,1574.83,1623.08,cylindrical,type3,2.06,8.95,steel,0.58,618.656,409.104,1.512,7800,0.3058,0.375,43.97,Aluminum,29.9,7.6,19766.31,0
40 mm,C,10.05,10.05,8.68,10.5,57.84,5.28,1132.81,1124.45,cylindrical,type3,11.37,6.66,steel,0.457,980.459,330.316,2.968,7800,0.2648,0.364,38.71,Aluminum,21.66,13.6,5569.34,0
29 mm,B,8.5,8.5,22.64,25.53,22.28,5.3,969.51,958.47,cylindrical,type1,8.04,3.78,tungsten,0.505,894.221,984.486,0.908,19300,0.3904,0.51,55.19,Titanium,6.37,14.7,10640.23,1
40 mm,A,9.92,9.92,24.13,27.19,24.64,2.49,1540.33,1593.34,cylindrical,type1,12.3,13.88,aluminum,0.621,300.378,556.085,0.54,2700,0.1209,0.596,83.11,Titanium,24.31,41.3,28625.62,1
40 mm,A,8.23,8.23,10.06,13.08,67.13,2.7,726.3,680.56,cylindrical,type1,7.11,11.52,steel,0.42,958.632,438.571,2.186,7800,0.4979,0.479,29.33,Titanium,14.03,6.2,2653.38,0
40 mm,B,6.69,6.69,9.14,11.62,54.05,4.32,1597.15,1485.39,ogive,type3,6.56,2.86,tungsten,0.595,498.663,613.244,0.813,19300,0.4372,0.377,52.01,Aluminum,24.91,16.7,11657.56,0
40 mm,B,8.26,8.26,9.28,11.45,53.92,2.66,1584.69,1542.05,cylindrical,type2,12.93,13.77,steel,0.66,239.379,306.955,0.78,7800,0.234,0.525,27.34,Titanium,28.75,43.2,11652.16,0
29 mm,B,18.59,18.59,12.75,16.04,72.79,5.82,1676.78,1688.88,cylindrical,type2,2.5,4.22,aluminum,0.263,280.081,1161.945,0.241,2700,0.2587,0.15,51.32,Aluminum,5.66,37.6,17923.89,1
40 mm,A,6.28,6.28,22.06,23.96,34.47,3.16,798.43,785.95,cylindrical,type3,4.43,3.27,aluminum,0.445,715.775,2503.885,0.286,2700,0.4855,0.47,66.6,Steel,29.11,30.2,7031.52,0
29 mm,B,9.87,9.87,16.92,18.54,29.63,2.06,818.53,740.51,spherical,type2,7.36,4.25,steel,0.263,988.803,1750.58,0.565,7800,0.4743,0.424,25.52,Steel,9.14,24.7,5668.13,0
40 mm,B,12.93,12.93,6.35,8.99,56.83,2.06,1660.03,1710.83,ogive,type1,9.75,14.13,steel,0.205,500.745,381.907,1.311,7800,0.2573,0.36,25.33,Steel,12.43,37.7,8749.35,0
29 mm,C,10.32,10.32,14.46,16.26,72.95,1.89,1222.79,1230.96,cylindrical,type2,2.07,4.88,aluminum,0.236,615.821,1249.785,0.493,2700,0.1238,0.527,78.44,Aluminum,20.67,42.6,10810.41,0
29 mm,B,12.76,12.76,6.81,7.91,35.92,4.08,1131.57,1151.02,ogive,type3,9.48,12.23,tungsten,0.615,370.216,1403.537,0.264,19300,0.4952,0.44,52.6,Aluminum,22.9,41.6,4359.93,0
40 mm,C,5.65,5.65,13.12,14.27,60.88,1.02,1330.62,1351.6,ogive,type1,6.92,10.36,tungsten,0.259,860.912,682.752,1.261,19300,0.3615,0.444,48.11,Steel,9.26,28.8,11614.81,1
29 mm,A,14.73,14.73,13.07,16.16,29.14,4.8,764.44,699.51,ogive,type2,10.19,8.74,steel,0.808,203.64,1244.433,0.164,7800,0.3772,0.55,74.91,Steel,8.42,32.8,3818.85,0
40 mm,C,13.45,13.45,17.97,21.89,30.31,3.09,1408.09,1423.23,ogive,type2,13.79,6.75,steel,0.732,624.023,1142.914,0.546,7800,0.2098,0.435,26.78,Steel,12.16,34.9,17814.72,1
29 mm,A,15.21,15.21,15.99,18.35,74.09,4.87,1739.59,1784.96,ogive,type1,7.73,3.21,steel,0.206,627.598,1582.663,0.397,7800,0.4275,0.19,88.78,Titanium,13.14,36.4,24194.26,1
29 mm,A,13.51,13.51,22.5,23.94,27.08,7.55,1443.29,1500.31,cylindrical,type1,9.21,11.24,tungsten,0.601,101.026,2152.418,0.047,19300,0.323,0.151,82.03,Steel,12.96,33.0,23434.72,1
40 mm,C,11.57,11.57,5.33,8.78,21.46,7.08,1210.99,1247.05,ogive,type2,8.02,7.13,aluminum,0.207,946.506,1540.743,0.614,2700,0.2881,0.332,51.17,Aluminum,9.28,8.1,3908.21,0
40 mm,B,10.25,10.25,20.48,22.26,66.5,5.04,1756.97,1782.63,spherical,type2,3.54,8.95,steel,0.276,976.908,407.071,2.4,7800,0.3965,0.179,57.5,Aluminum,29.27,34.2,31610.3,1
29 mm,B,8.4,8.4,5.45,9.44,41.75,3.93,1457.37,1370.5,ogive,type1,12.31,2.67,aluminum,0.892,520.726,354.64,1.468,2700,0.2488,0.435,51.82,Aluminum,24.95,17.6,5787.7,0
29 mm,B,12.5,12.5,11.09,13.78,43.8,5.89,762.66,761.91,spherical,type2,13.51,12.09,aluminum,0.52,753.077,2686.286,0.28,2700,0.2718,0.513,82.82,Steel,29.5,9.0,3225.25,0
29 mm,C,5.39,5.39,22.59,24.29,67.99,7.46,1437.05,1389.22,ogive,type2,12.55,11.0,aluminum,0.219,863.841,2145.339,0.403,2700,0.3609,0.21,22.32,Steel,7.59,4.6,23325.45,1
40 mm,A,9.92,9.92,18.81,21.3,30.8,4.43,765.67,829.78,spherical,type2,14.32,8.88,steel,0.795,205.034,2040.102,0.101,7800,0.3558,0.552,73.71,Steel,6.89,10.8,5513.69,0
40 mm,A,15.17,15.17,8.44,10.45,59.02,1.7,1037.95,1094.47,cylindrical,type3,8.08,8.45,steel,0.842,176.157,2756.964,0.064,7800,0.4885,0.461,44.2,Titanium,18.4,22.8,4546.38,0
29 mm,A,6.63,6.63,14.82,18.16,38.81,6.36,1377.25,1329.72,spherical,type1,10.48,6.38,tungsten,0.584,720.379,1716.216,0.42,19300,0.3251,0.593,82.36,Aluminum,20.36,11.1,14055.42,0
29 mm,C,5.94,5.94,19.44,20.76,26.26,1.07,937.18,934.88,spherical,type2,4.19,6.45,steel,0.694,603.543,406.425,1.485,7800,0.2284,0.159,98.71,Titanium,20.88,30.0,8537.14,0
29 mm,A,14.78,14.78,23.75,27.32,61.25,6.35,742.01,754.44,ogive,type1,14.7,2.89,aluminum,0.746,711.454,2200.277,0.323,2700,0.215,0.304,42.32,Steel,7.33,43.4,6538.12,0
29 mm,B,10.97,10.97,17.69,20.99,39.12,1.59,1379.75,1424.79,ogive,type3,9.55,10.93,steel,0.714,614.797,654.362,0.94,7800,0.3136,0.402,55.67,Titanium,26.09,2.0,16838.32,0
40 mm,B,17.03,17.03,5.49,9.07,72.0,1.75,1014.44,930.66,spherical,type1,5.4,2.58,tungsten,0.546,753.753,2065.345,0.365,19300,0.1478,0.47,63.81,Steel,17.24,5.9,2824.85,0
40 mm,A,19.06,19.06,14.99,18.67,75.14,6.47,1286.26,1175.78,spherical,type3,12.47,2.02,tungsten,0.783,239.418,1321.981,0.181,19300,0.3352,0.552,64.08,Titanium,14.2,11.1,12400.21,0
29 mm,B,19.36,19.36,8.06,9.75,70.94,5.83,987.26,989.17,ogive,type1,9.62,2.4,steel,0.569,294.056,279.032,1.054,7800,0.2561,0.54,32.53,Titanium,17.61,36.2,3927.97,0
40 mm,A,11.38,11.38,5.96,8.52,39.34,4.93,1455.07,1328.5,ogive,type1,14.35,4.64,steel,0.382,313.321,355.483,0.881,7800,0.2408,0.18,66.66,Steel,6.01,12.2,6309.34,1
29 mm,A,8.96,8.96,16.97,20.52,34.19,6.74,1685.27,1693.2,spherical,type2,12.01,9.41,aluminum,0.203,474.868,1299.375,0.365,2700,0.177,0.282,77.91,Aluminum,10.38,8.6,24098.55,1
29 mm,A,14.13,14.13,20.54,22.67,73.57,6.96,795.22,824.83,cylindrical,type3,13.4,10.86,aluminum,0.451,783.604,1864.721,0.42,2700,0.2982,0.445,95.52,Titanium,29.96,6.9,6494.49,0
29 mm,C,14.42,14.42,5.72,6.9,47.18,4.2,1564.95,1626.75,spherical,type1,9.11,7.47,steel,0.258,848.257,678.512,1.25,7800,0.1151,0.123,78.03,Titanium,18.81,6.7,7004.34,0
29 mm,B,14.34,14.34,20.67,22.54,62.46,7.97,871.7,840.57,ogive,type1,8.73,7.31,steel,0.244,461.167,498.9,0.924,7800,0.3429,0.578,68.26,Steel,6.96,32.4,7853.16,1
29 mm,C,9.83,9.83,19.13,20.86,69.63,3.5,1062.35,1070.41,cylindrical,type3,11.85,9.5,aluminum,0.528,641.845,1253.445,0.512,2700,0.2142,0.461,38.66,Steel,12.32,31.9,10794.94,0
40 mm,B,5.96,5.96,20.04,23.65,36.66,2.2,1093.1,1125.68,spherical,type1,3.37,9.76,tungsten,0.861,365.661,2451.706,0.149,19300,0.462,0.506,27.83,Aluminum,9.62,14.0,11972.57,1
40 mm,A,8.15,8.15,9.89,12.28,27.15,6.92,926.94,868.15,spherical,type1,2.7,12.98,steel,0.274,528.199,2395.215,0.221,7800,0.3105,0.549,70.75,Aluminum,28.12,20.2,4248.83,0
29 mm,B,7.32,7.32,12.87,15.92,57.49,3.91,782.76,828.53,cylindrical,type3,14.79,12.65,steel,0.392,946.819,2115.592,0.448,7800,0.4122,0.148,70.01,Steel,25.16,28.3,3942.81,0
40 mm,C,6.86,6.86,7.4,11.29,55.41,7.12,1545.34,1559.06,ogive,type1,13.91,12.71,aluminum,0.781,342.357,1390.999,0.246,2700,0.4405,0.282,87.15,Steel,18.67,43.9,8835.88,0
40 mm,B,18.89,18.89,9.78,11.68,36.21,1.43,1572.99,1542.72,spherical,type3,14.42,12.97,aluminum,0.481,809.149,1437.425,0.563,2700,0.4516,0.408,55.69,Aluminum,28.79,33.4,12099.31,0
40 mm,A,5.21,5.21,11.06,14.34,55.08,1.78,1796.52,1803.59,ogive,type3,2.81,13.44,steel,0.731,137.975,832.643,0.166,7800,0.4483,0.502,33.76,Aluminum,14.32,36.1,17847.99,1
40 mm,A,14.03,14.03,11.39,12.46,67.42,1.28,1728.06,1721.09,cylindrical,type3,5.5,9.22,steel,0.58,410.719,583.999,0.703,7800,0.1902,0.456,37.98,Steel,26.62,44.0,17006.36,0
29 mm,C,19.21,19.21,8.5,9.81,41.0,5.21,1178.11,1217.11,ogive,type1,13.72,9.74,aluminum,0.623,692.903,244.354,2.836,2700,0.2213,0.117,58.11,Titanium,16.69,17.1,5898.76,0
40 mm,B,10.4,10.4,8.77,10.26,34.54,6.82,846.73,828.71,ogive,type1,3.16,11.45,steel,0.313,798.401,2608.42,0.306,7800,0.3832,0.405,44.96,Steel,26.22,3.1,3143.83,0
40 mm,C,12.91,12.91,23.03,24.97,63.5,3.82,711.77,723.12,spherical,type2,7.87,4.59,tungsten,0.447,632.967,1589.317,0.398,19300,0.315,0.212,34.42,Titanium,27.52,33.6,5833.69,0
40 mm,B,15.44,15.44,20.68,22.89,67.15,1.63,1284.67,1253.62,spherical,type2,6.44,6.69,tungsten,0.635,882.3,208.52,4.231,19300,0.3437,0.274,28.63,Steel,16.57,5.4,17064.9,1
29 mm,A,9.76,9.76,11.89,14.32,77.26,3.61,1646.62,1599.73,ogive,type3,13.44,13.86,aluminum,0.219,838.707,1681.686,0.499,2700,0.3711,0.597,52.99,Aluminum,9.45,19.7,16119.02,1
29 mm,C,12.16,12.16,23.95,25.69,28.86,3.44,994.69,1003.27,spherical,type2,8.73,8.8,steel,0.332,655.755,923.307,0.71,7800,0.1457,0.136,47.0,Titanium,9.81,33.2,11848.16,1
29 mm,C,17.26,17.26,9.78,10.98,73.36,5.5,918.84,874.0,spherical,type3,5.77,2.67,tungsten,0.471,413.311,1396.615,0.296,19300,0.1673,0.107,97.22,Steel,12.22,25.1,4128.47,0
29 mm,C,16.18,16.18,13.14,16.17,65.91,5.57,1182.85,1222.88,cylindrical,type3,8.82,7.27,aluminum,0.672,427.339,2082.751,0.205,2700,0.3551,0.275,88.51,Aluminum,10.57,16.5,9192.31,0
29 mm,C,17.13,17.13,21.27,22.34,62.11,1.72,1682.89,1712.5,ogive,type3,3.46,4.09,aluminum,0.557,653.587,2467.284,0.265,2700,0.3501,0.525,34.68,Titanium,14.71,23.1,30119.58,1
29 mm,A,19.81,19.81,13.86,17.29,38.78,3.94,1196.84,1158.58,ogive,type1,11.51,6.63,steel,0.703,690.897,2161.349,0.32,7800,0.427,0.139,80.27,Aluminum,17.67,11.0,9926.71,0
40 mm,C,10.55,10.55,9.69,13.48,21.33,5.5,1494.98,1505.67,cylindrical,type1,10.04,9.08,tungsten,0.709,455.128,2709.636,0.168,19300,0.3775,0.094,58.42,Aluminum,7.18,3.3,10828.41,1
29 mm,A,16.21,16.21,12.37,15.5,50.45,2.81,1208.78,1170.3,spherical,type1,9.81,8.57,aluminum,0.222,457.766,857.289,0.534,2700,0.1831,0.28,94.09,Aluminum,27.74,18.6,9037.21,0
40 mm,C,14.04,14.04,15.01,17.8,37.15,3.85,1110.25,1030.03,cylindrical,type2,7.69,8.38,tungsten,0.831,259.102,2051.878,0.126,19300,0.128,0.398,68.66,Aluminum,5.06,2.6,9251.08,1
29 mm,A,15.0,15.0,17.41,20.38,37.39,5.3,1185.0,1155.14,ogive,type1,5.83,2.24,steel,0.777,100.259,2691.528,0.037,7800,0.2564,0.135,36.32,Aluminum,8.46,44.1,12223.78,1
40 mm,B,16.1,16.1,13.11,16.07,75.63,3.82,1545.24,1542.72,spherical,type3,2.85,7.79,aluminum,0.39,515.342,1063.8,0.484,2700,0.2485,0.493,35.68,Aluminum,5.21,20.1,15651.81,1
29 mm,C,16.25,16.25,13.63,17.43,29.18,1.22,1529.85,1555.92,cylindrical,type1,14.31,2.38,steel,0.539,847.757,2438.464,0.348,7800,0.407,0.515,97.38,Steel,29.66,39.7,15950.11,0
40 mm,A,18.29,18.29,10.28,14.17,76.05,2.56,1174.93,1182.4,spherical,type3,7.42,7.26,tungsten,0.416,789.887,2832.604,0.279,19300,0.3686,0.337,93.46,Aluminum,15.27,42.8,7095.57,0
29 mm,A,10.24,10.24,15.71,17.99,50.23,6.43,994.38,1039.76,spherical,type3,8.45,10.41,tungsten,0.835,994.546,2002.855,0.497,19300,0.4489,0.067,58.63,Steel,9.9,20.2,7766.96,0
29 mm,C,14.8,14.8,9.39,12.24,70.3,2.74,853.04,803.98,spherical,type1,6.88,3.64,steel,0.468,702.465,659.941,1.064,7800,0.3017,0.334,65.12,Aluminum,7.97,18.9,3416.44,0
29 mm,A,9.2,9.2,22.35,25.76,37.02,6.72,701.51,682.68,ogive,type1,14.84,13.92,aluminum,0.477,310.522,930.408,0.334,2700,0.2155,0.168,63.77,Steel,14.26,40.2,5499.4,0
40 mm,B,13.92,13.92,19.95,20.95,58.04,4.27,824.58,906.8,ogive,type2,12.35,10.2,aluminum,0.838,709.614,2103.945,0.337,2700,0.3017,0.295,81.08,Aluminum,29.4,1.6,6782.32,0
29 mm,C,16.27,16.27,13.21,15.79,53.4,4.31,881.12,784.57,spherical,type2,3.24,4.83,tungsten,0.62,845.631,2625.291,0.322,19300,0.1862,0.468,57.96,Steel,18.72,21.9,5127.94,0
40 mm,B,16.87,16.87,19.94,22.9,75.45,6.39,1458.93,1436.33,ogive,type1,9.91,7.12,tungsten,0.297,676.897,266.519,2.54,19300,0.1242,0.08,29.81,Steel,13.86,12.1,21220.91,1
40 mm,B,11.3,11.3,5.14,8.29,30.76,3.68,1599.71,1546.14,cylindrical,type2,8.3,3.26,aluminum,0.638,533.552,1113.728,0.479,2700,0.2999,0.05,45.94,Steel,14.11,33.9,6576.82,0
29 mm,B,12.63,12.63,11.89,14.0,32.27,2.67,1510.64,1500.87,ogive,type1,12.31,2.29,tungsten,0.756,656.661,853.996,0.769,19300,0.2654,0.123,65.46,Aluminum,7.93,37.7,13566.69,1
29 mm,B,10.01,10.01,13.81,15.7,76.94,1.74,1495.56,1473.84,ogive,type1,14.97,13.91,tungsten,0.436,123.222,1381.771,0.089,19300,0.1129,0.075,48.09,Steel,17.93,27.9,15444.41,0
29 mm,B,7.54,7.54,14.4,15.95,25.88,5.7,1793.75,1823.86,spherical,type3,11.68,10.78,steel,0.569,338.601,2351.738,0.144,7800,0.3885,0.193,85.08,Aluminum,15.6,18.3,23166.28,1
29 mm,B,8.91,8.91,19.97,22.64,58.08,4.29,1758.86,1771.64,ogive,type3,13.24,12.14,steel,0.639,241.964,1607.855,0.15,7800,0.3577,0.272,95.83,Steel,23.22,25.0,30889.48,1
29 mm,A,18.68,18.68,24.26,28.02,23.63,6.67,995.73,930.45,cylindrical,type1,8.53,10.09,tungsten,0.557,472.074,1651.214,0.286,19300,0.1295,0.479,39.36,Aluminum,9.8,25.8,12026.63,1
29 mm,B,9.63,9.63,12.6,16.29,24.62,4.2,859.61,830.2,spherical,type3,6.86,13.79,tungsten,0.899,903.733,1905.273,0.474,19300,0.384,0.067,91.13,Aluminum,8.43,28.6,4655.25,0
40 mm,C,19.62,19.62,12.01,14.09,55.83,3.9,868.63,868.62,spherical,type2,10.36,13.65,tungsten,0.555,269.155,1643.886,0.164,19300,0.1331,0.243,77.26,Steel,19.54,41.5,4530.88,0
29 mm,C,8.62,8.62,17.21,18.98,53.08,3.09,1685.17,1722.14,ogive,type2,11.74,2.76,steel,0.65,163.886,2127.132,0.077,7800,0.3071,0.561,66.96,Steel,23.55,11.2,24436.46,1
29 mm,A,15.85,15.85,10.63,14.0,54.38,2.4,812.58,934.23,cylindrical,type1,4.96,4.46,tungsten,0.756,799.23,499.705,1.599,19300,0.3489,0.367,30.43,Aluminum,17.44,9.1,3509.42,0
40 mm,C,13.61,13.61,7.83,11.0,48.42,6.81,1074.16,1109.3,cylindrical,type2,8.54,7.15,tungsten,0.296,881.113,263.843,3.34,19300,0.2996,0.505,52.88,Steel,24.75,8.6,4517.2,0
40 mm,C,15.45,15.45,24.23,26.75,64.54,1.67,1283.38,1232.76,spherical,type2,3.48,6.43,steel,0.231,578.255,2515.012,0.23,7800,0.399,0.316,99.63,Aluminum,26.03,31.4,19954.18,0
29 mm,A,14.66,14.66,21.19,23.36,79.53,7.31,1374.8,1370.11,ogive,type2,4.81,8.83,tungsten,0.881,438.91,1540.942,0.285,19300,0.2542,0.103,71.87,Titanium,27.92,40.7,20025.35,0
29 mm,C,15.6,15.6,24.17,25.54,36.55,1.19,1355.31,1364.36,spherical,type1,13.46,5.46,tungsten,0.713,487.481,1035.727,0.471,19300,0.1852,0.153,67.33,Steel,14.45,14.7,22198.52,1
29 mm,B,18.58,18.58,9.36,12.72,39.41,4.66,1565.05,1539.08,spherical,type1,3.88,12.37,steel,0.475,693.093,1472.054,0.471,7800,0.2946,0.467,22.85,Titanium,27.61,18.9,11463.11,0
40 mm,B,13.45,13.45,5.36,8.21,39.38,1.41,1328.86,1352.37,cylindrical,type2,12.55,2.1,tungsten,0.212,848.126,2020.256,0.42,19300,0.2369,0.525,45.67,Aluminum,22.73,43.6,4732.53,0
40 mm,C,6.02,6.02,13.75,15.88,65.8,6.46,1636.15,1522.58,ogive,type1,6.84,12.29,steel,0.316,270.496,540.768,0.5,7800,0.1605,0.307,59.05,Aluminum,20.62,6.5,18404.28,0
29 mm,B,9.06,9.06,23.67,27.43,40.88,2.48,793.09,820.75,spherical,type1,10.63,7.11,steel,0.207,912.033,1666.112,0.547,7800,0.2884,0.321,71.33,Steel,18.84,39.6,7444.12,0
29 mm,B,15.62,15.62,7.77,10.75,60.6,4.96,1644.86,1621.04,spherical,type2,13.83,2.07,steel,0.478,691.651,509.983,1.356,7800,0.1806,0.298,88.57,Aluminum,5.49,43.2,10511.12,1
29 mm,A,12.41,12.41,7.34,11.13,46.75,7.42,1349.0,1343.51,cylindrical,type3,12.15,13.01,steel,0.588,764.461,2606.794,0.293,7800,0.2881,0.06,56.65,Aluminum,19.01,36.0,6678.67,0
40 mm,C,13.23,13.23,6.38,8.8,56.47,5.54,945.23,1018.52,spherical,type2,12.74,7.81,aluminum,0.312,178.221,1774.675,0.1,2700,0.337,0.103,41.96,Steel,24.47,15.1,2850.14,0
29 mm,C,13.95,13.95,20.3,22.66,69.74,2.25,1775.52,1712.44,cylindrical,type1,5.39,11.42,tungsten,0.648,926.51,2470.407,0.375,19300,0.4129,0.596,42.5,Aluminum,29.71,29.4,31997.58,1
29 mm,A,10.74,10.74,20.72,24.53,50.84,6.58,1733.71,1747.35,spherical,type3,6.7,13.42,tungsten,0.868,575.375,2218.815,0.259,19300,0.4413,0.073,31.02,Aluminum,15.83,13.1,31139.57,1
29 mm,C,16.61,16.61,18.91,22.79,48.51,4.09,1630.3,1670.0,spherical,type2,11.53,2.45,tungsten,0.893,425.896,2482.716,0.172,19300,0.3673,0.242,31.64,Aluminum,29.75,5.4,25130.24,0
29 mm,A,15.85,15.85,6.07,9.95,36.02,1.09,1702.76,1711.28,spherical,type3,12.1,5.41,aluminum,0.783,459.044,1157.061,0.397,2700,0.4574,0.43,44.43,Aluminum,9.28,4.8,8799.65,1
40 mm,B,15.71,15.71,19.47,22.93,50.95,4.41,1120.36,1039.65,ogive,type1,12.27,3.55,aluminum,0.511,363.731,590.495,0.616,2700,0.3231,0.284,81.33,Aluminum,28.95,0.4,12219.44,0
29 mm,C,15.73,15.73,13.97,16.36,35.74,6.69,950.59,1018.11,ogive,type2,11.62,3.27,aluminum,0.583,246.675,2696.493,0.091,2700,0.3842,0.59,53.06,Titanium,19.74,44.0,6311.8,0
29 mm,A,18.36,18.36,8.16,9.79,70.61,4.01,901.19,890.62,cylindrical,type1,5.01,14.29,steel,0.552,131.193,2676.991,0.049,7800,0.4081,0.068,88.77,Steel,21.56,29.5,3313.55,0
40 mm,B,13.93,13.93,10.9,13.05,43.33,6.31,1661.14,1634.76,cylindrical,type2,5.76,12.47,steel,0.309,337.967,2673.164,0.126,7800,0.4299,0.531,95.93,Titanium,19.34,14.5,15038.65,0
40 mm,A,19.51,19.51,15.02,18.83,27.75,5.94,1609.29,1593.77,ogive,type1,14.25,6.74,steel,0.798,546.951,2969.961,0.184,7800,0.4007,0.124,26.03,Aluminum,29.57,26.1,19449.51,0
29 mm,C,6.79,6.79,11.59,13.68,34.4,4.2,1779.03,1759.92,spherical,type3,9.2,10.93,tungsten,0.673,700.085,1869.269,0.375,19300,0.461,0.163,76.87,Aluminum,6.11,27.9,18340.87,1
29 mm,B,14.48,14.48,24.39,27.66,52.07,3.26,1633.08,1573.57,cylindrical,type1,11.81,13.95,steel,0.647,760.012,1634.99,0.465,7800,0.2891,0.341,26.82,Steel,15.26,8.2,32523.46,1
40 mm,B,15.75,15.75,14.49,18.26,74.98,6.09,1395.6,1403.85,ogive,type2,9.79,4.87,steel,0.354,636.044,2432.527,0.261,7800,0.4814,0.529,25.74,Steel,26.88,13.0,14111.08,0
29 mm,C,12.16,12.16,12.44,16.35,38.03,3.58,856.51,826.65,ogive,type1,14.02,2.18,tungsten,0.307,204.456,508.377,0.402,19300,0.2601,0.278,42.06,Titanium,9.18,24.6,4563.05,0
40 mm,B,9.32,9.32,18.46,22.3,35.86,2.19,881.33,914.87,spherical,type3,13.29,12.71,aluminum,0.811,488.394,2392.532,0.204,2700,0.1281,0.211,28.13,Steel,19.24,37.8,7169.33,0
40 mm,C,13.25,13.25,18.01,20.68,44.39,3.25,1221.07,1246.95,ogive,type2,5.4,11.4,aluminum,0.326,700.665,2474.232,0.283,2700,0.1728,0.271,73.04,Aluminum,18.09,5.8,13426.56,0
40 mm,A,10.47,10.47,5.05,7.53,78.07,7.14,1544.58,1625.86,cylindrical,type3,13.5,4.08,tungsten,0.252,768.858,1816.138,0.423,19300,0.3233,0.102,77.29,Aluminum,25.19,38.6,6023.96,0
29 mm,A,18.64,18.64,17.37,21.33,70.71,2.98,890.6,880.02,ogive,type2,5.9,8.37,aluminum,0.638,392.056,1286.175,0.305,2700,0.1058,0.511,71.14,Aluminum,27.96,27.4,6888.67,0
40 mm,C,10.35,10.35,9.88,11.53,28.98,2.64,1707.07,1666.91,spherical,type2,7.73,4.09,tungsten,0.693,935.597,2037.436,0.459,19300,0.163,0.553,66.03,Steel,11.47,22.0,14395.59,1
40 mm,C,7.64,7.64,12.5,14.06,56.83,1.93,1452.17,1378.68,cylindrical,type1,13.07,9.83,aluminum,0.284,815.843,2762.05,0.295,2700,0.2496,0.422,82.5,Steel,22.33,6.5,13179.99,0
29 mm,B,13.65,13.65,19.13,23.02,67.51,1.39,1043.54,1153.21,ogive,type2,6.21,10.42,aluminum,0.345,866.558,642.3,1.349,2700,0.3497,0.295,81.81,Aluminum,18.69,24.7,10416.05,0
40 mm,B,10.94,10.94,16.15,19.22,66.08,7.84,1674.34,1707.45,spherical,type2,5.78,5.6,tungsten,0.752,699.89,1071.088,0.653,19300,0.1662,0.388,89.62,Titanium,21.57,15.9,22637.57,1
40 mm,A,6.44,6.44,12.37,14.98,49.33,4.76,1358.49,1323.87,ogive,type1,10.69,12.15,steel,0.851,472.384,2079.977,0.227,7800,0.3299,0.354,75.46,Aluminum,10.01,8.5,11414.39,1
40 mm,C,13.47,13.47,8.35,9.75,63.91,6.11,1506.47,1591.13,spherical,type2,15.0,8.16,tungsten,0.534,940.752,2533.008,0.371,19300,0.3653,0.078,48.47,Aluminum,11.82,39.6,9474.96,0
29 mm,C,13.07,13.07,15.11,17.65,55.02,6.41,1123.99,1191.8,ogive,type1,3.7,11.18,aluminum,0.754,911.301,2025.793,0.45,2700,0.4055,0.267,61.97,Aluminum,18.75,20.7,9544.64,0
29 mm,A,7.6,7.6,11.39,15.22,32.09,3.47,1132.91,1065.35,cylindrical,type1,11.11,10.32,tungsten,0.424,845.628,1854.359,0.456,19300,0.3642,0.411,59.25,Aluminum,5.07,3.6,7309.45,1
40 mm,B,13.96,13.96,23.26,26.07,23.36,6.59,713.88,676.21,spherical,type1,8.85,7.86,tungsten,0.692,902.014,440.075,2.05,19300,0.2,0.516,28.63,Titanium,22.91,13.6,5926.93,0
29 mm,B,13.51,13.51,15.69,17.9,42.17,7.73,1291.69,1285.07,spherical,type2,7.34,5.81,tungsten,0.59,924.95,1414.406,0.654,19300,0.4989,0.247,84.94,Titanium,9.04,8.2,13089.09,1
40 mm,B,16.6,16.6,22.32,24.97,23.72,6.19,1536.88,1483.38,ogive,type1,11.75,4.66,tungsten,0.79,771.722,2692.489,0.287,19300,0.4553,0.501,93.03,Aluminum,28.28,42.3,26359.92,1
40 mm,C,10.42,10.42,12.8,16.46,43.7,5.98,1765.71,1760.88,spherical,type1,9.21,11.7,tungsten,0.743,280.303,1212.594,0.231,19300,0.2494,0.466,98.75,Steel,26.52,10.9,19953.48,0
40 mm,A,8.73,8.73,21.55,25.29,69.73,4.03,1681.45,1717.05,cylindrical,type2,12.37,10.35,steel,0.399,584.693,1266.816,0.462,7800,0.1117,0.561,39.84,Steel,20.58,22.8,30463.88,1
29 mm,A,19.27,19.27,6.13,8.33,70.66,6.89,795.69,727.03,spherical,type1,11.67,5.65,steel,0.305,654.395,1201.161,0.545,7800,0.3115,0.594,27.65,Titanium,27.28,33.5,1940.52,0
40 mm,A,13.42,13.42,10.96,13.78,22.04,1.62,1778.57,1793.22,ogive,type1,14.81,14.57,steel,0.765,796.036,1215.696,0.655,7800,0.4461,0.073,28.88,Steel,29.68,7.1,17334.95,0
29 mm,C,5.41,5.41,6.56,8.4,24.17,6.25,864.43,922.85,cylindrical,type2,12.54,12.53,tungsten,0.223,545.633,1333.325,0.409,19300,0.4288,0.291,84.34,Steel,24.37,19.7,2450.94,0
40 mm,B,17.31,17.31,5.63,7.98,60.19,3.53,745.23,765.24,ogive,type1,2.87,3.65,tungsten,0.675,561.584,2365.42,0.237,19300,0.459,0.475,70.54,Steel,20.67,29.4,1563.36,0
29 mm,C,7.95,7.95,23.38,25.04,50.0,4.96,1523.82,1520.04,spherical,type3,12.13,4.11,aluminum,0.533,996.009,1474.176,0.676,2700,0.4878,0.503,80.49,Titanium,16.23,39.7,27144.5,1
29 mm,B,16.79,16.79,19.34,21.93,28.96,7.25,1696.48,1663.07,spherical,type2,10.45,9.07,tungsten,0.253,506.985,1899.84,0.267,19300,0.3852,0.096,92.42,Titanium,25.34,29.4,27830.69,1
40 mm,A,15.58,15.58,17.5,20.23,68.33,5.24,1744.76,1786.3,cylindrical,type3,3.17,3.33,tungsten,0.682,217.009,1438.777,0.151,19300,0.165,0.384,38.1,Titanium,22.61,3.6,26636.64,1
40 mm,B,19.53,19.53,15.65,17.66,32.99,1.18,1607.47,1548.62,cylindrical,type3,9.87,14.54,steel,0.538,738.715,2646.735,0.279,7800,0.1146,0.544,49.13,Titanium,16.82,14.5,20219.49,1
40 mm,A,19.48,19.48,16.39,18.21,24.69,6.06,925.4,937.54,ogive,type3,11.76,10.29,tungsten,0.802,426.287,700.498,0.609,19300,0.1606,0.175,83.39,Aluminum,17.5,15.8,7017.91,0
29 mm,C,9.12,9.12,17.77,19.22,64.97,7.5,869.4,870.68,ogive,type2,4.56,2.86,steel,0.346,323.685,544.127,0.595,7800,0.1804,0.241,40.75,Steel,10.72,17.5,6715.78,0
40 mm,C,16.5,16.5,21.53,22.95,56.49,5.49,764.87,821.15,ogive,type2,7.65,7.77,aluminum,0.202,665.616,1341.633,0.496,2700,0.1246,0.267,60.48,Titanium,24.71,42.4,6297.81,0
40 mm,C,9.75,9.75,16.94,20.07,43.67,7.03,1340.17,1311.03,spherical,type3,9.05,4.89,tungsten,0.291,958.931,2928.005,0.328,19300,0.2814,0.267,55.48,Titanium,26.96,1.6,15212.59,0
40 mm,B,14.44,14.44,19.97,21.63,61.56,6.78,1235.94,1211.05,spherical,type1,7.37,8.38,aluminum,0.389,381.528,2159.43,0.177,2700,0.4136,0.359,67.62,Steel,5.41,13.6,15252.56,1
40 mm,A,13.97,13.97,10.62,11.97,74.68,7.03,820.21,758.12,ogive,type3,13.39,5.21,steel,0.657,435.044,1925.556,0.226,7800,0.1017,0.083,99.06,Titanium,7.8,22.2,3572.27,0
29 mm,A,5.82,5.82,24.54,28.54,22.05,3.41,1211.31,1233.17,cylindrical,type1,4.2,12.81,steel,0.454,518.941,1292.937,0.401,7800,0.4215,0.479,28.3,Aluminum,29.78,3.9,18003.43,0
29 mm,B,5.08,5.08,5.64,7.42,57.66,4.32,1324.06,1302.87,ogive,type1,12.03,11.37,steel,0.283,719.195,1026.426,0.701,7800,0.4701,0.118,58.77,Aluminum,9.45,21.8,4943.84,0
40 mm,B,5.87,5.87,12.73,16.42,33.09,6.94,1495.25,1452.15,cylindrical,type1,12.12,13.79,steel,0.887,456.354,2878.419,0.159,7800,0.1608,0.497,96.72,Aluminum,23.41,4.8,14230.69,0
40 mm,C,6.92,6.92,22.64,25.47,48.45,7.37,1155.62,1117.28,spherical,type1,7.82,4.57,tungsten,0.276,482.581,1395.375,0.346,19300,0.1085,0.059,47.83,Steel,17.02,37.7,15117.38,0
29 mm,C,8.86,8.86,8.61,11.76,45.44,2.03,1050.19,1077.05,cylindrical,type1,9.01,7.01,tungsten,0.449,730.815,2191.038,0.334,19300,0.2917,0.483,79.25,Aluminum,18.03,12.2,4747.98,0
29 mm,A,18.6,18.6,7.83,10.51,43.4,2.27,1432.25,1377.1,ogive,type3,4.0,12.47,aluminum,0.814,986.622,2469.227,0.4,2700,0.4474,0.245,94.34,Steel,7.71,23.5,8031.0,1
40 mm,A,12.78,12.78,12.31,13.85,31.42,3.43,1452.65,1401.94,cylindrical,type1,4.54,6.86,tungsten,0.657,384.854,2041.064,0.189,19300,0.3947,0.411,39.25,Aluminum,8.45,27.8,12988.23,1
40 mm,B,16.95,16.95,13.56,17.1,68.16,6.39,997.47,1042.29,spherical,type3,8.91,6.93,aluminum,0.424,626.795,851.296,0.736,2700,0.1139,0.149,26.51,Steel,19.45,13.8,6745.74,0
29 mm,B,17.57,17.57,23.67,27.15,42.77,7.12,721.81,713.5,spherical,type2,4.92,14.82,steel,0.879,814.964,1006.354,0.81,7800,0.3693,0.345,26.06,Aluminum,14.44,15.8,6166.15,0
40 mm,A,16.02,16.02,21.72,23.77,73.23,5.06,1740.26,1788.03,ogive,type3,12.48,12.02,aluminum,0.551,290.915,264.352,1.1,2700,0.4271,0.215,25.84,Steel,24.94,23.0,32889.56,1
40 mm,C,10.87,10.87,14.28,17.57,41.28,1.79,1530.82,1512.85,ogive,type2,10.01,13.19,steel,0.206,836.487,2914.26,0.287,7800,0.2084,0.052,48.04,Aluminum,29.3,36.2,16731.95,0
29 mm,C,17.96,17.96,24.46,27.09,70.38,3.13,921.21,921.15,ogive,type1,2.74,7.29,steel,0.204,419.438,2537.028,0.165,7800,0.3614,0.449,30.1,Aluminum,25.31,20.4,10378.72,0
29 mm,B,16.13,16.13,17.85,21.58,52.67,7.0,1322.23,1330.04,spherical,type1,6.65,9.62,steel,0.859,199.921,1331.232,0.15,7800,0.2976,0.122,52.4,Steel,15.15,22.1,15603.51,1
